# 3D point list with one line of data per point:
#   POINT3D_ID, X, Y, Z, R, G, B, ERROR, TRACK[] as (IMAGE_ID, POINT2D_IDX)
# Number of points: 1898, mean track length: 5.920969441517387
1174 -0.002512262187132312 0.21232183708275226 0.31551304127191077 252 255 253 0.30984825772053015 9 705 16 643 1 211
1173 -0.029864784680424906 0.09472256826770355 0.356631543033037 151 165 196 0.43254673765098645 8 1208 16 624 18 1242
1109 0.1574207690672097 0.2846315488675696 0.2511491172744239 221 115 111 0.4910762696330033 23 585 11 1247
1108 0.04756233159392321 0.307781281716075 0.2368582009768814 255 171 156 0.3665751780187145 23 384 11 1115 14 105
1104 -0.06802692091945853 0.2422058177189095 0.2779971508178787 134 142 126 0.17306999288861621 9 955 11 993 1 688
1103 -0.0782579847009889 0.18126708287483018 0.33555584468326904 155 166 165 0.41400170807588754 9 692 11 974 6 637
1102 0.04308591727395655 0.080175153692748 0.39255567612870107 49 75 111 0.27533706401546887 12 1532 11 967 10 1022
1101 0.02950580036537695 0.07772879966348897 0.3838344234445215 183 200 217 0.4497218392260239 9 115 11 959 21 64
1100 -0.02602914602946693 0.10254109147759283 0.3644259275758556 160 186 202 0.4417962492215013 4 661 11 958 10 1040 12 1485
1099 0.014907869620849184 0.08372726942068173 0.37397690901045944 181 204 226 0.06899713048407531 9 129 11 955 10 994
1098 -0.02435079377189658 0.10117073412653026 0.364294209682041 214 236 250 0.1949661705214818 9 194 11 950 10 244
1097 -0.03983436392940081 0.1032327997915456 0.3547450095947934 223 251 255 0.36762806644921353 4 1046 16 283 11 902
1096 0.08571142968556313 0.29654249402617855 0.24236770520078538 185 140 94 0.4006243866668589 9 457 11 610 5 851 21 257
1094 -0.0488284432703873 0.2502756597342707 0.27312270109165315 141 146 128 0.16265146263580138 23 743 11 385 6 338 7 953 13 837 14 1254 2 417
1093 -0.048815449831019646 0.2503216891606673 0.27312095181922574 141 146 128 0.17078110102043176 23 742 11 384 6 337 7 954 9 736 13 836 19 343 14 1255 2 416
1092 -0.10897963859564706 0.22377594590813818 0.29237608965883716 125 141 135 0.3615184662227291 22 91 11 331 21 426
1091 0.04747830746726442 0.07796035855773358 0.39152915009585476 132 182 221 0.6819206915294784 12 307 23 100 11 304 10 204
1090 -0.0008798487940499903 0.09107901721414027 0.3838799147182182 54 113 153 1.2750913501481709 12 205 11 286 10 251
1089 0.045463297657201494 0.07552010817616368 0.3877465142067587 212 238 255 0.42865389812392946 4 826 23 85 11 282
1088 0.015204496026530618 0.08819426933593957 0.37907955870043086 95 138 179 0.2098129867728804 12 1027 11 277 10 224
1087 -0.04099520057638 0.10916260790735138 0.3619806434301597 193 221 232 0.2908889670090844 23 43 11 251 10 1046
1086 0.009299703691835533 0.0849292894169106 0.3722024358266442 234 255 255 0.09809589055629157 12 990 11 240 10 161
1085 0.0024238640689451005 0.08816456350053432 0.36964478552909924 229 255 255 0.2817164912577599 8 419 9 139 12 976 11 235 10 179
1084 -0.03432036037663526 0.10318468485483993 0.3608369005962746 139 166 183 0.16514468966585505 23 21 11 227 10 1039
1083 -0.0046005181053562095 0.08970603755819316 0.36671420111673647 178 206 221 0.2111608203836236 12 1488 11 221 10 174
1082 -0.00732228616517631 0.09062374741382088 0.3662453266235912 160 189 215 0.1595930319325166 12 950 11 219 10 184
1081 -0.0232544404966496 0.09760614626851694 0.3609905657941239 144 175 214 0.6022255454502279 12 920 11 211 5 294
1080 -0.01099031404712349 0.09100449826282293 0.36441532157610024 229 255 255 0.11773491037355706 12 933 11 201 10 178
1079 -0.04106339831859686 0.10442955535326431 0.35622404906970445 148 180 202 0.11075451247626972 9 198 23 6 11 188
1078 0.001114049584018331 0.08493786033098719 0.36626790760648886 178 206 222 0.12173476297332976 8 436 11 185 10 150
1077 -0.04474326231891007 0.10556131311588855 0.3551929148432877 152 181 212 0.23348221302062308 12 1442 11 184 21 175
1076 -1.3495670614478867e-05 0.08238770451378707 0.3652124447079111 160 191 220 0.35610994677115326 4 1133 11 160 16 591 8 908
1073 0.11703912863228079 0.15167341442083487 0.352906253749636 114 114 114 1.6906742930809233 3 1670 4 1899 8 1746 20 1498 19 1787 1 1160 17 1927
1072 0.12223896520859384 0.2801861176958874 0.2520086127646343 223 220 244 0.06369830474457633 3 516 4 955
1071 0.12058122921467619 0.27626877296508073 0.25445379037500443 217 221 235 0.45689522545002154 8 95 4 952
1070 0.1331154150690695 0.27983068539556893 0.25138156738127015 255 250 247 0.7825615455950665 12 2055 8 1074 4 1608 9 982 23 1403 22 829 3 1297 11 1821 16 787 5 1308 1 604 20 1059 17 1105 6 750
1069 0.09114949400430536 0.15938588962497638 0.3452019405766311 250 255 251 0.7441140411986297 8 1751 4 1895 13 1856 14 2297 19 1802 2 1755
1068 0.15322722543936979 0.0453062162098704 0.41108950294372965 0 0 0 1.3649835999826248 3 1644 8 1726 9 1523 11 2136 23 1643 4 1882
1067 0.12668949135933422 0.30001646027389156 0.24057554304718087 45 40 35 1.5509253430605443 8 1704 22 1411 4 1880 21 1478
1066 -0.028721823797115374 0.3225963745421693 0.2431804551176685 136 141 111 0.565653659557567 3 1636 4 1870
1063 0.009868015047817848 0.29200080926843125 0.26811121654212505 93 90 87 1.8157420345221054 12 2336 4 1827 3 1591
1062 -0.017790420774413816 0.2860622317726579 0.2599369533802712 191 168 121 0.823432588938629 8 1648 4 1823 18 1543
1060 0.09761109625315433 0.28758571082112394 0.24753801474940137 199 40 40 0.3131820552877498 8 1523 4 1764 5 1576 1 770
1059 0.05241335150014059 0.06852551148702692 0.3848444792938174 158 186 219 1.2984278891955274 3 1523 4 1762 11 1880
1058 0.15252980258337176 0.05316273917791636 0.40629963222928195 158 154 155 1.460255761405379 8 1517 4 1731 17 1716
1057 0.09739865293334177 0.3043057017860201 0.23833364055817993 206 61 57 0.7696409673766066 9 1372 4 1720 20 1062
1056 0.06171802433009903 0.08671531004465666 0.3900164742386139 252 255 251 0.4359989936027642 9 1228 4 1715 21 1183
1055 0.029956762870746063 0.077057211538963 0.3828153626387318 176 195 226 1.4164656551701915 8 1537 12 2106 4 1709 11 1879 16 1198 10 1850
1054 0.07551365385533003 0.29295771382781594 0.24533661733367657 213 182 147 0.3379915535212099 8 1318 4 1663 21 899
1053 0.06538677626021412 0.06777639411041979 0.39230760244869395 9 108 183 0.306812843972218 8 1434 4 1660 12 1789
1052 0.03537731222804907 0.07662849601941135 0.38458894785922443 144 155 176 0.2156850663030435 8 1449 4 1656 10 1852
1051 0.002903078612899712 0.052943657212850985 0.3797795918121504 127 125 133 0.48007968445897964 8 1550 4 1640
1049 0.13448216127868884 0.2147852428787126 0.3118772336378617 250 255 253 0.7548944500729823 8 1418 4 1612 5 1290 1 736 20 1178 7 1515
1048 0.10823012266533383 0.1667140217632845 0.3414764302201576 249 255 253 0.7026320231438337 3 1069 4 1590 6 1023 1 733
1047 0.09539743622572527 0.20101298334686615 0.3204402696258175 126 121 119 0.8857978254315988 12 1850 4 1582
1046 0.0706666059999018 0.29503634750490126 0.24448874907192414 218 187 149 0.24511897044972655 8 1319 4 1558 21 907
1043 -0.02289362248752117 0.1047823130414493 0.37429835802117223 0 0 0 0.388965857749604 3 1337 9 668 4 1523
1042 -0.004833055457557318 0.07167487582623057 0.36793880100797494 103 122 145 0.5166184961505631 8 1467 4 1522 6 914 7 1681
1041 -0.011452324877801023 0.07410160932188964 0.3656176834468199 106 135 166 0.5265585294025523 9 634 4 1512 20 959 7 1591 8 1366
1040 -0.01700924356819238 0.06560443389607588 0.37027110541199526 135 144 184 0.41868250928361234 8 1476 4 1505 16 1103 20 1211 6 1126 13 1655
1039 -0.03387040685502764 0.29674286297229374 0.24702550335108847 201 197 179 0.78228075347718 8 1481 4 1498 16 1162 21 1231 1 826 20 1121
1038 -0.035487444347010406 0.30942478264624323 0.2411974849714449 112 126 105 0.9258798849806418 23 1474 4 1497 16 1040 5 1714 1 834 19 1012
1037 0.1783405564404901 0.22338736070659765 0.29381673248371926 100 101 107 0.27197127757126494 8 696 4 1479
1036 0.0879027305829781 0.3052487418997944 0.2377424718834775 138 92 62 0.1239128915418205 9 1040 4 1432 1 172
1033 0.07846081365041437 0.29640467882233806 0.24254938511354351 203 163 109 0.7257270069549568 22 676 4 1419 5 1161 18 81 11 1132
1032 0.027134035527778863 0.143760010490932 0.35553121944553767 252 255 251 1.4936760854574154 12 1799 4 1398 14 1929
1031 0.027134035527778863 0.143760010490932 0.35553121944553767 252 255 251 1.4936760854574154 12 1798 4 1397 14 1928
1030 0.04516245428359108 0.06372485131624539 0.377139079608122 249 255 255 1.1170435314629443 8 1338 9 626 4 1392 16 775 3 1192 5 1284
1029 0.049514616631089754 0.03461394501271395 0.3764571250941176 39 168 234 0.03149208675975138 4 1386 5 19
1027 -0.001884385395943113 0.08307052662566437 0.36474808061722824 157 184 233 0.4326465258766656 8 1183 9 118 4 1350 11 158 16 593
1026 -0.0054629457202455284 0.07447145576123786 0.36675541538119505 58 202 254 1.313089884217915 12 895 4 1347 11 131 15 1673
1025 -0.03207906301975392 0.32499232959452407 0.2414920091184729 103 102 86 1.2812354740127914 12 2007 4 1338 3 1224
1023 -0.02135440380773602 0.06982636241639169 0.36753166455419184 249 255 255 0.8536069350970406 9 906 4 1328 6 927 1 617 7 1602 13 1478 20 1118 17 1620 15 1741
1019 0.11021565178272785 0.2991244373611919 0.24066977490883998 167 80 64 0.22805172745924793 8 121 4 1254 16 180
1018 0.07574990231713138 0.29742479507710806 0.24225888141235216 135 79 33 0.24374251888919343 8 788 4 1227 21 269
1017 0.07569089148430357 0.2973928188794349 0.24224095882921892 135 79 33 0.3055790205066286 8 787 4 1226 21 268 23 407
1016 0.06731440532651803 0.3036603730058402 0.23846500457470363 114 63 43 0.9934955339063786 12 1859 4 1217 5 1177 1 199
1015 0.05290650285043527 0.19148876421070773 0.3279202090962149 122 116 119 0.4223557763896875 12 1577 4 1212
1014 0.04112101745670058 0.16479526157005456 0.34287205145999544 124 113 118 1.0252846058625766 12 1564 4 1208 14 1572 2 1105
1013 0.03352590877918652 0.08026526902330948 0.3862032492413566 246 255 255 0.4256746297548431 12 1056 4 1204 16 87
1012 0.02339993540275757 0.07295702281596825 0.37509386949571766 252 252 255 0.41835938959452373 8 855 12 977 4 1186
1011 0.01652388177032971 0.07797888562943693 0.37164114721393193 138 159 205 0.3775838432439924 12 1503 4 1174 11 199 16 127 5 124
1010 0.0026787534513013195 0.08408848493511031 0.36719891971501345 179 191 220 0.29006502453066185 8 428 4 1141 11 192 10 149
1009 -0.0015283936098230357 0.08594202672044587 0.3660120912224593 149 168 210 0.48769049987291013 9 130 4 1136 11 911 5 194 21 110 3 647
1008 -0.0007547605402545274 0.08412428900247493 0.365557045529899 242 255 255 0.228009197217668 8 447 4 1135 11 900
1007 -0.004606501139326667 0.08587696912239524 0.364430347853447 244 255 255 0.5590594445453664 8 918 4 1123 16 595 5 792 18 885
1006 -0.007520683816340373 0.08748057772325837 0.36371197092192475 249 255 254 0.4155511070561822 8 923 4 1116 16 600
1005 -0.008318479508942638 0.08905116174935432 0.3638598797374544 186 195 217 0.5270990171874327 8 471 12 1467 4 1114 16 214 5 230 10 158
1002 -0.008397130880185774 0.0643864962948963 0.37192590764746697 254 254 254 0.24670846240194436 8 935 4 1101 20 368 6 509 2 952
1001 -0.014300595227740433 0.09084472835511231 0.3626242067460287 186 195 218 0.3623008811927045 8 941 4 1100 10 998
1000 -0.022670090602317505 0.09839588830715017 0.36255447471139784 232 240 253 0.38408526497199896 8 956 4 1093 11 927 10 1030
999 -0.03507609709296356 0.2611981820144376 0.27481868683222316 203 206 189 0.664500873931419 3 138 4 1077 17 191 18 200
998 -0.026482356038395233 0.09479788275342727 0.35792952117892546 250 255 255 0.39339057322668286 8 978 4 1074 10 181
997 -0.03913550606198852 0.2550869645858193 0.2781797819447138 221 218 199 0.47762975591140455 8 561 4 1072 17 807 15 1034 18 776
996 -0.03901743794554827 0.255118940571956 0.2781548693549313 221 218 199 0.3494112417818694 8 560 4 1071 15 1035
995 -0.04902735597992543 0.24196175844491288 0.29099904362496537 224 192 48 0.8013804815861961 8 994 4 1061 19 372
994 -0.034605590816118345 0.09883980103779995 0.35532216037477493 249 255 255 0.56947809518095 8 587 4 1057 16 268 11 894 5 1142
992 0.13539539772677014 0.28061672753812417 0.2512610919911804 250 197 171 0.9444487018617209 3 1124 12 1387 4 979 11 1188
991 0.11825559340600914 0.2778614359594138 0.2527045793466028 88 93 129 0.3557216206920797 8 99 4 950 5 221
990 0.11543054608415312 0.3002253757405995 0.24118636704475052 109 44 26 0.5103012821249501 22 683 4 949 21 229
989 0.11124564057718926 0.28028087444773264 0.2518485322749206 229 233 245 0.17843329372294928 8 119 4 935 16 146
988 0.1072688925801462 0.29681626277446427 0.24191998470394188 255 240 230 0.489465290935979 12 1680 23 536 4 923 11 1207 5 298
987 0.10527925551617416 0.2947363663902642 0.24284965189226473 141 107 75 0.34241408558050573 23 516 4 914 11 664
984 0.05944540862781908 0.06507405971700707 0.3873024332724006 156 190 230 0.3636086295004863 3 191 8 256 4 842
983 0.04609252450811244 0.07666025201723388 0.3978823192283576 25 36 61 2.4260279845761925 4 840 10 1019 23 103
982 0.058352716766145195 0.06120586461647694 0.3833858559558019 147 176 213 0.3237251258621492 8 266 4 835 12 1033
981 0.046361920180242024 0.07687607782828543 0.39110613644308506 44 84 141 0.40858159604541017 3 187 4 834 11 294
980 0.029091255334007186 0.1436620146616834 0.3559209404105448 103 94 98 0.7513553925861418 8 322 4 812 14 926 2 424
979 0.040510697164284265 0.31260416658147894 0.23432837890304883 215 124 97 0.4591976949365247 8 288 4 806 5 894 3 809 20 224
977 0.047395584989953846 0.04524615057552282 0.3809841121017372 255 203 208 1.104750806126624 8 326 9 46 4 794 19 1118 6 460 7 1280 2 437 15 1605
976 0.022185167887836147 0.08602929393528591 0.38184744031487816 150 191 227 0.2471349286935083 3 111 4 785 11 281
974 0.00010195942239376579 0.21274147941708685 0.3152490917867325 106 101 98 0.8478303710038492 8 376 4 763 2 407
973 -0.0031091623721936253 0.09696712277006489 0.3766185426414987 37 83 129 0.3870607844004599 12 1014 23 73 4 746 11 963
972 0.016000180505721405 0.040512854050144945 0.3855849622812351 110 195 234 1.1224050216187045 8 885 4 742 16 529 20 733 5 730 6 731
971 0.0158575529704631 0.04081053900206293 0.38571034567796475 110 195 234 0.9725966128976523 8 886 4 741 16 530 6 732
970 -0.0013455972902286554 0.08947073891118748 0.36877092546878093 242 247 255 0.20210284683299273 9 149 4 728 11 940 10 187
968 0.004160571645432486 0.0583018328976892 0.3761218000088965 123 119 152 0.6239167640429035 8 905 4 718 16 804 9 67 21 558 1 384 20 952 17 1407 18 1344
967 -0.0023018470861530848 0.08496440365737017 0.36493182256406403 244 255 255 0.5630489607972964 8 453 4 708 16 194 21 107
966 -0.0004195678881206552 0.06258381434923095 0.374346380234932 125 124 166 0.7811937494883865 8 914 4 706 16 809 9 74 6 491 7 1300 14 1953 2 1175 15 1608
965 -0.000348450783676499 0.06281332702363575 0.374494468569248 125 124 166 0.42090596763845206 8 915 4 705 6 492 7 1299 15 1607
962 -0.019970390168832217 0.28106916645904245 0.2625329731731712 206 197 178 0.7971920549202309 8 473 4 677 18 103
961 -0.010428597545825586 0.07037359898034484 0.36773759749081913 252 251 255 0.4675366399918566 8 497 4 673 16 205 20 381 7 1074 15 1324 17 936 18 1250
960 -0.010385452692767711 0.30641138792083067 0.23506478776410303 116 134 112 2.6885496161545976 23 315 4 666
959 -0.012131080681238313 0.07069416408185915 0.36719474861797685 132 138 166 0.5744222018288677 8 513 4 663 20 389 6 165 7 1077 17 1214 18 1118
958 -0.014052018200340601 0.06632027558151787 0.36981373709610754 253 249 255 0.40864430333882223 8 520 4 650 16 597 1 414 20 767 6 520 7 1321 13 1167 14 1839 2 966 18 1338
956 -0.027093314611070292 0.09646091210360117 0.35825066271768535 189 197 216 0.3342668953894008 8 550 12 903 4 625 11 175 10 201
955 -0.03587990019394534 0.273910881857939 0.25849564036190725 209 209 182 0.34890287373678097 8 982 4 605 1 497
954 -0.03595586835414587 0.2741194902859903 0.25861010904804765 209 209 182 0.5371961803350016 8 981 4 604 1 496 3 1011
953 -0.036206241376742415 0.09868690091421344 0.35487373649841125 246 255 255 0.11259750369325783 9 180 4 602 11 151
951 0.12298056638674953 0.287463470446996 0.24720587817390127 151 130 124 0.27739783490435005 12 1369 4 487 11 667
950 0.08504459674440812 0.29892524611411764 0.24089352138966286 149 100 59 0.41142356362013127 12 1299 4 403 11 625
949 0.07759380371814242 0.30684411821089885 0.2367507831231412 228 174 142 0.56140167751336 23 493 4 381 5 367
948 0.07679229743558035 0.3002796169581428 0.24031700773147682 210 160 116 0.8298093732012021 12 1280 4 379 11 605
947 0.07550835785887369 0.29968525296109366 0.24057279489819416 216 170 125 0.2602879470924024 8 216 4 372 5 364
946 0.057310054975713016 0.059617050961002144 0.3800583694919623 106 125 165 0.2802287916452179 8 273 4 311 12 199
945 0.04938937738764831 0.04476978088915325 0.38122894358020915 217 124 140 0.8274038251868815 8 318 4 283 16 34 5 38 19 896 17 1251 15 1486
944 0.011078469203188581 0.08972027953483772 0.37790586232364404 99 122 158 0.15930437759165916 12 1021 4 238 11 274 10 227
943 0.009703887337925371 0.08230716886775823 0.37027607598040896 241 249 255 0.2751751183450759 8 402 4 210 11 919 21 91
941 -0.0001496543461930805 0.06423100366110458 0.37334386943757675 248 250 255 0.2704326969208311 8 455 4 162 16 160 5 142 6 496 19 548 7 1296 13 1162 2 945 15 1485
940 -0.011059176192109511 0.09099765858234253 0.3643360943528882 245 249 255 0.2639462703918068 12 932 4 146 11 200
938 -0.03290288183858267 0.0977787055317589 0.35604743416357326 246 255 255 0.5744241078778676 8 583 4 40 11 154 5 311
937 -0.03990695919047033 0.2781276180476458 0.2564551891741689 206 204 191 0.8793919122237737 8 586 4 16 5 963 20 456
936 0.08488877901945484 0.12254541541537112 0.3660908456422715 100 100 102 0.05196566013144305 9 1593 4 1904
933 -0.07570007857498581 0.18277780194084842 0.3346879522765192 81 78 91 1.1040062389120988 23 1175 23 685 8 1037 12 1042 11 1354 22 778 9 933 16 1008 16 679 21 914 21 1088 1 654 1 914 20 1147 6 632 19 1268 7 1679 13 1316 13 1550 14 1800 14 2031 2 1442
932 -0.018105623982378725 0.30064302343890015 0.24340452991962774 227 229 214 0.5564494585229501 3 1387 12 2139 8 1469 9 1276 23 1475 22 1234 4 1510 5 1599 22 1233 21 1307 1 814 20 1209
931 0.12707258059978957 0.28532591785526207 0.24818641380633333 255 252 246 0.5042879617862722 9 774 22 641 3 1113 12 2053 8 1083 23 1289 3 1294 4 1462 11 1827 16 538 5 1105 1 113 20 622 6 121 19 688 7 786 13 150 14 735 2 147 15 923 18 739
930 -0.04142958941026411 0.2837083897393186 0.25406009383208905 103 121 113 1.0667701048785463 9 1154 8 1374 9 980 23 1049 22 1019 3 1008 12 1151 16 1032 5 1546 5 1610 21 1224 16 1161 3 1370 1 824 20 1125 6 828 19 1023 7 1418 17 1101 15 1252 10 1901
929 0.1263307402305814 0.29257702447762357 0.24411485820694656 154 65 71 0.4743538882329898 9 446 12 1925 8 75 23 564 3 546 16 115
928 0.029906298026900834 0.23752245399579394 0.3069800328419572 94 98 93 1.8475946007005009 3 1686 8 1767 4 1911 5 1919
927 0.046497100269228805 0.13880816616198152 0.36307063915784044 108 108 102 1.283129257627512 8 1763 6 1377 13 1878 15 1910
925 0.04598606814586799 0.21108134479688054 0.32045647346634104 131 136 131 1.533817349198592 3 1665 9 1595 3 1679 5 1906 1 1186 20 1530 16 1460
924 0.04612880843859152 0.21113426335019073 0.3203741380756269 131 136 131 1.4909325147214911 3 1666 9 1594 3 1680 5 1905 1 1185 20 1529
923 -0.018683884887769054 0.06115728379237612 0.3750380389005585 166 161 165 1.1324221682442333 8 1743 21 1516
921 0.09932890997303921 0.07859778114475022 0.3943735620257121 254 255 251 1.2129496728180162 3 1640 8 1729 4 1878 16 1428 5 1869 1 1157 20 1501 19 1768
919 0.15329048778114182 0.04533644500454654 0.4108387974706182 113 111 103 1.5130326198825321 3 1643 8 1727 9 1522 11 2137 4 1881
918 -0.05694493704930496 0.07434654049060024 0.36982284580500485 29 201 251 1.969530784189822 8 1719 16 1447 5 1901 9 1545 21 1511
916 -0.06258617086256138 0.1572817010919075 0.3516046241883692 125 124 124 2.1095816826263047 12 2358 8 1716
915 0.012482879402189128 0.3074837021113949 0.253805500371623 53 53 48 2.3966070025909225 8 1712 16 1426 9 1536 5 1877 2 1699
912 -0.0445129960881905 0.2766370475718362 0.25754307329369786 210 206 200 2.3311052312086087 12 2365 8 1696 2 1673 22 1408 18 1601 17 1826
911 -0.021912570326588752 0.32305127217557716 0.23089050016557924 91 92 79 1.6408860583672475 23 1688 8 1694
910 -0.0207395517568267 0.2879479482354616 0.25168685504330607 140 88 65 1.3259120419431756 12 2389 19 1657 17 1737 18 1581
909 -0.015597258797937446 0.28793172232716524 0.24723165701554223 140 88 65 1.2589740455476035 12 2390 8 1691 4 1819
908 0.1229336759108034 0.14017332419269787 0.3565626988225139 118 118 118 1.8725628025977652 3 1624 8 1685 1 1112 19 1703 7 1878
907 0.0171363358784304 0.08542426150785068 0.37557521139959665 237 237 238 0.7401562755020898 9 1463 8 1673 4 1841
906 0.04813474766225646 0.3168443029914805 0.2341063819592833 81 50 37 1.7087170749429805 8 1670 21 1458 1 1059
905 0.05999060587680117 0.31622524543832586 0.23128709167481978 166 99 61 1.3713463464231543 9 1511 8 1667 5 1755 1 1054
904 0.10606211567634288 0.16488471364248308 0.3397820628013133 254 255 251 2.2918865001698867 3 1594 12 2292 8 1662
903 0.10474775590512186 0.16502544555812337 0.3407668873077907 254 255 251 0.41400986723434763 3 1593 8 1661
902 -0.030316712639626032 0.2728772231408428 0.25985478586242117 92 86 71 0.9806142344852645 3 1585 8 1654 19 1613
901 -0.010290623045812042 0.08502945272718518 0.363344375827868 252 255 254 0.10828093145250703 9 1462 4 1791
900 0.0005126776243203155 0.05545036723344442 0.3780475656024194 122 119 125 1.450392815416304 9 1397 8 1647 4 1749 16 1362 21 1397 5 1802 6 1277
899 0.018765361022952776 0.03866582115585357 0.3860687381896911 197 242 246 1.1120023474069636 9 1395 8 1646 16 1384 5 1825 21 1395
898 -0.0015418231956839086 0.20919558886195955 0.31799744044394923 252 255 251 0.7737777755931597 3 1560 8 1645 14 2170
897 0.007400123660807475 0.17597161856748872 0.3368543539220542 116 116 116 0.599942521959974 3 1525 8 1639 2 1570
896 0.04261803896237398 0.03207342375150405 0.39224136902576584 204 220 234 0.9470352051339929 9 1393 8 1637 4 1796 16 1332 6 1303 7 1885
895 0.04215851956383879 0.06848957969287794 0.37927335076647 174 195 223 1.4464188517888743 9 1400 8 1633 21 1336
894 0.07118352368564275 0.3035716512783527 0.23986660355736034 197 144 96 1.1891194494481703 3 1595 8 1630 21 1415
892 -0.02671850318854686 0.30473202932113913 0.24198297434133054 206 208 192 1.1330870633198304 9 1434 8 1606 4 1693 5 1770 21 1379 1 1005 23 1539 19 1366
891 0.11918797618168225 0.2943860182900761 0.24366383632244085 207 192 191 1.2428366491638647 22 1307 8 1590 11 2161 16 1203 5 1643 1 888 20 1180 6 918 19 1363 7 1502 13 1384 14 1720 2 1237 17 1462 15 1413 18 1373
890 0.1254554976624275 0.28871209994482433 0.24731552876746615 205 188 179 0.6210268029044936 22 1301 8 1589 16 1278
889 0.1527706061651671 0.052652930388959386 0.4065661133635007 135 127 124 1.5248919381323784 3 1534 8 1587 7 1745 2 1487 17 1715 15 1788
888 0.1598224211786538 0.049793733786557826 0.4112955278354591 116 114 104 1.3326648705907829 3 1535 8 1584 4 1776
887 0.1598224211786538 0.049793733786557826 0.4112955278354591 116 114 104 1.3326648705907829 3 1536 8 1583 4 1775
884 0.018974922738563733 0.07854137087416994 0.3742703705200262 251 254 252 0.5120179656279041 9 1112 12 2192 8 1540 4 1706 16 1088 21 1042
883 0.04873955358531076 0.037903591084864234 0.3879813083412553 159 117 164 1.1152540517702336 3 1183 9 1089 8 1535 4 1654
882 0.11275440084503437 0.29128970656072284 0.24524830081733598 172 161 155 0.24039104375505294 9 1272 8 1520 16 1092
878 -0.05522098520362279 0.2520837301906212 0.2723165158701895 220 213 203 0.17375976372108937 3 1350 8 1494
877 -0.01762857164931288 0.0996028803320646 0.3669337443532593 248 247 248 0.5470963282881385 12 2187 8 1468 4 1697 11 1878 10 1978
876 0.0032938420907131136 0.07879774965943664 0.3655979353939181 250 255 255 0.847125458079999 12 1754 8 1461 4 1641 11 1328
875 0.026686679413477632 0.14499850566672895 0.35462257780027895 252 255 249 1.3079702169124778 3 1468 8 1450 2 1569
874 0.091052615161202 0.2980651367629949 0.2412244256072286 114 62 41 0.12542566794197738 12 2160 8 1430 4 1577
872 -0.05728265800736783 0.2772416260403649 0.26154156204041556 60 85 57 1.285317463332032 12 1803 7 1428
871 -0.05036079496031104 0.2602952216775403 0.26698983724071634 89 102 90 0.5550842990369017 3 987 8 1380 20 990
869 -0.012791081461641597 0.057839119424480466 0.3763587379161224 111 106 116 0.8906245497004015 8 1367 16 1208 1 884
868 -0.016022106747727926 0.2980127878954847 0.24482320886794526 76 116 95 0.31406175520634527 9 1168 8 1363 5 1521 1 659 20 1108
867 0.005422136752108468 0.04988301967374253 0.3798213724905807 255 254 250 0.8536795008157839 9 617 8 1356 4 1355 16 956 5 1293 21 826 1 600 6 907 14 2137 2 1432 15 1693
866 0.009312818748665052 0.05038845323342857 0.37834843351139275 120 158 191 0.8380488483283032 9 897 8 1355 4 1529 16 1086 5 1462 21 1032 1 740 20 1199 14 2191 2 1520 17 1710
865 0.051975495348574006 0.046401238102352506 0.3808179789926418 255 214 224 0.6222476017365108 3 999 8 1334 4 1399 7 1580 19 1316 2 1128 17 1640
863 0.08929935684400155 0.2957627080508125 0.24283209800064698 195 155 113 0.3964880501900279 22 1037 8 1306 4 1664 16 979 5 1491 1 625 18 1022
862 0.11503646874023062 0.2808508396250569 0.25102441452931756 245 250 253 0.40956555392118194 9 986 8 1296 4 1593 16 803 13 719 14 1171 18 1051
861 0.12191123551382792 0.2896178338923632 0.24575030994729236 157 92 93 0.24393904770737146 22 1025 8 1289 4 1672 5 1114 1 413 6 146 2 152
857 -0.0342974714858788 0.27725321593002594 0.2568742359206388 219 216 204 0.5632014406343553 3 1012 8 1206 4 1059 1 663 19 1029 18 1014 10 1734
856 -0.017321729219937437 0.08902041571811244 0.36085235588856474 158 172 201 0.26641693542183914 9 647 8 1196 4 1341 16 607 11 887 19 480 10 986
855 0.04966921387385761 0.04102067355946655 0.3842958529191141 255 183 190 0.9152951825218745 9 610 8 1151 4 1394 17 1648 15 1749
854 0.054103163495089784 0.03964283585694892 0.38550082338851227 204 235 255 0.7855409331647643 9 607 8 1142 4 1401 21 7 20 683
853 0.04672794030086493 0.3100182802616363 0.23586972671552428 161 43 36 0.6252909593993567 22 912 8 1136 4 1551 5 1185 5 1356 1 465
852 0.04668850694984277 0.30962385605175174 0.2353762825735365 161 43 36 0.5318585147851491 22 1067 8 1135 5 1186 21 1092 6 593
851 0.06737774415630443 0.3015123638308919 0.23979540508222014 126 63 29 0.7093182205708738 9 1029 12 1858 8 1130 4 1412 5 1174 1 198 2 231
850 0.09654061767478037 0.14418369532740505 0.3542241362166016 255 255 246 0.46621658277141886 3 1056 8 1107 20 900
849 0.09549945394902509 0.20112875383162068 0.3196110511039699 109 106 107 0.1826295506297575 12 1849 8 1103
848 0.09526717500262397 0.20126809984274102 0.31999772290686296 109 106 107 0.3016361204781539 12 1597 8 1102
845 0.135844038627431 0.29151051701247754 0.24433780217772183 141 37 35 0.7640315200049166 3 1301 9 441 22 663 8 1070 4 1285 5 1099 20 613 6 490 19 130 7 123 13 686 14 1156 2 772 17 682
844 -0.05304242275714264 0.2496432318367893 0.2734987815777856 93 102 78 0.2921009708521039 9 962 8 1020 16 899 5 1396 1 675 6 827 2 1132
843 -0.04640653834689997 0.1034922511330738 0.35173535605416323 245 255 255 0.30428671733582136 9 920 8 1017 16 854 11 883
842 -0.04575037813994971 0.10572744153595129 0.35295675991126313 227 238 254 0.3940314589460289 9 663 8 1014 11 1335
841 -0.026513654403918695 0.09479359801562326 0.3579105905572977 246 255 255 0.4672389071372318 12 1446 8 977 4 1073 11 893 16 254 10 182
840 -0.02202744516374139 0.0929416941064623 0.3595489488292869 241 251 255 0.7891504844516168 12 1449 8 967 4 1085 5 833
839 -0.019262225983429207 0.09015444739463026 0.3600008433557564 161 181 216 0.7875341972372603 9 138 12 1448 8 963 4 1337 11 886 16 608 5 823 10 153
838 -0.031521614306483654 0.2620742974797947 0.2753181783841584 187 193 192 1.3482817529238929 3 156 12 1563 8 959
837 -0.012137520623255358 0.06945643221355306 0.3677446782969257 132 128 156 0.8491357275928828 9 93 8 949 4 662 16 596 20 759 6 517 7 1304 14 1828 2 592 15 1598 17 1395 18 1251
836 -0.01290100602059278 0.09274304871944841 0.36447563836437596 184 195 214 0.6159146563998767 12 1475 8 932 4 1113 11 917 16 224 10 1003
835 -0.012819412677609944 0.0926621532354812 0.36450208484157953 184 195 214 0.47105434762684567 12 1476 8 931 4 1112 10 1002
834 0.0030136604472905206 0.08125810973982105 0.3654326749856785 162 180 213 0.7113023742220539 9 113 8 903 4 1357 11 163 16 585
833 0.00522250008809371 0.07669934304722556 0.3666727362825104 232 255 255 0.25151935063858316 12 915 8 901 4 720 16 162 5 763 20 326 19 503 18 1117
832 0.0016230132032713537 0.08697122984233276 0.36824474826009657 185 195 221 0.2403634392154133 12 1494 8 898 4 1144 11 921 10 993
831 0.0068513505079688276 0.07593589437384317 0.3669339158342754 232 255 255 0.2185993167425871 12 921 8 897 4 1142 16 156 5 757
830 0.018439341220142784 0.04977184392199781 0.37870168582893293 42 106 160 0.7156264959696801 3 31 8 880 4 1157 2 1158
829 0.014753703542518258 0.07882690130153487 0.37006104292570935 140 168 201 0.29390182408000215 9 108 8 870 16 136
828 0.014753703542518258 0.07882690130153487 0.37006104292570935 140 168 201 0.29390182408000215 9 107 8 869 16 135
827 0.017218701265750525 0.07475233178024746 0.37060977250190696 164 174 193 0.22756378946701256 12 960 8 865 4 1169 11 171 16 550
826 0.017227576611638765 0.07481040235721328 0.37062439005091885 164 174 193 0.22345985029648605 12 961 8 864 16 551
825 0.016470489204358753 0.07802147033099703 0.3715253760492906 140 160 189 0.40975814390306453 12 1502 8 861 4 1173 11 198 16 126 5 125 18 905 10 138
824 0.019481518045205228 0.08153745714883744 0.37640095172797267 179 187 201 0.4767433439422272 12 1513 8 856 4 1188 9 645 11 249 10 991
823 0.021864065767662196 0.08451765234502692 0.3797446890635327 226 238 255 0.4900762521410158 12 1031 8 852 4 781
822 0.04819224240152104 0.04369093907368721 0.3820983178284923 255 223 230 0.6859840654467549 3 92 9 38 8 834 4 797 19 1126 6 454 7 1284 13 1151 2 436 17 1419 15 1611
821 0.04819224240152104 0.04369093907368721 0.3820983178284923 255 223 230 0.6859840654467549 3 93 9 39 8 833 4 798 6 453 19 1125 7 1283 13 1150 2 435 17 1418 15 1610
818 0.07764043294255697 0.30129733635410294 0.24004130504241494 122 70 20 0.6153270001924109 12 1644 8 786 4 1229 5 862 21 274
815 -0.04651133933430659 0.10135477694870447 0.3521548318448273 165 185 208 0.908449955990589 9 184 8 628 16 641 5 1152 20 812 19 839 7 1089 2 640 17 893
813 -0.03924171013973044 0.107165373728461 0.36092148424913967 171 177 190 0.344318111891138 12 1465 8 578 4 1069 11 947
812 -0.02856247504280062 0.09588071875246705 0.35734739879998156 246 254 255 0.6773714384919144 12 896 8 567 4 616 16 259 11 895 5 304
811 -0.025963770775359937 0.09327344218149285 0.35771726993850866 157 170 198 0.4286566840335313 12 18 8 555 16 248 5 292
810 -0.03760156346063953 0.25785953674957524 0.27700418325711385 219 220 206 0.6266730761272725 12 1141 8 548 4 622 18 767
809 -0.023298686758001903 0.09735871347435143 0.3610876987055113 136 153 180 0.4977068188096229 12 919 8 530 4 647 11 210
808 -0.03400945416283682 0.32149453935367095 0.24066619399312741 77 93 62 0.9068951421558155 3 216 8 528 4 632
807 -0.013484449895402517 0.06771993813760206 0.36883502711069216 127 120 142 0.3708529986081589 9 86 8 518 4 652 16 598 1 126 20 765 6 521 7 1316 13 1164 14 1959 2 961 15 1601 17 1396 18 1337
806 -0.016699262382826128 0.0938871507302261 0.36363934963869454 168 177 198 0.5183490467859384 12 1470 8 499 4 1098 11 213 16 230 10 1008
805 -0.016499647727929112 0.09384475233502343 0.36344711796999046 168 177 198 0.5234099577435 12 1469 8 498 4 1099
804 -0.024009294352586467 0.31428167327704437 0.24105926358473426 103 130 101 0.35618026399012087 12 1589 8 492 10 1590
803 -0.015128681257567278 0.09230224307214847 0.3638846789914917 237 245 254 0.33278914978915636 12 925 8 491 4 140 11 197 10 192
802 -0.010720999303488058 0.0898011909647558 0.36319553407954175 173 182 203 0.32011226851860697 12 922 8 479 4 685 11 183 16 217
801 -0.01249462721663927 0.09420727043645355 0.3655204328061118 230 245 254 0.29225571027840913 12 948 8 474 4 693 11 933 10 213
800 -0.01792488216139686 0.2847405445919817 0.26094433147513046 221 213 195 0.8967996384181903 12 1184 8 464 4 689 18 94
799 -0.007236039570587106 0.09084824111377622 0.36598082432393714 168 178 195 0.3979482671254936 12 949 8 457 4 704 11 220 10 185
798 -0.005742369122244469 0.09108294191491952 0.36662633919873716 231 241 255 0.3933614926135565 12 958 8 454 4 1131 11 931 10 194
797 -0.000330342106980158 0.08673618509589576 0.3671299937909085 233 244 255 0.2943194214948885 12 1487 8 437 4 721 11 915 10 154
796 0.004482359329799348 0.0797087440066698 0.36613840197857345 243 255 255 0.2973943809700565 12 927 8 432 4 722 16 167 5 165
795 -0.009516731172245723 0.2951114308863147 0.25556186585086954 134 144 130 0.7715289800054436 12 1205 8 431 4 715 17 712 15 984 18 675
794 0.003476719393578554 0.08261414347413659 0.36653286672116425 239 253 255 0.37209215377091004 12 940 8 429 4 727 11 905 16 176
793 0.0023833903638394937 0.08813909964945593 0.3696780300035565 239 250 254 0.2647528323704493 12 975 8 420 11 234 10 180
792 0.006974806249359516 0.08099842387200572 0.36757511125956155 239 252 255 0.32251659878838407 12 945 8 418 4 735 11 180 5 164
790 0.01405960691316012 0.07618924468293949 0.3695339064765406 160 174 203 0.3807417559910138 12 952 8 390 4 1158 11 169 16 134 18 904
789 0.01284159416379217 0.08342714273783411 0.37302451817275917 231 239 253 0.34633614244069166 12 995 8 377 4 757 11 238 21 92 10 157
788 0.022953046181400375 0.06666960342281458 0.37210866524377356 30 126 199 0.6524152371549286 3 674 8 370 11 873
787 0.01535380739534549 0.08864129007172245 0.3793068796028447 99 125 153 0.28964215026261264 9 158 8 366 21 100
786 0.02810695216158595 0.06545466305682912 0.374004109496109 203 222 242 0.3650973946549405 3 685 8 361 11 877 16 90
785 0.03206765902585932 0.07840529320711123 0.38520569818854816 241 249 255 0.41509808353095795 12 1045 8 331 4 805 11 271 10 176
784 0.040148188491347304 0.30884852876642827 0.23663688778209627 241 138 117 0.27938497918640365 9 496 8 294 5 891 21 309
783 0.05436010690094927 0.06922879730200572 0.3861658712033945 189 202 221 0.24279174354265096 8 269 4 836 12 1058
782 0.05947700865326262 0.06649470112651021 0.3894967888005471 138 179 221 0.5730142466382006 3 198 8 252 4 344
781 0.06618619748917293 0.29673699358460626 0.2440112172086884 138 103 81 0.5724429126615743 22 306 8 239 5 874 1 194
780 0.07148113994717711 0.30004049935065946 0.2408542282997298 146 91 47 0.7363535223394319 12 1627 8 226 4 861
779 0.07786162220422696 0.297911384253366 0.24206162286255764 124 70 26 0.546190840336419 23 415 8 206 5 859
778 0.08219189184249175 0.302143112939243 0.2392050702615984 149 92 47 0.3298232132729648 23 481 8 198 11 647
777 0.0870094353863612 0.29457572405500937 0.2436360163102577 218 167 124 0.9597015061271825 3 404 8 182 4 891 11 590 5 330
775 0.10221217712726094 0.28426204356128476 0.24946793517100788 254 158 128 0.190790869725202 22 267 8 152 5 291
774 0.10512221139277846 0.28476614914848447 0.2487324361273458 254 150 130 0.3361226995044675 22 268 8 144 4 912 5 285
773 0.10653735952344016 0.2978956945881883 0.2411585556733336 155 129 99 0.23397431041230185 9 465 8 137 4 453
772 0.1076442235233094 0.297756618906231 0.24103771690316428 152 132 112 0.17476424565149248 3 485 8 132 4 926
771 0.10755668049557979 0.29791199157498455 0.24124349750538168 152 132 112 0.26754272026338594 3 484 8 131 4 925 11 702
770 0.10840821954218427 0.29009515271735264 0.24541913011106423 255 232 193 0.1291201234984047 23 492 8 130 4 460 11 640
769 0.10937389004315957 0.299955621866775 0.24017669136589098 255 222 188 0.2046091937987878 12 1694 8 122 4 932
768 0.1134984210076272 0.2835402390166349 0.24925257658211414 117 107 138 0.10245788049315281 3 478 8 115 4 938
766 0.12492912867688222 0.27797389083528307 0.2527721485425632 144 141 152 0.1909443201514169 23 467 8 80 4 965
765 0.13214618644628104 0.27835303212540347 0.25214960238850825 171 81 76 0.4036202941928501 3 545 8 68 16 93
763 0.04566223510566692 0.1441704026435873 0.35043375657748077 95 100 105 1.695685244720849 23 1710 12 2430
759 0.11089363373036888 0.2926202395444857 0.24809314849868683 254 255 251 0.16781718129377554 12 2433 11 2238
758 -0.0716510648639436 0.24218232308737092 0.28546409109775306 239 231 214 0.7481034777596645 23 1722 12 2429
757 0.08338764998394374 0.22616573827472694 0.30415644081079507 252 255 251 1.8797813681481266 12 2425 19 1691 7 1906 17 1870
756 0.08338764998394374 0.22616573827472694 0.30415644081079507 252 255 251 1.879781368148127 12 2424 7 1907 19 1692 17 1871
755 0.09951329031865493 0.18900847852424513 0.32399511580598445 113 119 121 0.1368787129509551 23 1702 12 2423
754 0.09831121198682612 0.18753032649702703 0.32885026932935485 113 119 121 2.004041975771997 23 1701 12 2422 16 1457 14 2273
752 -0.011043818410270788 0.16392055025850835 0.3444204922872563 113 116 119 1.541793507293849 23 1709 12 2414
751 0.15640401658575356 0.2751194133674474 0.2587431576259661 50 40 38 1.4472417107462914 3 1629 12 2404 8 1702
749 0.13966851049635928 0.2810450728257731 0.25581404728631424 213 28 37 0.31334864743145047 3 1611 12 2398
748 0.09818362171131588 0.09151027561260158 0.3887365040084282 109 112 115 1.7946610334432982 12 2388 7 1855 15 1848
747 0.045364923430023046 0.03370491815764572 0.3947835573789871 165 191 238 1.8979892429764684 3 1632 12 2385 8 1739 9 1543 16 1438 17 1931
744 0.12194198128145645 0.1954910530299544 0.32513923907194303 252 255 251 1.3473719066933654 23 1628 12 2370
743 -0.031669785705773834 0.27353966961273485 0.2619391820319568 127 131 126 0.9407264083844632 3 1586 12 2368 8 1653
741 0.05741480407630586 0.0692781836027757 0.3883559314548184 223 233 246 0.4647347583261838 9 1402 12 2361 11 2079
738 0.1224879498676412 0.19402834979815273 0.3245378113729346 252 255 251 0.9810477746353048 3 1538 12 2295 1 969 20 1181
737 -0.06727642072032547 0.21613208759782473 0.3003638318494918 255 255 213 0.922002842167128 23 1526 12 2274 11 2141
736 0.041693674137854575 0.06659717430773981 0.37861189643673665 197 220 254 1.009918958524591 9 1311 12 2270 5 1561 21 1256 10 1967
735 0.13448645248082844 0.21442766314228504 0.31165049333090966 252 255 249 1.2494296567479442 3 1480 12 2239 4 1613 8 1417 5 1291 1 735 20 1179 7 1516 15 1458
734 -0.029937135927905298 0.3129484480098148 0.24041674152483128 142 161 149 0.14258864716021255 3 1470 12 2225 8 1472
733 -0.028257780465582288 0.3088611850418621 0.24079114090382206 48 97 68 0.9048135588288684 3 1383 12 2224 4 1502
732 -0.04291984611574681 0.25704733218267184 0.27463903890633334 189 163 125 0.7590243637748215 3 1449 12 2217
731 -0.04038249272586192 0.25707413766441584 0.27191151097154803 189 163 125 1.0716224715683338 3 1450 12 2216 19 1385
730 0.12840978949963475 0.28160669933413685 0.25022944805747754 254 255 251 0.5392534944243724 22 832 12 2167 8 1284 16 792 5 1104 20 621 19 706 11 1820 7 789 13 707 14 1164 2 146 15 931
725 -0.0528229019469841 0.2709212215473597 0.2606939461982602 208 208 195 0.4029968987978639 3 1441 12 2123 8 1490
724 -0.04504805761555813 0.25520228193771416 0.2701881737212345 230 232 222 0.5709372567714402 3 1446 12 2119 8 1563
723 0.020210301390267905 0.0842452949181634 0.3783148177106021 250 255 254 0.7762738095439805 9 1113 12 2105 8 1538 4 1707 11 1760 11 1881 16 1089 10 1854
721 0.018697290528864898 0.0758754847532227 0.37269339998440554 250 255 254 0.5862310851029743 3 1352 12 2096 21 831 10 1397
720 0.1311539251848226 0.29311917248634733 0.24609654075815965 157 78 81 0.6126450343098355 3 1126 12 2066 8 725
719 0.1313604522901658 0.2824013942015894 0.24990415144372366 149 103 107 0.5038718798830837 3 1122 12 2058 8 1077 22 631 4 1474 18 758 11 1674
718 0.11613548895474965 0.29156553033066346 0.24460786519655428 152 112 113 0.4004659154950796 3 1107 12 2048 5 820 20 69
717 0.07732609698678668 0.2962341742758981 0.24288615586735765 232 200 161 0.7330270376784288 23 1078 12 2023 11 1424
716 -0.0183614576327694 0.30438067204354746 0.2434059013685764 76 107 91 0.3723293553817897 3 1220 12 2004 8 1189
715 -0.014804104718237267 0.2875891007619655 0.26185237697357927 209 209 203 0.9668433859911439 3 1222 12 2003 16 675
714 -0.036004900021964374 0.31537174393343825 0.23912967800728932 46 58 50 0.562112741482847 3 1382 12 2001 8 1371
711 0.008283455963848942 0.078113292329032 0.36743576422118 151 187 237 0.3524262151450473 9 915 12 1963 8 1353 4 1531 16 961 5 1300
709 0.12935829422333334 0.28009561289269824 0.25125100476145257 173 83 80 0.3635130362018579 3 1116 12 1917 11 1447 18 209
708 0.12881686711694246 0.2786449644281091 0.2525437303396953 255 253 213 0.6891984351065249 3 1111 9 394 12 1915 8 1080 4 1467
707 0.11066700104067573 0.2864532581249076 0.24739833919015614 255 255 205 0.7629874819352006 23 1107 12 1899 11 1441 20 641 1 428 7 190 15 50 18 722
706 0.08505178983166484 0.30272632419168555 0.23888071732296068 153 99 63 0.3445455125135748 23 497 12 1876 8 775 21 265
705 0.08533348760818545 0.3026613348995035 0.23834334238080052 153 99 63 0.13675339271073292 23 496 12 1875
704 -0.012072811601982892 0.292741450735627 0.25998202990753966 203 212 205 0.7653580557022189 3 1046 12 1835 8 902 4 1354 18 1020
703 -0.03257413217764 0.3115811360870475 0.2399610016496013 39 80 56 0.9441838788385072 3 1031 12 1828 8 970 4 615 5 1420 23 1230 20 787
702 -0.04708660581850951 0.2665214364298503 0.2631536666558933 113 134 122 0.5553268598121818 23 1208 12 1800 11 1383 2 1115 14 1553
701 -0.056385485085963964 0.2330732165523255 0.28871467097268705 231 202 116 0.41545021186315806 3 972 12 1794 8 1230
700 0.04220471296171547 0.07675043361994091 0.3871316479765617 235 244 255 0.35675669352469347 9 116 4 1405 11 962 12 1782 21 50 10 999
699 0.003794992380859059 0.09561470155604672 0.3797292031075395 95 132 165 0.39392805160173644 3 990 9 187 12 1780
698 0.005050801307600655 0.08817048214814675 0.37148905973775526 184 200 238 0.32484209349317744 9 143 12 1773 8 891 4 1156 11 953 21 108 10 1001
697 0.0007240970672379342 0.08973764797115025 0.3699962219041419 193 206 243 0.2097518279239589 9 650 12 1772 4 1367 10 1004
695 0.010995974256686664 0.07875864944742206 0.3688802594498234 242 252 252 0.5804802854571293 9 642 12 1762 8 1172 11 1337 5 753
694 0.020635406012217642 0.06998571342842053 0.37168599806886804 31 135 229 0.4310701175811118 3 1170 23 977 12 1760 8 1350 16 955 21 827
693 0.12891495598841 0.2848996439282834 0.2481338120827257 137 102 104 0.7467613202497378 23 908 12 1701 4 1470 11 1462 18 744
692 0.11433420896015409 0.2943256777339592 0.24323618486904716 254 255 248 0.19900282163394342 23 915 12 1693 11 1210 16 159
691 0.1126129204324852 0.2793878591765851 0.2529621668105314 237 249 254 0.7518835236548297 3 471 12 1660 4 937 8 116 11 1125
688 -0.012575234141969769 0.29183739608735954 0.2584029978953037 124 137 128 0.2584102769315019 3 777 12 1587 8 443
687 0.007922910959138729 0.09286050385668955 0.379514487888941 50 97 148 0.303845294952083 3 696 23 76 12 1521 4 766 11 964
686 0.004874800499775775 0.08677843600473635 0.3701359483342218 242 255 255 0.23219248940756868 9 136 12 1506 11 941 10 171
685 0.006990474304165404 0.08470660893531402 0.370324977629088 191 202 243 0.35378202422664357 9 128 12 1505 8 890 4 1153 11 929 10 989
684 0.006990474304165404 0.08470660893531402 0.370324977629088 191 202 243 0.35378202422664357 9 127 12 1504 8 889 4 1152 11 928 10 988
683 -0.0014246801244774767 0.08935963924938883 0.36881426536685635 238 254 255 0.20858346241864173 9 150 12 1500 11 939 21 115 10 186
682 0.012586948936879663 0.07974137632590769 0.37018107485053087 171 183 221 0.31492190698267025 9 111 12 1498 8 878 4 1159 11 195 16 140 21 80
681 0.012589703642655723 0.07975986465680988 0.3701648727352104 171 183 221 0.30287705185033886 9 110 12 1497 8 877 4 1160 11 196 16 139 5 139 21 81
680 0.015256097026257033 0.07707151295844768 0.37061068490198823 240 255 255 0.37968375733368914 3 671 12 1492 8 866 4 1165 11 906 16 130 21 74
679 0.009170355339013635 0.08096878832186506 0.3689634406426122 197 211 242 0.49316632034249097 9 114 12 1491 4 1150 5 159
678 -0.00955489699826303 0.09305849629308512 0.3664009964823576 244 255 255 0.4356065223395974 9 656 12 1490 8 467 4 1124 11 935 21 592 3 956 10 1010
677 -0.009529546779543374 0.09313887018457666 0.36626269802331946 244 255 255 0.41741273608756946 9 655 12 1489 8 468 4 1125 11 934 10 1011
676 -0.009153068361063358 0.09129768054539941 0.36545104352598734 188 201 233 0.2205882388588697 9 154 12 1482 11 918
675 -0.016475413623666658 0.09523739516576758 0.3649841069924454 238 255 255 0.4824889028932864 9 173 12 1481 8 490 4 684 11 930 21 595 10 1018
674 -0.020659395374658336 0.09840776796142876 0.36407213898954893 190 204 238 0.7547037623565499 9 185 12 1480 8 950 4 1096 11 938
673 -0.022665533858140595 0.09836847633475362 0.36255007946258744 239 255 255 0.37011190456592485 9 182 12 1472 8 955 4 1092 11 926 10 1029
672 -0.02270454816701279 0.09567412023526468 0.36087692872444843 247 255 255 0.22086154463631777 9 171 12 1458 11 913 10 1006
671 -0.04593577193842538 0.10903409483724295 0.35847510174278036 198 222 240 0.27768983368676065 23 645 12 1457 9 205 11 1569
670 -0.019941129391742824 0.09279929912473638 0.3610638851948679 195 206 236 0.15552250438380602 9 156 12 1455 4 1340
669 -0.019892126588556144 0.09305762556115478 0.36065531901945025 195 206 236 0.690680572324957 9 157 12 1454 8 961 4 1339 11 903 16 237 10 172
668 -0.01810451415426679 0.09117672886151473 0.3610527401276868 244 255 255 0.6457770379293838 9 145 12 1453 8 519 4 654 11 897 16 231 5 271 10 159
667 -0.02787595187700283 0.0981923414255897 0.35849441385102643 237 255 255 0.379015812320629 9 181 12 1452 8 552 4 1076 11 907 16 258 5 305 10 1012
666 0.13535320781160964 0.28067306018091787 0.2513866159287141 255 241 211 1.1817823654918207 3 1125 12 1388 4 980
665 0.12394297317099262 0.2760417654054321 0.2537204576789011 111 117 147 0.2650398278456647 3 513 12 1348 8 86
664 0.0809761713389146 0.30184794805616133 0.2394418573539155 148 104 72 0.16556910249342288 23 469 12 1296 11 1175 5 351
663 0.07783181752331302 0.2986785291771702 0.24105609551149823 225 198 161 0.22563469004850303 3 379 12 1279 8 207 4 874
662 0.06987715169502534 0.3049658826492991 0.23784335416982733 225 188 157 0.14921557151537398 3 359 12 1276 8 230
661 0.07744791662056623 0.294936557494898 0.2438100250153243 151 108 71 0.2909934730036394 3 373 12 1275 5 346
659 -0.03398997357357807 0.26251196216843997 0.27402570138811017 214 217 207 0.7158282045246293 3 146 12 1149 8 536 4 633 18 751 17 796
658 -0.03769383103481737 0.2581152035461043 0.27890472559280893 128 140 132 0.5166564840733723 3 133 12 1143 4 1075 18 775
655 -0.04896004454603274 0.2503585484528851 0.2732182111566887 131 129 114 0.25075934038329317 3 682 12 1107 8 1011 20 810
654 0.048948867764912994 0.07684334158358684 0.3921361920974706 135 171 208 0.33322192940404083 3 195 12 1076 4 837 11 301
653 -0.0653333725676458 0.2135922545777915 0.30122388253075805 124 114 76 0.38984599074862775 23 165 12 1063 11 340
652 0.03513072763225801 0.07936860126865757 0.38686473737457056 243 255 255 0.5165352204089386 9 125 8 321 4 813 12 1057 11 287 21 60 3 1013
651 -0.06953470144332405 0.21246217435502474 0.3000323069275771 109 103 83 1.031607596979727 23 158 12 1053 8 1042
649 0.014879532802995196 0.0906979150496818 0.38054156890999813 49 110 165 0.3823492870021741 23 82 12 1039 11 288
648 0.03200534011240427 0.0772029005055617 0.38371211719412246 154 167 196 0.5312693533318532 23 68 12 1037 11 262
647 0.007786545225561514 0.09195142322546004 0.37792681458339833 140 183 217 0.38293894886416135 23 74 12 1025 11 278 4 229 10 238
646 0.058901794729221454 0.059058350014726806 0.37857750976947996 182 211 255 0.8552388959993297 3 154 12 1012 11 177 23 46
645 0.009390094585883732 0.08503704896083858 0.3720885440011265 243 255 255 0.2830418991163001 9 131 12 989 8 392 4 752 11 239 10 160
644 0.03382473614854928 0.06323954879754229 0.374895699027066 232 250 255 0.4755857419251327 9 77 12 968 16 74 5 77 21 37 10 107 4 777
643 -0.0132547120690914 0.0957378586562465 0.3661442617756102 137 163 209 0.6015063920558366 9 179 12 963 8 927 4 1120 11 242 5 262 21 133 10 1025
642 -0.013262733853679836 0.09579232171381802 0.36606714337332247 137 163 209 0.6440061536297604 9 178 12 962 4 1119 8 926 11 241 16 226 5 263 21 132 10 1024
641 -0.03606400941810308 0.10730477009408709 0.3666144438283097 137 179 213 0.45353284782185216 23 53 12 957 10 264
640 -0.003720352173207887 0.08847437111330302 0.36572691462128665 234 255 255 0.24972367386590663 9 137 12 944 8 449
639 -0.014454314084598307 0.09476058793503209 0.36510374968358056 236 255 255 0.37023682348093184 9 172 12 943 8 482 4 690 11 932 10 217
638 -0.028731527056197123 0.10261979252671796 0.36318763866887616 192 209 225 0.21832574214394454 23 39 12 938 11 243
637 -0.0196088752830531 0.0943015624650592 0.36193492157405077 245 255 255 0.1387941498743071 9 165 12 913 4 659 11 189
636 -0.027634025461262757 0.09940745179321799 0.35980945688115507 126 156 194 0.37920664265842635 9 186 12 911 8 542 4 635 11 202 10 1028
635 -0.04287363784758648 0.10744843713353706 0.3574296485762309 159 178 198 0.34242473526130496 23 17 12 908 11 924
634 0.1353255182689164 0.2905865391911697 0.24674395613758604 255 235 211 0.99323260746787 3 575 12 834 8 60
633 0.060247739376994805 0.06818372244807927 0.39073751520330746 177 210 255 0.31790401964981635 3 206 4 1211 12 284
632 -0.06490018605264498 0.2117004471324655 0.30206808205056024 153 155 144 0.42935047451942226 23 704 12 258 8 644 11 977
629 0.04608949438638746 0.06704751012994467 0.37896910423361646 218 230 255 0.7429150428191601 9 908 12 1777 11 1339 21 546 10 973
628 0.013202105285153766 0.07806574904160966 0.36976214008199493 245 255 255 0.36932685985151575 9 106 3 666 12 964 23 646 8 393 4 750 11 182 21 76 10 135
627 0.02426725515164252 0.17834858261748765 0.3359790486052453 254 255 250 1.3429029470155427 23 1731 16 1470 5 1916 9 1603 19 1811
624 0.14975044107245225 0.21974087119802813 0.3105717651235725 144 147 146 1.0245648213948162 22 1443 4 1903 8 1758 16 1451 19 1780
621 0.04565034614521529 0.15342072591975206 0.35020278992634196 139 142 145 1.916791139259088 9 1552 16 1431 21 1510 1 1176 20 1505 16 1440 19 1764 19 1789 22 1420 7 1947 17 1908 18 1651
620 0.017211247100282052 0.1321199018621869 0.364064393518767 123 129 129 2.0962290369554526 9 1561 3 1635 16 1442 5 1896 21 1521 20 1517 6 1358 19 1805 17 1930 18 1659
619 -0.006659826255808823 0.1411242087467847 0.3612992499148572 123 124 120 0.8668911872825297 23 1681 3 1634 4 1885
618 0.12062575974801448 0.19813563821343874 0.32204419204393214 254 255 251 1.864734255424409 22 1389 3 1626 4 1867 5 1826 20 1442 6 1274 7 1845
617 0.0291307665006763 0.20704918733529096 0.31977257978751406 127 130 131 2.200739877124635 23 1653 12 2391 8 1711 16 1419 3 1620 5 1858 4 1846 21 1477 1 1121 9 1498 20 1447 6 1311 19 1743 7 1879 2 1672 2 1701 18 1607
616 0.05770689955612996 0.10678310331517962 0.37830565098096397 136 136 138 1.938461274293313 9 1524 3 1604 20 1484 19 1748 18 1642
615 -0.01793061359504373 0.3078865341482093 0.24466085647556252 122 149 122 1.1186750419909963 9 1508 3 1603 4 1822
613 0.0539811918722307 0.058593489188662945 0.38037012132281695 250 255 254 0.7879264059731019 9 1398 3 1584 8 1631 12 2325
612 -0.047548029136188434 0.2439381339754765 0.28398405738626137 254 255 95 1.6699636343031807 3 1582 12 2363 8 1678 19 1616 7 1880 13 1744 17 1831 18 1584
611 0.13325524928218746 0.2894722456395826 0.24662855080883064 253 252 248 1.2213778511599505 9 1432 3 1571 8 1623 4 1807 16 1274 5 1639 1 973 20 1176 6 1026 19 1469 7 1634 13 1516 14 1871 2 1472 17 1573 15 1546 18 1452
610 0.12398927137387342 0.29571605184826744 0.24379977146395787 236 72 74 1.0820491658534463 23 1604 3 1569 4 1806 11 2163 12 2377
609 0.044343619417557004 0.06180520475159384 0.37746815574458226 250 255 254 0.7913065676166643 9 1307 3 1554 8 1599 4 1759 21 1333
608 0.10857305315092627 0.3013020762660742 0.24061544810518726 255 252 194 1.5688911650727562 9 1279 23 1555 3 1543 12 2302 8 1591 4 1667 23 1493 11 2051 16 819 5 1486 21 1193 1 768 20 893 19 670
606 -0.022216479302244477 0.29342857114474885 0.24846971068036547 116 138 115 1.0841325644488495 22 1306 3 1530 4 1695 20 1212 5 1597 6 969 19 1369
605 -0.027066001257450487 0.30481207849797454 0.24186204968842204 233 237 213 0.7093328749976948 9 1435 3 1529 8 1605 4 1692 12 2288
604 -0.031231114469669072 0.26773796270017963 0.2638886183473597 138 147 127 0.6588744057670906 23 1460 3 1519 12 2281 11 2018
603 0.11443797869086514 0.2803653883674832 0.25182106570933804 251 254 253 0.382099121244885 23 1481 3 1482 12 2245 19 1191 17 1470 15 1417
602 0.07641791827479982 0.3124193190008633 0.23457221720971058 183 113 71 0.7053317272333743 22 1242 3 1478 5 1496 1 636 6 240 7 222 13 140 14 47 18 30 16 625
601 -0.02654488737096392 0.2874724299200287 0.24970811758314118 249 241 217 1.8856268178111406 9 1267 3 1466 12 2221 23 1537 8 1477 4 1632 1 925 6 1056 7 1530 13 1404 14 1890 2 1383 17 1464 19 1371 15 1565
598 0.02345160758699092 0.06893306024825582 0.373586553888851 249 255 254 0.6530549712966198 9 1107 3 1440 12 2093 8 1455 11 1755
597 0.13077994885300437 0.2809955917874408 0.25068593138441714 203 102 99 0.744230941556886 23 1401 3 1413 12 2250 4 1678 11 1824 16 951 5 1095 1 396 20 882 6 489 19 704 7 1159 13 709 17 1098 15 933
595 -0.01582951528971674 0.30893643032452833 0.2445414897886202 93 121 96 0.5966286285520688 9 1182 3 1392 12 2227 8 1360 4 1637
594 -0.02944018548901764 0.31790546368595163 0.24054953998313036 88 121 89 0.9848313385708543 9 1289 3 1385 12 2143 8 1471
593 -0.023373111439249007 0.2841358422764716 0.25331072166816065 215 175 150 0.24194523068180152 23 1218 3 1379 11 1786
592 -0.02837054054587335 0.2932793083607843 0.24808254434722898 255 245 215 0.9066604581496349 23 1371 3 1377 12 2135 8 1474 11 1787 5 1601 1 819 20 1119 19 1018 7 1232 14 1546 2 1096 17 1084
591 -0.03522690423748972 0.2759864759969653 0.25753624143132187 248 235 214 0.24152591189548125 9 1265 3 1372 21 1300 1 927 20 1226 6 972 19 1214
589 0.01727896625906433 0.08897792357723586 0.38313574641822634 122 164 200 0.39582337589634314 23 1171 3 1368 12 2111 4 1649
588 -0.05983614336430309 0.2680182517885704 0.2638225459317475 105 125 90 1.1576116604720679 23 1454 3 1351 16 1247 5 1778 21 1375
587 -0.06359256010245426 0.26229716013118537 0.2662846244463828 101 120 76 0.5923364423972304 23 1450 3 1343 12 1988 16 1169 19 1219 7 1547
586 0.13302885321845234 0.2797879253335748 0.2515319726325309 255 255 247 0.6859331076274978 9 983 3 1296 12 2056 8 1073 4 1609 11 1822 16 788 19 707 17 1106 18 1059
583 0.08993739379762297 0.30034597926308837 0.24006629842944538 145 87 58 0.4658361788905961 22 1043 3 1275 16 981 7 815
581 -0.02125969417504031 0.3052918521583795 0.24188788670349806 101 129 106 0.5320875333514279 23 1375 3 1216 12 2140 8 1365 4 1507 11 1928 16 887 21 1134
579 0.02420677458456963 0.08546174606299665 0.38172463090882 81 139 206 0.6408281754288052 23 998 3 1188 12 1974 9 917 8 1344 9 1114 11 1570 21 836 10 1660
577 -0.05462615230970919 0.2558895404013284 0.26980702695311537 147 145 116 0.5546817205522939 22 998 3 1173 16 1029 21 1113 20 1136 9 1147 6 667 9 966 19 1043 7 1433 14 1558 2 885 17 1142 10 1715
576 0.0206560904549843 0.07010365036843941 0.37159973140682656 81 161 235 0.38313724878649374 23 976 3 1171 12 1759 8 1349 9 632 11 1330
574 -0.06380960761303878 0.2539963190607 0.27152133206043816 136 137 108 0.8077848410998453 9 1145 3 1160 8 1399 16 1167
573 0.12708424718693695 0.2853489243367596 0.24809935841698844 255 255 246 0.637573253264913 9 775 3 1114 12 2054 4 1463 11 1826 16 539 19 687 7 785 13 149 14 736 17 700 15 924 18 738
572 0.11599290777960362 0.2917103990566851 0.244785044182349 134 90 95 0.8097194464006254 23 1292 3 1108 12 2049 5 821
257 0.07182971233733582 0.3132835487925664 0.23432809125504384 186 116 82 1.1231040405286299 9 1438 23 1632 22 1350 3 1565 8 1594 4 1801 5 1662 1 987 20 1188 13 1020 2 1240
256 0.12516100798040408 0.28866501809041983 0.2458004014428483 242 244 247 0.4787899085056156 9 1431 23 1603 22 1300 16 1279 19 1470 6 1124 7 1635 13 1517 14 1987 2 1474 18 1450
254 0.12385812696465369 0.2828017441024042 0.24977435440620324 239 74 87 0.7095298424975025 9 1428 23 1599 22 1294 3 1566 12 2374 8 1627 4 1804 11 2105 16 1276 5 1741 1 975 20 1272 6 1122 19 1472 7 1636 2 1358 17 1577 15 1548 18 1453
252 -0.09999745091591879 0.22765236391044116 0.2943875854042285 89 110 107 1.40109441840361 22 1270 9 1416 1 1071
251 0.15974496698369128 0.20181336750545417 0.31724450894596107 151 165 171 0.8142611025414369 23 1591 3 1568 9 1413
2608 -0.21458354561973836 0.9180949374108996 1.9178506301669045 0 0 0 2.2903023740664183 5 1846 21 1489
250 0.1220450369201025 0.19496212015874154 0.32265551172898443 250 255 254 0.8859159026828969 9 1412 23 1536
249 0.1220450369201025 0.19496212015874154 0.32265551172898443 250 255 254 0.8859159026828969 9 1411 23 1535
248 0.028977390965801982 0.08186391874841156 0.38333746752414877 245 255 254 1.2009841703457143 9 1404 3 1583 8 1638 23 1618 4 1797 16 1338 12 2328 11 2080 5 1635 21 1400 10 2069
247 0.05726207668227455 0.06910538924182802 0.3889755932136822 228 253 254 0.9722954249837851 9 1401 23 1570 3 1587 8 1669 4 1833 12 2360 11 2078 16 1260 10 2066
242 -0.021727670885046443 0.296626760064004 0.2456150131145038 232 255 252 1.2943085524430433 9 1367 23 1473 3 1469 8 1554 4 1694 5 1696 21 1305 16 1224 1 997 2 1379
241 -0.033831119479011865 0.29032772006891894 0.2499253287912456 254 255 248 0.7069754920705661 9 1365 23 1470 20 1223 6 1068 2 1389
240 -0.041780846636161224 0.2877552719474968 0.2518153038906659 247 245 232 0.5065477174374589 9 1364 23 1468 22 1302 3 1456 8 1562 16 1239 5 1707 1 1011 20 1231 6 1076 2 1395
238 -0.03741957395457249 0.2798715628098219 0.255576946765834 91 138 126 1.228761778645116 9 1360 23 1464 22 1293 3 1458 12 2131 8 1560 11 1914 5 1767 21 1368 1 1004 20 1307 19 1482 7 1654 2 1393 18 1362
237 -0.03741957395457249 0.2798715628098219 0.255576946765834 91 138 126 1.228761778645116 9 1359 23 1463 22 1292 3 1457 12 2132 8 1559 11 1915 5 1766 21 1367 1 1003 20 1306 19 1483 7 1653 2 1392 18 1361
236 -0.027745611810003633 0.2788876079222844 0.2556832965969669 252 255 245 0.7099195517219475 9 1358 23 1466 3 1464 12 2134 11 1918 5 1685 20 1217 6 1054 19 1374 7 1652 13 1411 14 1896 2 1387 18 1365
235 -0.02787465354307483 0.27908183644620743 0.2556471343887247 252 255 245 0.767956933741584 9 1357 23 1467 22 1291 3 1463 8 1556 11 1919 4 1689 5 1684 21 1363 1 995 20 1216 6 1053 19 1373 7 1651 13 1410 14 1895 2 1386 17 1471 18 1366
233 -0.035485592497446296 0.2686328229296092 0.2621240277074924 251 255 245 0.4729146207738587 9 1349 23 1458 22 1280 5 1680 21 1289 1 919 20 1229 6 1057 19 1377 7 1539 13 1415 14 1899 2 1397
232 -0.03549054837854308 0.26858945603261125 0.26208792636301725 251 255 245 0.5230933294646699 9 1348 23 1457 22 1279 3 1455 12 2126 8 1558 4 1687 5 1681 21 1290 1 920 20 1228 6 1058 19 1378 13 1416 7 1540 14 1900 2 1398
229 -0.06294425207477837 0.2586984559004612 0.2692634254139815 255 255 228 1.0707504165140838 9 1343 23 1449 22 1275 3 1344 16 1245 20 1324 6 1083 19 1489 7 1662 13 1422 14 1905 2 1511 17 1585 18 1375 10 2092
228 -0.04435832652908924 0.25508859293417996 0.2704422999684804 252 255 249 0.6135547065962211 9 1341 23 1452 5 1679
227 -0.10733706822693323 0.22438332930334146 0.29369909044349357 77 100 96 0.8258414708467595 23 1517 12 2195 8 1579 11 2087 9 1337 21 1374 22 1269
226 -0.10731596793248317 0.22439677782916062 0.29353240673150066 77 100 96 0.7737099700828268 23 1516 22 1268 12 2194 11 2086 9 1336 21 1373
223 0.04267532999774845 0.07152520921065567 0.3824453435858794 163 202 240 1.0239262808105642 9 1313 23 1513 12 2273 3 1520 4 1760 11 1991 10 1969
222 0.05087858345483707 0.06482292422535126 0.37977420795209893 179 218 252 0.7833287711349463 9 1310 23 1511 12 2272 3 1522 8 1597 4 1761 11 1990
215 0.07536781207081265 0.3082308512330146 0.23603773291103608 170 95 77 0.9567815829519426 9 1282 23 1487 22 1239 3 1475 12 2243 8 1527 4 1716 11 1946 16 1112 5 1581 1 788 20 1068 6 781 19 973 7 1168 13 1023 14 1181 2 1056 17 656
213 -0.02795743193536601 0.29641652228536336 0.2462499015614074 98 134 122 0.5033346463108017 9 1274 23 1373 22 1232 11 1922 21 1227 1 821 20 1219 6 975 19 1207 7 1529 13 1269 14 1754 2 1255 17 1308 18 1170
212 -0.0278823577938545 0.2963496019881682 0.24623059601474764 98 134 122 0.6007015035971098 9 1273 23 1372 22 1231 3 1380 8 1475 4 1501 16 1152 11 1923 5 1602 21 1226 1 820 20 1218 6 974 19 1208 7 1528 13 1268 14 1753 2 1254 17 1309 15 1558
211 -0.044964765552315565 0.29499607873653316 0.24940640137708242 164 122 103 0.31606986760653416 9 1271 23 1370
210 0.11619609293851785 0.2848009435786111 0.24835187545952037 192 101 120 0.9499094959984096 9 1269 23 1485 3 1485 12 2247 4 1726 13 1026 14 1496 2 1051 17 1317 15 1197 18 1314
2567 0.44317081466002495 0.9159350058715974 1.3192442154312911 0 0 0 2.6562758675054527 2 1332 17 1565
208 -0.035030684687473126 0.27591861463321926 0.25751447825705054 247 255 252 0.45843013781972564 9 1264 23 1461 22 1223 3 1371 12 2128 11 1782 21 1299 1 926 20 1225 6 971 19 1213 7 1417 13 1277 14 1759 2 1259 17 1329
207 -0.05044332664654611 0.2570128239238635 0.26887607669815733 250 255 246 1.055226807068098 9 1260 23 1362 22 1220 3 1353 12 1990 8 1489 11 1600 5 1698 21 1294 1 936 20 1233 6 983 19 1386 7 1430 13 1285 14 1765 2 1266 17 1485
205 -0.05505407958434075 0.25170220803640714 0.27228429961313794 253 255 240 1.3186721086873672 9 1257 23 1361 22 1216 11 1592 21 1107 1 677 20 1237 6 1074 7 1548 13 1423 14 1904 2 1409 17 1487 10 1992
204 -0.05484391025693532 0.2483276301192886 0.2746402185659225 129 150 136 0.7213901974624827 9 1256 23 1358 21 1283 19 1491 2 1411 17 1489
203 -0.05478352118961223 0.24843574689750555 0.27475190491389034 129 150 136 0.9207725518171278 9 1255 23 1359 3 1347 12 1984 8 1491 11 1776 5 1693 21 1284 1 934 20 1318 6 1071 19 1490 13 1541 14 2108 2 1410 18 1456
202 -0.07235868368308383 0.2480271997833607 0.275831460488029 255 255 229 0.9378670995380638 9 1254 23 1354 22 1215 16 1249 8 1506 21 1302 20 1331 6 1086 19 1396 7 1664 13 1429 14 1913 2 1422
201 -0.05856334945904156 0.24639454947377834 0.27534607877320044 250 255 247 1.1782793683520512 9 1253 23 1447 22 1213 3 1342 8 1500 16 1238 12 1982 5 1701 21 1286 1 938 20 1243 6 1075 19 1395 7 1551 23 1197 13 1092 14 1771 17 1490 18 1386
200 -0.056503348336869444 0.24329742660625442 0.27738636851415555 144 164 158 0.5577541170535957 9 1252 23 1355 22 1148 3 1345 8 1496 21 1211 1 932 20 1241 19 1234 7 1554 13 1428 14 1906 2 1413 18 1391
199 -0.056437540107091254 0.2433315924555312 0.27737936233602023 144 164 158 0.6794226535850323 9 1251 23 1356 22 1147 3 1346 12 2118 8 1497 21 1210 1 931 5 1691 20 1240 6 1070 19 1235 7 1553 13 1427 14 1907 2 1414 18 1392
198 -0.05207002389234492 0.22591401081794377 0.3071468619061846 75 80 89 1.2312786953791317 9 1246 23 1444 1 655 20 1239
197 -0.06272071310127222 0.21530395433631921 0.3025877332772916 89 92 73 1.4345194201452502 9 1243 23 1437 11 2004 19 1500 16 1221
196 0.060222068493924294 0.05965471388382771 0.38068343099381324 11 115 190 0.611844054702549 9 1222 23 1338 21 1179 5 1278 1 354 10 1846
191 0.08893775673911242 0.30262965353367316 0.23881313840159488 139 70 52 0.7770601827297493 9 1178 23 1400 3 1274 8 1431 11 1828 4 1576 20 898 19 675 7 811 14 750 2 184 17 8
190 0.106023335371304 0.3000321493644047 0.24057495060660813 255 255 214 0.5329628423736351 9 1176 23 1408 22 1042 8 1299 4 1586 11 1951
2547 -0.03420663481805194 0.27710772050234844 0.2569668875757484 245 255 248 0.3229897309644479 17 722 18 1013 10 1733
189 0.11817013236632752 0.2991511111131464 0.242065161240198 164 61 74 0.7626031622441726 9 1175 23 1494 22 1041 3 1411 12 2253 8 1291 11 2053 5 1129 21 888 1 427
188 -0.02794290205140736 0.30132423949587034 0.2440491455086725 107 128 121 0.4768071972332709 9 1173 23 1225 22 1047 3 1210 12 1826 16 1026 11 1620 5 1537 21 1137 1 679 20 972 6 644 19 1015 7 1226 13 1055 14 1541 2 1094 17 1076 15 1221 18 995
187 -0.027948407669176504 0.3013197815386424 0.244014682207481 107 128 121 0.46815434584782545 9 1172 23 1224 22 1046 3 1209 12 1825 16 1025 11 1621 5 1536 21 1136 1 678 20 971 6 643 19 1014 7 1227 13 1056 2 1095 17 1075
186 -0.021429436232360065 0.2999378128850239 0.2438009067765218 110 138 119 0.4444601518730583 9 1171 23 1229 3 1034 11 1625 16 883 5 1526 21 977 8 945 1 499 20 966 6 628 19 741 7 1224 17 668 15 940
185 -0.02144174708709844 0.29994986187433176 0.24380180208527782 110 138 119 0.42960203154963145 9 1170 23 1228 3 1035 8 944 12 1579 11 1624 16 882 5 1525 21 976 1 498 20 965 6 627 19 740 7 1223 13 782 2 843 15 939
184 0.12433261816564656 0.2914003497586417 0.24452035920692128 251 253 253 0.42792442563871497 9 1167 23 1410 8 1420 16 957 1 405 20 888
183 0.12166660621123757 0.28959587343378074 0.24556089904040432 147 107 113 0.6057302205931007 9 1165 23 1293 22 1024 3 1289 12 2165 8 1288 4 1671 11 1832 16 799 16 959 5 1113 1 412 20 626 6 145 19 680 13 147 14 738 2 151 17 687 15 552 18 1187
2540 0.031886805397529853 0.32153494654283626 0.23823411490947363 123 103 107 0.6438918436213663 5 450 10 1309
182 0.11231532382672141 0.2879847105137876 0.24663769321364834 199 103 107 0.4335597927746238 9 1162 23 1396 22 1167 3 1410 12 2246 8 1423 4 1669 11 1941 16 963 5 1324 1 616 20 892 19 982 7 801 17 1087 15 560 18 1188
2539 -0.041965366169667416 0.26724800686939226 0.2626096510720955 233 255 255 0.4731117914776027 18 699 10 1163
181 0.11229951507200397 0.28796402350451483 0.24662099000565116 199 103 107 0.47266682505627516 9 1161 23 1395 22 1168 3 1409 8 1424 4 1668 11 1942 16 962 5 1323 1 615 20 891 19 983 7 802 13 165 2 166 18 1189
2538 -0.07033298661455666 0.24188021448798278 0.27868154024590625 234 255 253 0.5475129859326179 14 885 10 1110 7 967 13 850 6 368 16 910 19 790 21 954 2 912 9 726 20 839 22 576 20 1017 3 5 12 303
180 0.1294949880377584 0.28672514766399776 0.247548773634355 172 108 120 0.5069263321942998 9 1160 23 1406 22 1021 3 1415 12 2254 8 1419 4 1677 11 1947 16 954 1 402 20 618 6 502 19 978 7 1156 13 700 14 733 2 143 17 1088 15 922 18 1195
2537 0.19550973905088637 -0.2043273301530995 0.5581912707365909 212 135 78 0.6211358379991784 11 840 10 30
179 0.12362220697522257 0.28647253892353486 0.2474534598609774 255 252 251 0.8042304378757757 9 1159 23 1405 22 1020 3 1290 12 2050 8 1286 4 1601 11 1825 16 797 5 1109 1 404 20 624 6 133 19 686 7 150 13 151 14 15 2 150 17 695 15 559
2536 0.3044698721947039 0.43900104370981863 0.7492628246601735 130 30 21 3.255720096685022 13 963 18 969
177 -0.045778635430061526 0.27837911246952646 0.25694002960743256 107 134 129 0.4241057655227967 9 1151 23 1213 22 1012 3 1001 12 1556 8 1220 16 1034 5 1544 21 1127 1 685 20 1126 6 830 19 1030 7 1237 13 1069 2 1109 10 1897 18 1008
2534 0.1718538669056706 0.22556179663300457 0.3025481234870714 131 130 128 1.2981007312614805 3 1597 22 1370 18 1558 16 1357 5 1799 21 1441 1 1081 20 1394 6 1179
176 -0.045760237649382515 0.2784968735162465 0.256932289500498 107 134 129 0.3354725563925081 9 1150 23 1214 22 1011 16 1035 5 1543 21 1128 1 686 20 1127 6 831 19 1031 7 1236 13 1070 2 1110 15 1257 18 1009 10 1896
2533 0.09819368201509752 0.2872977870102634 0.2647996352132488 167 155 152 0.9915510774847172 17 1746 15 1779 18 1517 5 1649 1 896 20 1358
175 -0.05984528965242166 0.2643472480843061 0.26561606402823323 255 255 218 0.4698491678070977 9 1148 23 1207 16 1044 22 1160 5 1547 21 1223 20 1139 6 988 2 1130
2532 -0.008058367537938664 0.06288512771187534 0.3725658167438558 69 108 158 0.3319434116058108 19 556 13 1170 18 1132 20 367 6 134 2 590
174 -0.050338425319633194 0.2535155974420147 0.2710216123140352 126 148 141 0.4464279786861893 9 1142 23 1203 22 1154 3 1175 12 1989 8 1381 11 1597 16 1023 5 1524 21 1106 1 818 20 1129 19 1224 14 1768 2 1268 18 1194
2531 0.09813381071800117 0.28743150650359217 0.2646996395397272 161 158 158 0.7881631952322804 6 1240 7 1798 13 1606 14 2157 2 1544 17 1745 15 1778 18 1516 5 1648 1 895 20 1357 19 1561
173 -0.05930869225803285 0.25122182357697415 0.2725391914137451 131 152 140 0.6535997167287798 9 1141 23 1198 22 1150 3 1165 8 1393 16 1163 6 833 19 1227 2 1135 17 1349 18 1315 10 1877
2530 0.21674833386632517 0.19521587219268505 0.3201894485385498 42 47 42 1.784223633862463 8 7 18 406 4 1298 15 226 3 608
172 -0.05930869225803285 0.25122182357697415 0.2725391914137451 131 152 140 0.6535997167287798 9 1140 23 1199 22 1151 3 1166 8 1392 16 1164 6 834 19 1226 2 1134 17 1350 18 1316 10 1878
2529 -0.009981969826258753 0.29574977622390736 0.2586684507413458 205 219 214 0.9416901742037628 12 2006 4 1528 18 1308 19 269 7 914 17 1473 15 1574
170 -0.04565062749569785 0.11300714640994552 0.3682281189336275 77 126 172 0.8327206648571981 9 1117 23 1424 12 2188 11 1882 10 2073
2527 0.0457785895035535 0.30476887287476856 0.2548343219169166 138 141 146 0.7624741436780756 6 1243 7 1804 13 1691 14 2162 2 1551 17 1793 15 1768 18 1509 20 1368 19 1558
168 0.03788277421843057 0.3104238669841333 0.2358637915596067 255 150 141 0.5577284720138393 9 1045 23 1247 22 913 8 818 5 1188 21 921 1 220 19 698 6 275 7 864 2 275
2525 -0.031197040773748765 0.30141357193810236 0.24383844676941344 225 237 222 0.9559130860118096 17 1459 15 1557 18 1299 9 1277 23 1472 22 1235 3 1378 12 2138 8 1479 4 1499 16 1159 5 1611 5 1704 21 1310 1 939 20 1222 6 1069 19 1367 7 1527 13 1401 14 1888 2 1382
167 0.022744161803382852 0.3122316936182835 0.24362120908747542 214 82 89 0.41867542426643944 9 1044 23 1245
2524 0.008696951659670047 0.06645333006407507 0.3708357156108698 79 130 162 0.6360435661797244 1 95 6 745 7 1465 15 1597 18 1339 8 421 4 187 16 558
166 0.0845880130335975 0.30740762228051666 0.2362666340724214 252 211 171 0.38625468410151015 9 1043 23 1287 22 1057 3 1273 8 1310 4 1568 11 1679 16 830 5 1340 21 906 1 630 20 904 6 556 19 669 7 812 2 788 17 3 15 535 18 661
2523 -0.059812692404891704 0.2631776853061725 0.26647483714867126 207 216 198 0.8610885511203948 7 1661 14 2010 18 1371 19 1384 13 1420 14 1903 10 2094
165 0.074646302111844 0.3053850880972609 0.23769841182227325 254 211 172 0.44600190275764584 9 1039 23 1273 22 1052 3 1264 12 2155 11 1818 5 1345 1 633 20 672 6 564 19 678 7 830 13 153 14 760 2 795 17 657 15 538 18 662 17 5
2522 -0.004955780183150198 0.30098626709899395 0.2502940556438633 184 198 179 0.4499569325625395 3 246 12 1592 8 416 18 656 17 54 15 599
164 0.0857954596433981 0.3040417449270759 0.2382222012327191 255 216 176 0.5120924941485795 9 1038 23 1285 22 892 3 1092 23 1114 12 1881 8 1115 4 1430 11 1465 16 611 5 1158 21 668 1 445 20 129 6 213 10 1523
2521 0.08116225297144271 0.3072973984116246 0.23608780515291403 253 213 173 1.1349743052155714 12 2301 11 2048 18 1306 8 1665 16 1340 5 1753 21 1414 1 986 20 1278 19 1362 7 1508 13 1022 14 1504 17 1296 15 1188
163 0.06939485520618768 0.3043915541276745 0.23822944633194945 235 193 151 0.41592081908251705 9 1037 23 1266 3 1260 11 1655 20 678 6 246 2 223
2520 0.15794541872690673 0.28644151006472723 0.25005362933865766 155 100 94 0.7720114996821622 17 79 15 48 18 224 23 587 11 1251
162 0.06936481310200757 0.30447880099670277 0.238279816172377 235 193 151 0.5809061301471772 9 1036 23 1265 22 895 3 1259 12 2153 8 1321 4 1556 11 1654 5 1347 1 460 20 677 6 245 19 157 7 836 13 162 14 766 2 222 17 6 15 542
2519 0.04246880535007427 0.3095485659827074 0.2353456435441081 223 106 92 1.0402435263460916 7 1842 15 1812 18 1540 9 1509 23 1659 22 1396 5 1837 20 1405 6 1244 13 1685 14 2154 2 1548
161 0.0791677628918913 0.3028834972095351 0.2388910195103997 247 207 168 0.3901580059442422 9 1034 23 1106 12 2028 1 455 20 663 14 61 2 205 18 55 21 673
2518 0.024445693316029325 0.17935829848807675 0.337898471611713 0 0 0 1.6378569574007305 16 1469 19 1812 5 1917 7 1972
160 0.0791677628918913 0.3028834972095351 0.2388910195103997 247 207 168 0.3901580059442422 9 1033 23 1105 12 2027 21 674 1 454 20 664 2 204 14 60 18 56
2517 0.021682684337633085 0.18107320586575784 0.33817355554746664 0 0 0 0.9670006541996838 17 1943 21 1545
159 0.08316492368056053 0.3008032619213142 0.23998949455748844 255 215 175 0.2750027723802277 9 1028 23 1274 22 883 3 1089 12 2029 8 1118 11 1663 21 902 1 449 8 1317 20 655 6 214 7 227 2 195 18 65
158 0.0832271051661254 0.3008160184594202 0.23998143014810547 255 215 175 0.5165348598954492 9 1027 23 1275 22 882 8 1119 4 1567 8 1316 11 1662 5 1337 21 901 1 448 20 656 6 215 19 156 7 226 14 54 2 194 17 12 18 64
2515 0.15660528735762813 0.21783172080044516 0.28771091094239953 0 0 0 2.2984568297783605 3 1675 12 2442
157 0.08003337960231063 0.29995853362020736 0.24038972999047956 238 202 157 0.2725506551301858 9 1025 23 1268 4 1563 11 1656 16 831 5 1339 1 629 20 661 6 220 19 163 7 236 14 66 17 13 18 674
156 -0.019703025605157135 0.30292875152299176 0.2425350951831095 251 255 238 0.6299089538967401 9 1024 23 1058 22 1049 3 1037 12 1581 8 938 4 1090 16 880 21 979 1 500 5 1218 20 772 2 339 6 325
2513 0.18135805835089627 0.2221107014627835 0.3034912166996519 0 0 0 0.36983717341258016 12 2428 15 1858
155 0.11557144667773347 0.29821849289940133 0.24181506661168295 255 252 249 0.38235705450126073 9 1021 23 1302 22 872 3 1288 12 2052 8 1295 4 1594 11 1836 21 640
2512 0.07616224691248939 0.3045684705936891 0.24150850020006534 0 0 0 0.9504738941527182 4 1891 15 1841
154 0.07563448640366979 0.2989929443720705 0.24122525486855043 251 213 164 0.3805085998290999 9 1019 23 1263 22 876 3 1263 4 1561 11 1646 16 839 5 1342 21 903 1 456 20 670 6 225 19 169 7 251 13 174 2 216 15 30 18 68
2511 -0.018152603979645732 0.07025443932793154 0.3665858940681622 109 97 135 0.9496092981289959 6 1279 20 1454 18 1613
153 0.08152845642043631 0.2967628702025497 0.2423751613718904 255 222 185 0.32415862483585545 9 1015 23 1089 22 870 3 1266 12 2025 8 1122 4 1565 16 828 5 1156 21 897 1 447 20 657 6 212 11 1651 19 172 13 171 14 70 2 207 15 33 18 681
2510 -0.008370196744787494 0.1908614617870371 0.328113672987393 252 255 251 0.7644782108680879 17 1842 18 1609
152 0.08153357453977603 0.2967572518255184 0.24233765576021063 255 222 185 0.34127036794589155 9 1014 23 1090 22 871 3 1267 12 2024 8 1121 4 1564 11 1650 16 829 5 1157 21 898 1 446 20 658 6 211 19 171 7 241 13 172 14 71 2 208 17 23 15 34 18 680
2509 -0.008370196744787494 0.1908614617870371 0.328113672987393 252 255 251 0.7644782108680879 17 1841 18 1608
151 0.11231437506974581 0.2954779564298153 0.24277463867453153 255 252 250 0.6118736989260989 9 1013 23 1296 22 864 3 1285 8 1093 4 1454 11 1833 16 575 5 1135 1 145 20 78 6 184 19 143 7 793 13 145 14 740 15 913 18 702
150 0.08361987810967154 0.2943097916277959 0.24378686804439037 253 205 161 0.26264962269806047 9 1010 23 1260 22 863 12 2026 8 1117 4 1428 11 1642 16 827 5 1151 21 894 1 443 20 654 6 552 19 177 7 831 13 179 14 763 2 202 17 676 18 687
149 0.07073926179056894 0.295023651153099 0.24460916315836223 247 212 190 0.4436730582626143 9 1009 23 1071 22 1034 3 1257 12 1855
2506 -0.026685869825094806 0.30366040809445416 0.24396001751812108 206 214 203 1.733560037240472 19 1734 18 1579
148 0.13397798720312418 0.2913615830299482 0.24521008199687844 255 253 252 0.6336490785423768 9 1007 23 1307 22 847 3 1300 12 2172 8 1071 4 1610 11 1840 16 534 5 789 1 108 20 36 19 134 7 125 13 135 17 688 6 115 15 549
147 0.07570291692749252 0.293161864931576 0.2455403836375672 244 217 193 0.37795256789404214 9 1006 23 1073 22 860 3 1261 12 2020 11 1414
146 -0.032575577177242646 0.29429682778551985 0.24799823827345402 110 125 122 0.6375980203463898 9 1004 23 1222 22 868 3 1201 12 1822 11 1616 4 1321 5 1534 1 680 6 646 7 920 14 1240 2 856
2503 0.09578694358165409 0.14734621227776976 0.3528753508419692 252 255 253 2.0573040115018575 17 1685 18 1567
145 -0.032662580831318365 0.2942002210521438 0.24807553078377512 110 125 122 0.5712900078814529 9 1003 23 1221 22 867 3 1200 12 1821 5 1535 1 681 6 645 7 919 14 1239 2 855 11 1615 15 597
2502 0.04131281143016721 0.16437057695820048 0.34687212295681014 118 118 120 0.4413729766250998 9 685 18 1563
144 0.11728631124865409 0.28735345886082503 0.24726264610036366 143 103 116 0.5307654399226958 9 1002 23 1116 22 647 3 1105 12 2046 8 1091 4 1457 11 1667 5 1121 1 420 20 636 19 694 7 797 13 161 2 156 17 692 18 724
2501 0.17304232761357757 0.22456629191867197 0.30247674476082687 105 111 111 2.4481955682181242 12 2375 17 1758 22 1369 18 1557
143 0.11727992754466461 0.28735522868434366 0.24722506228752622 143 103 116 0.5485257534054309 9 1001 23 1115 22 646 3 1104 12 2045 8 1090 4 1456 5 1120 1 421 20 635 19 693 11 1668 7 796 13 160 14 741 2 155 17 693 18 725
142 0.11450869083954421 0.28655097448586353 0.24726545615780965 255 254 255 0.4274010913825502 9 1000 23 1279 22 841 3 1282 12 2163 8 1297 4 1592 11 1814 16 806 5 1124 1 424 20 638 6 516 19 697 7 798 13 705 14 1167 2 162 17 696 15 925 18 726
141 -0.029458906884886487 0.29034272152663543 0.249683090892177 113 127 127 0.4223720059980024 9 998 23 1219 22 1030 3 1203 8 1202 4 1326 11 1612 12 1819 16 892 5 1528 21 1122 1 673 20 974 6 635 19 751 7 917 13 794 14 1237 2 850 17 50 15 119
140 0.11901992160088443 0.28466540329165474 0.24838129145592497 255 247 252 0.539665151172733 9 996 23 1281 22 839 3 1287 12 2044 8 1293 4 1598 11 1816 16 801 5 1112 1 410 20 631 6 143 19 701 7 795 13 167 14 25 17 1091 15 927 18 1048
139 0.11904855828238471 0.28466896055795476 0.2485043587217026 255 247 252 0.45381672922083394 9 995 23 1280 22 838 3 1286 12 2043 8 1292 4 1597 11 1817 16 800 5 1111 1 411 20 630 6 144 19 702 17 1092 18 1047
138 0.10668274518713217 0.28389320344725966 0.24933317066719393 146 66 100 0.42911429297630643 9 991 23 1264 22 836 12 2034 3 1095 8 1099 4 1444 16 811 5 1131 20 644 6 527 19 710 7 810 13 721 14 1174 2 172 17 1094 15 935 18 1044
137 0.11817836713614008 0.2825670651804666 0.24978872236814012 133 91 131 0.587904670968599 9 990 23 1276 22 833 3 1284 12 2039 8 1294 4 1595 16 798 5 1110 1 407 20 632 6 140 19 188 2 160
136 0.12832768180720092 0.2814961591679263 0.2503045659873892 255 249 254 0.5927106509378359 9 988 23 1286 22 831 3 1293 12 2166 8 1283 4 1605 11 1819 16 791 5 1103 1 399 20 620 6 499 19 705 7 788 13 706 14 1163 2 145 15 930 18 1055
2493 -0.03874579368201317 0.2555272053295172 0.2818892100573827 0 0 0 0.19455628741722425 4 1691 15 1725
132 0.11521589780914693 0.27711559440516464 0.2545106788369413 78 79 98 0.08510345621041993 9 978 23 1261
131 -0.03171748961820717 0.2779390026186156 0.25667671443287676 113 131 121 0.6519344015427783 9 977 23 1048 22 1010 12 1567 11 1389 5 1393 21 961 1 493 20 976 6 631 19 1027 13 1067 7 1416 2 858 17 1328 15 1575 18 1012
2488 0.041177797280553846 0.1644952142869381 0.3431760823971239 123 124 128 0.26690792660662094 15 1288 18 1332
130 -0.03846854918982975 0.2736916391221453 0.25890859253784904 111 132 133 0.5190667354751214 9 975 23 1047 22 827 3 1006 12 1558 8 991 11 1387 4 1044 5 1399 21 966 1 506 20 982 6 641 7 932 13 811 14 841 2 376 17 735 18 1018 10 1730
2487 0.041177797280553846 0.1644952142869381 0.3431760823971239 123 124 128 0.26690792660662094 15 1287 18 1331
129 -0.03846854918982975 0.2736916391221453 0.25890859253784904 111 132 133 0.5190667354751214 9 974 23 1046 22 826 3 1005 12 1557 8 990 11 1386 4 1043 5 1398 21 965 1 505 20 981 6 640 7 931 13 810 14 840 2 375 17 734 18 1017 10 1729
2486 0.34720722928975684 0.8298125022925429 1.1879061816950427 158 29 23 0.013242035623529888 2 1339 18 1290
128 -0.03974546404143702 0.2674923521784657 0.26248721349830056 90 128 122 0.4555409093143629 9 971 23 1210 22 1003 21 1111 1 667 6 819 19 1035 2 1107 18 1180
59 0.03196453272691596 0.31836096271725633 0.2380100611343851 135 91 101 0.6319487387369805 9 531 23 402 22 718 21 705 5 909 1 223
1167 -0.035022031804336766 0.28813538753954665 0.2506990997522105 252 246 231 0.7103712602051775 3 155 16 415 5 970 21 428
58 0.04149995089475412 0.31158694637547857 0.23498732709780942 208 70 66 0.42984559753175 9 514 23 387 22 402 4 808 5 420
1166 -0.04962027496187631 0.25269662225033546 0.27162239998755305 160 161 152 0.27027600957543063 22 163 16 406 21 370
57 0.03951225026376191 0.3115014943285714 0.23482291482433973 208 73 68 0.6278475905298917 9 512 23 378 22 400 8 816 12 1242 4 802 5 895 21 314
56 0.07925704016611608 0.309947361193096 0.2351439064787195 157 88 67 0.5753255601431756 9 510 23 900 22 381 3 845 8 202 4 878 11 1478 5 869 21 285
55 0.08349319909208516 0.30909342197020984 0.2355606605441529 151 86 57 0.418476280342218 9 509 23 531 3 847 12 1886 8 776 4 886 11 1479 5 359 21 277
1163 -0.03867172135295808 0.10038906816369819 0.35413691992870433 245 255 255 0.6942295498159853 4 1042 16 279 5 1149
54 0.07969219427298235 0.30871084611927246 0.23573801493497068 249 192 160 0.4081596110455347 9 503 23 893 22 376 3 844 12 1874 8 200 21 282
2411 0.03933793132885807 1.2120569075266323 2.0642123346234404 0 0 0 1.1118504825926943 1 853 3 1316
1162 0.06857913509143473 0.3162701047032186 0.23314887459492825 183 110 79 1.044459964097723 4 860 22 922 16 278 5 885 21 684 1 205 8 792
53 0.03777723201594096 0.3093361752783669 0.2366404489882675 255 149 144 0.23626401798852484 9 499 23 366 3 804
2410 0.11898309717074933 0.07422333827591142 0.4431991111584869 142 33 25 0.7554114281156481 19 1423 15 1524
1161 -0.015438186088128001 0.09677712965176326 0.3653130743730437 137 151 171 0.4352621347448868 11 945 16 228 10 1032
52 0.0761212597225974 0.30717006077858633 0.23656179104232516 164 90 65 0.29822813586071145 9 493 23 887 22 364 3 840 8 211 4 870 11 1192
1160 -0.015410525661437486 0.09654214615662583 0.3655576788940348 137 151 171 0.5838591493796133 11 944 16 227 10 1031 4 1111
51 0.06785049811006859 0.30669375125982334 0.23681801890016446 240 177 146 0.3842660258053371 9 492 23 862 22 697 3 829 12 1629 8 797 11 1170 5 879 18 35 4 1219
1159 -0.010411755944297765 0.07032630083315346 0.36762705556859915 250 251 255 0.2779292770885606 8 496 16 206 14 1645 15 1325
50 0.0717494519362385 0.30546806876043475 0.23752475975549067 240 194 149 0.311288575893158 9 488 23 451 3 366 4 1224 11 630
1158 -0.008949555213359318 0.0684042808143905 0.3685151691776872 146 145 154 0.6222379603089968 8 489 16 196 20 372 14 1376 2 576 18 1122
49 0.06727550078120337 0.3055561610261237 0.23754841174536362 143 85 60 0.6407366962669244 9 487 23 849 22 352 3 828 8 236 4 851 11 617 5 878 21 289 1 202
1157 -0.008956925142212751 0.06836549240630871 0.36858186920056013 146 145 154 0.6080753019748691 8 488 16 195 20 371 19 882 13 948 14 1375 17 940 15 1329 18 1121
48 0.08699167995807718 0.3036978545957213 0.23850212571816184 253 209 179 0.11077662570407858 9 482 23 508 22 342 3 850 12 1318 11 1199
2405 -0.02140167569942103 0.33086941184148433 0.23085586850851592 93 101 91 0.12852967320712483 14 1745 15 1408
1156 -0.005869613329170889 0.06322826938742973 0.3729881148632227 242 245 255 0.20595852578141258 8 476 16 178 7 1311
47 0.07547236406571958 0.303822593435957 0.23855297020185326 177 132 96 0.36514926294831157 9 481 23 457 22 346 3 381 12 1642 8 213 4 869 11 1173 5 368 20 148 14 68
1155 0.011532609085949231 0.081211158916759 0.37064847694410447 217 231 249 0.5059034919236106 9 120 16 144 21 571
46 0.07548087202404444 0.30379603497013097 0.23860007418452236 177 132 96 0.30686382374772986 9 480 23 458 3 382 12 1643 8 214 11 1172 5 369 20 147
1154 0.012550102815074921 0.07693875349794879 0.3692137745392924 158 171 200 0.25340369805279656 8 883 16 137 5 128
45 0.07269108811031001 0.30337813629714167 0.23913633572297568 181 138 95 0.46355146659159935 9 476 23 437 3 834 12 1636 8 791 11 1163
1153 0.1246407511178994 0.2752041087971543 0.25491791610587483 239 214 224 0.3554109446558903 12 1907 16 99 20 53 6 114 19 205 7 186 13 189 14 747 18 782
1152 0.03155571165335119 0.06352173332699554 0.37486911232071035 199 224 253 0.18587715008288552 8 354 16 78 21 39
43 0.08129352781248791 0.2983205540530394 0.2414200510943442 165 119 82 0.4226877921528011 9 464 23 436 12 1289 4 880 11 608
42 0.07266026207054016 0.29736362403067007 0.24262356820554642 254 224 193 0.3815130523329668 9 459 23 834 3 831 12 1625 11 1121 5 366 4 363
2399 0.008983165462480215 0.062965831089873 0.37090982039486725 110 173 197 0.6247803204981902 7 572 17 952 15 1327
1150 -0.045158027133814935 0.24611156226843667 0.2964676046511589 69 69 69 1.626421039062555 9 1503 20 1456 16 1376 19 1694 3 1601
41 -0.029246603977629147 0.2986842741270353 0.24516023528609598 232 250 230 0.5623971205801842 9 453 23 284 22 684 3 759 12 446 8 537 4 619 16 413 5 972 21 761 1 272 20 784 6 341 19 262 18 26
2398 0.01686007515051839 0.061366324302782056 0.37177999243525073 45 181 220 0.36051232092749963 1 77 4 740 15 1323
1149 0.05338958129381203 0.19211056429352819 0.3258358646356339 124 127 131 0.5616127762777776 22 780 11 1013
40 0.10725989226051784 0.2944245451682994 0.24323927742001278 158 149 150 0.15916482271515225 9 452 23 524 3 474 12 1343 8 133 4 922 11 1463 16 183 5 293 18 108
2397 0.015809405482522795 0.06259423399317679 0.37125294859890995 41 101 133 0.9453293630044776 3 41 15 1321 18 1266
1148 0.009882466804534208 0.2917276691911461 0.26753817795014817 94 96 96 1.8882031116736835 22 1346 12 2337 23 1593 8 1672 3 1592 9 1506 16 1375 4 1828 5 1841 21 1462 19 1564 7 1734 14 2101 11 2152 2 1556
39 0.12745813261694247 0.29155311413142526 0.24469982030263152 255 249 253 0.3113340887128147 9 440 23 926 22 662 8 728 4 1279 11 1483 16 110 5 219 18 132
2396 0.07900428009786035 0.059998344924475665 0.37970898432601774 47 72 117 0.48212481394203155 13 896 17 978 15 1299
1147 0.011109894269456865 0.0786937892249574 0.36885244273352885 244 253 253 0.8330347476923261 8 1171 4 1372 11 1336 9 641 23 984 12 1763 3 1167 5 754 21 832 1 391
38 0.12619229251461014 0.29083058705927306 0.24495266853441766 135 129 138 0.3482594399191153 9 439 23 557 3 544 12 1704 8 77 4 969 11 1221 16 113 5 228
2395 0.09946535831942323 0.086828503334528 0.39057310473560136 111 110 114 0.8105016472597197 7 1443 15 1295
1146 0.10901817779946674 0.2974075522685742 0.24159016002837547 255 254 245 0.8047878362447995 23 1295 3 1281 4 1587 11 1834 9 809 23 1130 22 677 3 1101 8 757 16 588 16 818 1 436 5 1139 20 643 19 674 7 794 6 531 13 698 2 164 17 1077 15 908 18 690
37 0.12288328114100176 0.2910171956011463 0.24492338589406978 255 241 249 0.3107626574571352 9 438 23 918 22 658 3 894 8 735 4 1269 16 128
36 0.12288348537535453 0.291013659954406 0.24486536961199282 255 241 249 0.33335186679323575 9 437 23 917 22 657 3 895 8 736 16 129
1144 -0.05756987606492544 0.22177721152372898 0.30782226238327026 73 84 78 2.2404753329692633 23 1670 11 2197 16 1399 20 1457 6 1296 19 1701 2 1679
35 0.11348250009125707 0.2897294617622483 0.24555667959791033 251 254 252 0.5711827316531157 9 429 23 1119 22 653 3 1102 12 2041 8 751 4 1259 16 563 5 824 21 635 20 74 7 167 13 152 14 23 15 554 18 126
34 0.12190909245586617 0.2879682675598025 0.2465527486259937 254 248 250 0.5304467446260643 9 425 23 904 22 279 3 525 8 92 4 954 11 1459 18 155
33 0.1059788751223165 0.2880542838021113 0.2466751098330135 184 80 74 0.4523880651290083 9 422 23 1104 22 842 3 1096 8 1100 12 2036 4 1585 16 580 5 1136 1 435 20 95 6 190 18 127
1141 -0.051371515482135005 0.10908725040932739 0.3546559207639061 0 108 180 1.4563334468013316 9 1464 11 2133 21 1407
32 0.10347323987311863 0.287435597565673 0.24724628498739967 255 155 137 0.17327591593633568 9 419 23 440 22 278 3 445 8 147
31 0.1076405190437975 0.2863384782374151 0.24773156875552127 166 81 83 0.4963292009080767 9 418 23 866 22 645 3 1097 8 761 4 1445 11 1151 12 1332 16 166 5 831 20 91 19 180 7 808 13 178 14 39 17 59 15 52 18 141
2388 0.04158888344037689 0.03606157919244841 0.38956149939111634 190 213 235 0.5542870180332382 17 584 15 1153
30 0.11505423916088156 0.28502225054395114 0.24841345722700284 154 89 111 0.40493255098078695 9 417 23 878 3 489 12 1902 16 143
571 0.10406255585649388 0.28305740803874074 0.25019911883916574 251 150 144 0.6034620651943792 23 1085 3 1094 12 1882
13 0.12138039365878661 0.2752951160409919 0.2550143451629969 75 81 102 0.49155484432042074 9 377 23 845 3 881 12 1666 5 205 7 193 13 197 15 84 18 236
2370 0.12491262719547952 0.27551182778281297 0.2547836572864483 241 231 231 0.43872221876469714 11 1429 17 725 15 578
554 0.04903231567279487 0.07424992852814843 0.3882567932825762 239 255 255 0.44005017098182275 23 87 3 746 8 276 4 322 11 283 12 1065
12 -0.06250688465899078 0.26229103987772295 0.2669599748467438 122 128 95 0.3055582465998207 9 348 23 219 22 184 5 614 14 861
2369 0.09974492559070514 0.28570932978966124 0.2497889688298383 252 194 162 0.3275299158401302 17 70 19 201 15 568
553 0.03893805970597404 0.0814997610422117 0.3902567382693273 165 216 253 0.4521112707696053 23 96 3 743 8 296 12 1530 11 305 10 225
1120 -0.04325184954248085 0.25332178643311054 0.27191194044243633 250 255 249 0.48862061659980716 3 1181 12 1797 11 1601 13 1287 14 1764
11 -0.06254705419181228 0.26231249104721965 0.2670073944382514 122 128 95 0.36015002655945133 9 347 23 218 22 183 5 613 14 860 2 444
2368 0.11042914453884681 0.30186785324891185 0.23961473383450968 58 41 41 0.23510999569064672 17 663 15 537
552 0.04972092483216662 0.03353371482302547 0.3912829668776279 226 255 255 1.0629796180089923 9 605 3 699 4 1201 1 349
10 -0.05109783130582295 0.25197898998307205 0.27165125183148087 127 144 139 0.30300684907012265 9 337 23 212 22 161 21 372 18 175
551 -0.04755130912632081 0.2489618449645467 0.2733201494950415 255 255 220 0.4429915044859277 23 1034 3 684 12 1543 11 1006
1118 0.01780560642330737 0.07142980572267606 0.37099945614182905 247 255 254 0.30575724313805336 12 2092 11 1563 10 1651
9 -0.04711712263936351 0.2512541417221633 0.27268029088497375 244 253 245 0.3446751240440788 9 334 23 217 3 81 8 608 16 401 6 335 7 415 13 340
2366 -0.003308638116015142 0.3099314814891956 0.2560728097629329 104 93 77 0.33309911697426625 17 87 15 150 18 61
550 -0.007603158407265179 0.09336032323295429 0.36756815726949477 215 230 231 0.2946225702265927 9 166 3 653 12 1499 8 912 4 1130 11 946 10 1017
1117 0.12284212379752817 0.28916888631310034 0.24594019842217824 161 116 119 0.35225071626395293 23 913 11 1469 18 721
8 -0.0526720799048012 0.23889590379086698 0.2840826244893948 158 133 106 0.1663393384359564 9 320 23 206
2365 0.109058049497139 0.28357451894486474 0.26586207593671807 138 139 130 0.0135491133030766 14 124 15 148
549 -0.010294463436753807 0.094803315542502 0.36705673358040386 210 219 225 0.30400522764897037 9 174 3 645 12 1496 8 461 4 1127 11 949 10 1021
1116 0.08543415171441282 0.30391786812845983 0.23883504993313703 255 233 198 0.17670165848651231 12 1880 11 1464
7 -0.052374067499164005 0.2387954173060364 0.2836406029575678 158 133 106 0.4422136015890348 9 319 23 207 11 372
2364 0.12241559181757952 0.2797902281201661 0.2516219461206958 215 212 215 0.31304835540374104 11 1152 12 1682 15 68
548 -0.010315039004825357 0.09472093722124039 0.3671876167829314 210 219 225 0.1995633276091644 9 175 3 644 12 1495 4 1128 11 948 10 1020
1115 0.0792592267117795 0.3046251050991292 0.23807544319657145 0 0 0 0.08119349996505361 12 1872 23 880 11 1454
6 -0.058431157982506025 0.23672321656028503 0.28163648316528983 133 151 147 0.43518332057266546 9 312 23 199 22 573 3 42 12 1086 8 639 11 366 16 713 5 944 20 494 19 365 7 445 13 852 14 878 2 464 17 222 18 249
547 -0.06485500025883535 0.24029338161612787 0.2792702054788779 148 147 114 0.7139233311719543 22 575 3 641 12 1081 19 789 9 951 13 848 2 487
5 -0.058431157982506025 0.23672321656028503 0.28163648316528983 133 151 147 0.43518332057266557 9 311 23 200 3 43 12 1087 8 640 11 365 16 714 20 493 5 945 19 364 7 444 13 851 22 572 14 877 2 465 17 221 18 250
2362 -0.11104481388930368 0.5354344890215819 0.7975995446621104 0 0 0 2.0631282392162316 12 2076 21 1156
546 -0.004869658354661008 0.08702371991150307 0.36572237787415857 177 193 218 0.3007420998483515 23 18 3 640 21 585
1113 0.12037443707643959 0.28040343004962165 0.25101682119507635 247 255 255 0.3187464226005578 23 870 11 1436 17 83 18 196
4 0.21721531860781124 0.19514159240926943 0.31930348255081265 93 106 110 0.7544055684701385 9 261 22 533 23 349 14 125
2361 0.1616712377720549 0.050206323990371414 0.405957480460495 97 96 88 0.057505463656770825 1 342 17 1431
545 -0.00490697922169448 0.08721920994443706 0.3650648704072955 177 193 218 0.44414288024697557 23 19 3 639 12 1473 21 584 4 1349 10 987
3 -0.03042313075378691 0.10800331506946471 0.3739635137008195 97 148 186 0.484579369569639 9 208 23 995
2360 0.08617796756987907 0.2921984874688857 0.2617462278297994 70 70 74 0.4081155976013094 5 332 14 1211 2 240 17 748 20 142 19 234 7 855 6 546 13 752 15 969 18 761
544 -0.00649572549704718 0.08926005461554984 0.36532375498795605 250 255 254 0.3428099999423373 9 141 3 638 21 587
542 0.12299971875607325 0.2923387447403361 0.24430535562745295 161 79 83 0.31471479416181575 9 443 3 538 8 84 4 960
14 0.12464181014706707 0.275149311698018 0.2548611809047123 246 237 251 0.3622242215672795 9 378 23 853 3 886 20 52 6 113 7 187 14 748
555 0.045436827461434966 0.07835032295557649 0.39150165246593693 185 209 241 0.5218796248127854 23 99 3 753 8 279 4 833 12 1075 11 300 10 208
1124 0.11793974538853898 0.2825839125455457 0.24977594668424685 154 115 139 0.3217571973552579 23 1277 11 1653 19 187 7 800 17 705 15 562
15 -0.04870319109767704 0.280351442859472 0.25592214637706284 84 104 87 0.513342239050013 9 379 23 763 22 634 11 415 16 437 21 755 20 476 3 711 2 394
2372 0.06863792324647902 0.2979009765614201 0.2580970364841594 46 32 32 0.2838662117959892 17 728 15 608 18 149
556 0.061541427830036556 0.0702244362531828 0.3916456735989877 210 242 255 0.5068683382261753 23 95 3 767 4 1214 11 289
1125 0.10953065237383244 0.2910477230935729 0.24508333165602136 167 117 113 0.3660179702728802 3 1099 11 1666 19 160 17 683 18 710
16 -0.04876987448783715 0.2803773115204232 0.2560445421923072 84 104 87 0.5947648071811671 9 380 23 764 22 633 8 616 16 436 21 754 20 475 6 361 19 290 7 388 13 310 14 1249 2 393
2373 0.10294911780057324 0.2868258452026781 0.26740043091849597 80 63 57 0.35639116028475176 14 787 17 169 15 635
557 0.03796221718139516 0.30931406736403305 0.2363493971405606 255 149 132 0.10520120599667832 23 365 3 803 11 541
1126 0.11811974146071486 0.2963444944812679 0.24229660647591694 119 82 83 0.26431294377238895 23 924 11 1685 16 148 5 270
17 0.11687363435758759 0.27817470319001897 0.253494323725606 224 229 255 0.6364449035434251 9 387 23 847 22 232 16 124 5 804 1 123 20 67 13 193 12 1897 14 753 18 214
2374 0.12815779540839836 0.27711934820136475 0.27148189628678515 148 146 131 0.8942980986616648 7 240 17 781 15 642
558 0.07067612162550808 0.29661090813314095 0.24347261347546262 179 127 86 0.16296533433356986 9 455 3 826
18 0.11463416383232512 0.2787967602103402 0.25275704296773793 220 226 251 0.20939631545129123 9 390 23 423 17 96 15 573
2375 -0.016600242943039398 0.284460423039565 0.2614817425685356 164 148 140 0.4528045893282198 17 745 15 648 18 693
559 0.0704911140064596 0.2966463450365621 0.24315002393136645 179 127 86 0.6343449394667496 9 456 3 827 4 858 5 371
19 0.1289663276782561 0.2785074926234661 0.25210378323064553 255 245 218 0.7081624150262859 9 393 23 882 22 620 3 1110 12 1914 8 1079 4 1466 11 1162 16 533 5 1093 1 103 20 41 6 105 7 157 13 176 14 21 18 218
2376 -0.003000893145234776 0.06748832823984693 0.357205892422039 149 161 175 1.0091912515423838 14 512 15 734
560 0.07549389479084073 0.29835650070166525 0.24175845555290196 246 205 151 0.8345219582983165 9 463 3 835 12 1631 8 212 4 374 12 1277 11 577 5 362 21 272
20 0.11903560174823058 0.2797387242210049 0.25150752151043326 105 123 173 0.3108624072372242 9 396 23 446 22 240 3 877 12 1673 8 745 4 1265 11 1137 16 121 5 226 18 201
2377 0.047726553883938365 0.04867084954098764 0.38019604165213705 176 71 87 0.12555676420008013 17 540 15 784
561 0.07442079389528418 0.30456973936615295 0.23807713342669615 255 216 172 0.45638047530689296 23 869 3 836 12 1641 8 219 4 1225 11 1174
21 0.1168893439057643 0.2803151973356775 0.25134986798210485 101 116 155 0.42001199669409406 9 398 23 860 22 245 3 873 8 747 4 1455 11 1434 16 133 5 809 20 68 19 198 7 189 15 73 18 191
2378 0.05765127711566595 0.044017915639558015 0.38362263842531197 10 100 171 0.07749089014062277 17 558 15 791
562 0.10446269298013496 0.29889850221960923 0.23874430771318064 182 34 36 1.5126821643655222 3 868 12 1676 8 143 9 472
1131 0.11583724389166934 0.2921701278148858 0.24417651788354747 165 125 126 0.8826441715825618 23 1291 11 1831 16 807 20 70 3 1106 19 679 7 792 18 1035
22 0.12404896406442588 0.28005327984778694 0.25128868562907203 126 86 128 0.5107181929607543 9 399 23 879 22 244 3 887 8 734 4 1271 16 105 5 207 18 202 17 82
23 0.10950311118046785 0.28063056088670446 0.25181869377460764 235 254 255 0.8163230019125147 9 401 23 841 11 1122 7 209 14 49 4 463 17 85 15 571 18 185
2380 0.12416793236446078 0.27888609378627854 0.2705111265364304 143 141 129 0.24805474540327144 14 1199 17 182 15 996
564 0.1290659543434282 0.2799531890967703 0.2517708652299142 174 81 75 0.6824498339843714 9 400 3 896 12 1916 8 727 4 1280 11 1448
1133 0.12433902813174612 0.2914521774567557 0.24449916784423922 253 255 249 0.42865546913273683 12 2252 11 1950 16 958 1 406 20 887 6 511 19 974 7 1157 13 697 14 1160 2 775 17 1081 15 915
24 0.11872616634265705 0.2809969373111669 0.25066471030121024 226 245 255 0.5090957622042431 9 404 23 868 22 250 3 880 8 744 4 1264 11 1149 16 125 5 805 20 61
2381 -0.029510469450107712 0.2674984637848231 0.27027151504886576 175 179 172 0.3659128097483782 17 178 15 1016 18 163
565 0.00855287470410204 0.07853582788252143 0.36739699791665004 189 205 224 0.4409179315735727 23 979 3 970 21 569 5 759
25 0.1074276868549574 0.28165052754095876 0.25155178958823604 231 242 255 0.37539187589398243 9 406 23 840 22 627 11 1423 16 161 5 827 7 212
2382 -0.042065231100788435 0.25122866767547375 0.2802692420177559 188 187 171 0.2928551448270895 17 214 15 1038 18 241 4 607
566 0.018604707007703315 0.07105370528097839 0.36986155604808524 249 255 255 0.6559636108720733 23 973 3 974 11 143 16 794 8 1459
26 0.11319905976284328 0.28170157687276626 0.2503759846216981 96 114 144 0.44820466274178483 9 408 23 857 22 254 3 872 12 1894 11 1433 16 141 7 196 17 75 19 197 15 566 18 181
2383 0.0516014014409981 0.04635392136433501 0.3809858293712323 250 210 211 0.3036063277126443 7 535 17 545 15 1093
567 -0.038214377984028575 0.28892262057157503 0.2511867492283657 131 130 105 0.6482103078390512 9 993 3 1015 8 1211 4 1053 1 515 6 660
27 0.11319518803089404 0.2817025175930285 0.2504202878486738 96 114 144 0.4818399446445041 9 409 23 856 22 255 3 871 12 1895 11 1432 16 142 7 197 14 38 17 74 15 565 18 182
2384 0.0037599971463684804 0.05680200475494605 0.37716964374031553 78 153 193 0.5496410516390372 7 622 14 1386 15 1112
568 -0.025063360672285494 0.3144982831210763 0.24023932770230702 93 121 94 0.29387108410748025 9 1048 3 1039 12 1834
1137 -0.04836927544863688 0.26927076052567317 0.26208486469200065 114 147 135 0.3031210962790409 23 1584 11 2016 6 1149 13 1613 14 2105 2 1563
28 0.10983965202484847 0.2830993713583474 0.24964511624411112 95 114 154 0.3119804474133671 9 412 23 851 22 637 12 1888 8 758 4 1251 16 154 5 822 20 81 7 202 14 751 18 168
2385 0.125749113878581 0.08457255054910266 0.4477602696244627 164 59 55 1.3097766803699984 19 864 15 1138
569 -0.019103571895936748 0.3113013427266062 0.24272742653578547 92 118 88 0.49157702266891506 22 914 3 1043 12 1840
29 0.109765759155143 0.2830129029678878 0.24961659789171162 95 114 154 0.3731774159350438 9 413 23 852 22 638 12 1889 8 759 11 1428 16 155 20 82 7 203 14 752 18 169
570 0.07940447713305111 0.2978129434592217 0.24183377053045826 146 94 50 0.10481787320208563 23 844 3 1079 11 1435
60 -0.03240148200847806 0.3223755161827512 0.24005664343074015 163 175 151 0.30205630870486594 9 538 23 800
1170 0.008412231534120271 0.04926958885972675 0.37931555551822915 82 114 148 0.47798755531516435 9 56 16 543 5 735 21 45 1 81 19 914 14 1960 17 1416 15 1622
61 0.06219096366464425 0.32072003595892207 0.23155312584791926 98 32 12 0.02766969708755384 9 545 23 909
1171 0.002705943370063488 0.05958592843575758 0.37597660278657474 252 251 255 0.38831647494512 8 446 16 560 21 55 5 1075 1 386 20 746 19 897 2 1173
62 0.04144722176522579 0.32662571489274317 0.22746655420323236 223 86 88 0.5120512550656777 9 563 23 890
1172 -0.020312394715523558 0.06482556981787913 0.3705676772027277 96 221 255 0.7376223010705198 8 541 16 603 20 780 14 1968 18 1259
63 0.06242363662805696 0.06723853070802571 0.39112571612179586 4 89 159 0.43691051241057266 9 636 23 1001 3 1212 21 33
66 0.0832578567082587 0.17955062789514512 0.3340292569931247 156 161 167 0.41784947795271465 9 695 22 47 23 226 21 135
67 0.13572697186482557 0.21519761143759528 0.3101823355497263 252 255 254 0.4009977076141837 9 709 22 543 23 785
1177 -0.05794679081918552 0.2662146527533157 0.2644058260808607 91 105 83 0.6129285642631626 3 677 22 598 16 738 5 1417 20 822 6 675 7 951 2 882
68 0.13572697186482557 0.21519761143759528 0.3101823355497263 252 255 254 0.4009977076141837 9 710 22 544 23 784
1178 0.022243156144120743 0.035648115808813705 0.38815625565394624 177 250 255 0.5414173815572615 9 29 16 779 5 1046 6 894 7 1596 17 1649
69 -0.10789584502077501 0.22691064215165724 0.2937059289172022 102 125 123 0.7077716977135425 23 692 22 797 12 1515 9 716 21 752
1179 0.022070446946814246 0.035987366659706393 0.3881406103304899 177 250 255 1.0525417455715507 8 863 9 30 16 780 6 895 7 1597
70 -0.05012439555995551 0.24310592821007193 0.2988330421046443 100 90 58 1.6167168580285298 9 727 23 744 22 135 5 502
2427 -0.014795254371543451 0.07112529362556017 0.36749407038399223 244 245 241 0.6454683974897977 17 1618 15 1739 18 1419
1180 0.022113939718039516 0.03792945282335101 0.38632206746726516 35 173 217 1.3562266923201964 8 380 9 31 16 781 5 1049 21 539 6 726
71 -0.0579137838118879 0.24309618590488677 0.27754942078107286 138 153 151 0.7731648881735037 9 728 23 730 22 804 5 955 16 416 13 1096 17 1160 18 771 10 1458
2428 -0.009660911902314419 0.7163969059804273 1.1150637738816254 0 0 0 1.2429186403435828 1 1105 9 1513
1181 0.013535952926500635 0.03945572792548664 0.3861670933939962 195 255 255 0.58984883240214 8 893 16 790 20 1094 6 905
72 -0.05793703588497013 0.24310975969264306 0.2775262027107598 138 153 151 0.746595903593848 9 729 23 731 22 805 11 997 16 417 5 956 13 1097 17 1161 18 772 10 1459
1182 0.010367922418600631 0.17728261363598088 0.3360005024749447 124 120 128 0.35721379783126217 9 690 16 835 5 847
73 -0.041779202208981916 0.25236121138206596 0.2738588124461737 170 154 127 0.18735943101684926 9 739 23 749 16 878 20 464
74 -0.0468338613580203 0.2572160546624867 0.26879822121976027 113 139 135 0.5129736268134524 9 741 23 1039 22 812 3 991 12 1547 8 1007 11 1378 5 1394 21 716 1 502 20 807 19 327 13 334 6 346 2 873 18 720
75 -0.041689023705548604 0.266921697033638 0.26284362320145777 232 255 255 0.46690958084721484 9 749 23 757 22 600 11 407 19 307 7 935 13 326 2 390 18 698 10 1162 17 141
1185 -0.0563423322042078 0.26391095564716655 0.26564005200485824 107 111 100 0.5699857211160128 22 816 16 907 6 674
76 -0.0455392333954126 0.2693154231319937 0.2618246375278641 229 241 200 0.4225920492261081 9 751 23 759 3 708 8 1001 16 723 21 968 19 305 17 136 15 656 10 1505
2433 0.1268673815790372 0.08252410000597178 0.44830711107047355 150 41 35 0.28874460218291786 19 1634 15 1802
1186 -0.07165373843980981 0.24467087862348566 0.2776352993232322 109 110 103 0.48543464422155597 22 806 16 912 21 963 20 841 19 785 2 913 17 207 18 760
78 -0.04993947130570848 0.2715838273140561 0.2607360571082068 229 255 255 0.3516012006895794 9 754 23 755 22 822 11 410 5 1228 21 973
2435 0.1268673815790372 0.08252410000597178 0.44830711107047355 150 41 35 0.28874460218291786 19 1635 15 1803
1188 -0.0474931039563616 0.0632017325539528 0.37383078737525677 75 207 255 0.9253062120452246 8 1024 16 983 5 1485
79 -0.03804171514785955 0.27830335149580865 0.25661537984064103 104 131 123 0.1976154797525446 9 760 23 767 3 725 12 1148 16 716 5 1221 5 1403 21 740
80 0.11928953051984323 0.27594499738390194 0.2545194110141628 86 85 109 0.7084554966965451 9 761 23 842 22 608 3 876 11 1419 5 796 20 62 16 111 6 129
81 0.11008837240702884 0.27929396810078505 0.25286802432207045 93 89 116 0.3822286628130001 9 764 23 1082 22 624 20 83 17 97
1191 -0.002476816179024261 0.21145318147830963 0.3154453896801663 252 255 250 0.4755201262592778 11 1377 16 990
82 0.12722398988082542 0.27974901918076245 0.2515242701463454 146 91 116 0.32382887237481695 9 766 23 885 22 625 3 1109 12 1911 8 1084 16 535 5 788 20 46 18 211
1192 0.22898458888863527 0.18854176304445594 0.3238681371810858 129 131 122 1.6494298234157907 3 1130 22 1128 16 1070 9 1124 21 817 20 874 7 1164 19 1046 13 1075 15 1043
83 0.11193527519642214 0.2831423064128825 0.24956038517738233 239 255 255 0.34558957315663186 9 767 23 1099 22 639 3 869 12 1892 8 754 4 1255 16 562 5 818 1 132 20 76 6 164 7 194 19 192 13 180 17 72 15 564 18 737
84 0.12736970127607414 0.283312456167331 0.24959015521460298 158 91 102 0.3674428620026635 9 768 23 894 22 265 3 1112 12 2051 8 1082 4 1464 11 1453 16 536 5 791 1 112 20 623 6 119 19 174 13 163 2 148 17 73 15 53 18 190
2441 -0.017953099130258734 0.281022828648808 0.2600371576909977 168 150 121 0.7019624893999266 17 1795 15 1822
1194 0.13261847365113155 0.28564082936778434 0.24733409244154755 255 255 248 0.6035014863569302 3 1488 16 1083 1 753
85 0.10883252088352192 0.2843788686702815 0.24892947479989833 242 255 255 0.4109446393033303 9 769 23 1095 22 837 3 1278 12 2035 8 1098 4 1447 16 571 5 1130 1 138 20 88 6 168 19 191 7 201 13 182 17 65 18 731
1195 0.0019227190919892338 0.06069584277024493 0.3753287301291691 252 255 255 0.6112231015226316 9 1097 16 1091 5 1466 21 1036 1 750 20 1203 19 1436 7 1685 14 2190 6 1120 2 1431 17 1533 15 1795 18 1430
86 0.1209060775745864 0.28602411173696785 0.24786684567724157 128 103 111 0.6325539155639077 9 776 23 1120 22 642 8 740 12 1910 16 554 5 808 20 57 19 168 7 160
2443 0.13041084278123782 0.28560485960536025 0.24955987408247926 228 225 211 0.5400319016784557 13 1774 14 2235 15 1842
87 0.1274714537194481 0.2890628736874341 0.24607777145069762 253 254 255 0.4980041948874197 9 781 23 1298 22 651 3 1120 8 1081 4 1465 16 541 5 797 1 116 19 151 18 730
2444 0.005344962017204095 0.1713086621828008 0.3374060005263312 83 87 80 0.07408524526440553 17 1843 15 1846
1197 -0.051292365010228554 0.06805417126272223 0.37093989349997664 1 185 248 1.278670604409637 8 1029 16 1115 21 853 20 1238 2 1524 6 1138 17 1700
88 0.12883573673203777 0.29012822918367537 0.24545397279031617 118 101 118 0.396372580798997 9 782 23 922 22 654 3 900 12 1926 8 1078 4 1472 11 1481 16 540 5 795 19 142 18 723
1198 -0.027526545903105874 0.30893760612275084 0.2413055782856651 87 123 105 0.8857453776626091 23 1479 16 1158 21 1314
89 0.11123664966760376 0.29082107824748643 0.2448950196204233 255 255 251 0.6062073390734212 9 783 23 1117 22 656 3 1100 8 756 4 1453 11 1671 16 573 5 830 21 220 6 178 19 158 7 172 13 148 14 26 15 553 18 708 18 709
1199 -0.0724954568871119 0.252171794908915 0.2731914086864934 94 122 86 0.40924011029391627 22 1152 16 1172 21 1222 20 1247 6 1088 19 1229 7 1559 13 1426 14 1911 2 1419
90 0.10944811698584436 0.2910589358740187 0.24488456624393723 150 101 114 0.36833964900531574 9 785 23 1112 22 659 3 1098 8 1096 4 1449 11 1665 16 576 5 834 21 223 1 147 20 84 6 186 19 159 7 177 13 157 14 28 17 684 15 556
91 0.10942832786317651 0.29105868852893907 0.2451008892690474 150 101 114 0.19248572266746825 9 786 23 1113 22 660 8 1097 4 1450 16 577 21 224
1201 -0.061641170583543 0.23528002321777272 0.2830011311981903 252 253 247 0.5748232669647813 8 1573 16 1231 5 1690 21 1356 20 1323 19 1494
92 0.114281034129158 0.2918885554262497 0.24493796823366346 254 254 245 0.5763309717244264 9 789 23 1125 22 664 3 882 12 1909 8 748 16 564 5 825 21 217 19 154 7 166 17 40 15 555 18 123
1202 0.0094888048149926 0.06428669637652831 0.3709664618963759 97 125 157 2.203038034447203 8 1545 16 1281 19 1581 15 1829 14 2221
93 0.10837296797294761 0.2923195476142486 0.24431241975128637 254 254 254 0.8210234074014993 9 791 23 1118 3 870 8 760 4 1446 11 1672 16 175 5 1138 1 150 20 90 19 155 7 178 17 34
2450 0.09415096018148353 0.15810601857036452 0.34639121126336625 238 245 237 1.3550942011009859 17 1924 23 1699 15 1899 12 2420
94 -0.030803780308922734 0.2966920537139148 0.2465133984465947 233 254 253 0.8798205286371169 9 792 23 280 22 308 3 754 12 1173 8 1203 4 1070 11 436 16 902 5 1224 21 758 1 512 20 785 6 347 7 368 2 852
2451 0.14976159944969406 0.037353383646279506 0.4150946513647745 200 204 202 1.7356009171055267 1 1037 2 1632 15 1870 9 1452 16 1354 13 1798 17 1881
95 0.08054582361443698 0.2935023619404481 0.24446939953180283 245 204 160 0.31612003626228474 9 793 23 1077 22 667 3 1077 8 781 4 1234 11 1421 12 1861 5 1154 21 663 1 173 20 660 6 210 13 187 14 80 2 212 18 89
2452 -0.0033473775855295622 0.06654337612062489 0.3709988455794622 248 254 255 0.5668722373581084 19 544 7 1070 2 561 15 1480 8 920 4 694
97 0.1246901598900931 0.29233774961841685 0.24419139925665104 255 252 249 0.32271730406380195 9 795 23 1134 22 852 3 1117 8 1085 4 1458 16 552 5 810 1 124 18 713
2454 -0.011665004123107222 0.06814852220810926 0.3686783736723535 248 251 255 0.3954419576619947 6 160 7 1306 13 951 15 1478 8 510 4 119 16 207 20 388 17 1219 18 1254
98 0.12468059779462996 0.29231487552682167 0.2441346289726536 255 252 249 0.2657150990463513 9 796 23 1133 22 853 3 1118 8 1086 4 1459 16 553 1 125
2455 -0.015806994656916415 0.06688456955857391 0.3694498049868013 98 96 125 0.8821125645297275 8 525 4 643 16 599 20 770 6 526 7 1097 13 1169 14 1965 2 971 15 1333 2 612 17 941
99 0.1297269704807565 0.2929828546616609 0.24450372146377447 255 255 251 1.014307609260926 9 798 23 1306 22 857 3 1298 12 2063 8 1282 4 1607 11 1838 16 793 5 1108 20 617 19 673 7 779 18 1038
2456 0.04639725398633769 0.3066192493368311 0.25410269278450176 129 130 120 0.0182170205457858 17 1104 15 1235
1693 0.056044266829681326 0.30192015569297254 0.256192397411366 97 86 85 0.48268702621599924 20 194 6 581 19 229 7 882 13 769 14 1531 2 816 17 1112 15 1237
1694 -0.043852624012416415 0.24043397014615206 0.29953031871100605 73 69 70 1.2350414959287837 9 950 20 988 23 1038 6 625 13 1434 6 1051 14 1776 14 2015 2 1146 1 485
1695 -0.0782579847009889 0.18126708287483018 0.33555584468326904 132 136 127 0.41400170807588754 9 693 11 975 6 638
1699 0.043091771131030056 0.0485814513723585 0.38072891393408104 193 134 168 1.1544434917338364 20 927 6 720 14 1798
1700 0.09652125905527155 0.2010155889912465 0.3434028702655132 158 148 144 1.9575126934414513 9 934 6 737 13 865
1703 0.006352501906638768 0.06435626015378584 0.3728069865546125 249 255 253 0.2827798503318092 5 1073 6 746 7 1290
1704 0.08505105528700815 0.29267502177402166 0.25975480900801184 197 189 177 0.38219823194835667 20 665 6 771 2 803 18 1053
1705 -0.02740930804295634 0.2758244424160481 0.2578798465086392 166 137 113 0.2679829622394231 11 1605 20 970 6 812 14 1550 2 1099 12 1997
1709 0.09630493766355953 0.14470943142747927 0.35401130364144745 252 255 251 0.7102363036650484 4 1580 8 1429 6 897
1710 0.013820217931845047 0.0395164175609895 0.3868633609165382 202 255 255 0.5918981973393611 20 1093 6 904 17 1717
1711 -0.015421838098845961 0.06005269114383282 0.3736571472240986 96 99 102 0.2966285197154885 9 621 6 916 2 1302
1713 -0.018013690484649944 0.07008352845665666 0.36705329599327136 117 118 162 0.4381614739228489 5 1317 8 1199 6 926 13 1475 9 630 18 1421 1 614
1716 -0.08911171421162252 0.22999208671330107 0.2905834244943254 152 139 127 0.3593270795366296 20 1148 6 992 19 1072 14 1926 2 1295 17 1359 18 1068
1761 0.0628011320108139 0.2996770348960449 0.25579111179518593 145 145 149 0.37330651060313197 20 181 19 221 18 707
1774 -0.010877499455180179 0.06049955469442112 0.37436999575278634 106 123 144 0.47352573486911737 6 137 19 572 7 1108 13 959 14 1418 18 917
1775 -0.0240992590958986 0.2938998516926796 0.2475662347931192 82 114 106 0.7503817083178687 22 1036 19 748 7 912 13 788 14 1234
1783 -0.07487858076408105 0.25036266331910684 0.2749497043247225 98 111 80 0.5075085835645118 16 1050 19 1058 13 1295
1789 0.0732455132108847 0.2971942560815243 0.26194142169196616 138 122 121 0.45572706268495994 6 935 19 1200 7 1512 13 1257 2 1241 17 1475
1791 0.05196624988082407 0.046078257773006455 0.3805299331689504 244 203 223 0.5662967542844624 6 888 19 1315 17 1641
1797 0.00439141789181931 0.06490328544537442 0.37309387660564214 246 255 255 0.9239303596140481 5 1569 19 1518 15 1794
1798 0.1407705133915278 0.28325763892944544 0.25587984202798925 197 33 41 1.334923361323177 16 1337 19 1553 7 1790 13 1519 6 1117 2 1235 20 1175 18 1551
1800 0.12245183342383102 0.19427821983066046 0.3238185609941454 250 255 254 1.6066794739809365 5 1629 12 2294 19 1566 1 970
1801 0.15779150046944468 0.055544878983303424 0.40505465396336005 44 51 58 1.1878062385572072 16 1187 19 1574 15 1732
1803 -0.07613947147554259 0.2380711918969647 0.28154743722240216 209 221 225 0.5674580301482115 6 1258 20 1428 19 1620 2 1642
1804 -0.08734005430459008 0.14927007513816765 0.35236761813913653 250 255 254 1.2840563042614686 22 1363 19 1629 7 1891 14 2262
1805 -0.08753887685220939 0.1494248583693949 0.35289505891272194 250 255 254 1.4422381237290092 22 1364 19 1630 7 1890
1808 -0.00022780093730186777 0.2050728894012065 0.31945649294375544 250 255 254 1.6931228258602449 5 1860 19 1700 7 1881
1809 0.2269550038514611 0.1973977615449479 0.31743682490077196 81 95 97 1.7081780148601837 3 1660 19 1740 7 1900 17 1888 15 1861 18 1638
1811 -0.09470743190012613 0.23141991338839066 0.29322800294566886 158 170 175 1.5770338387887115 6 1333 19 1745 7 1931 13 1816 14 2281 2 1746 17 1836 18 1603
1812 0.1143054258765397 0.29079325157612984 0.24710834595896172 158 125 127 1.8490032666245302 3 1674 6 1326 7 1902 13 1811 14 2236 17 1885 15 1855 18 1637
1820 -0.005134073718665326 0.0651047618391155 0.37130284211299663 134 136 174 0.45850238307875674 8 1185 4 1109 20 954 6 754 16 816 19 1313 9 78 5 1088 21 78 7 1594 13 1472 14 2051 2 1177 15 1742 18 1426
1821 -0.022251809462537134 0.29323145477304213 0.2484586886680635 108 136 114 1.117519713768771 22 1305 3 1531 19 1368 5 1598 20 1213 6 968 7 1649 13 1402 14 1889 17 1463 15 1564
1822 -0.002892394039753379 0.06815022980784906 0.36929502411231946 128 147 173 0.3160899311111122 5 163 6 127 19 877 8 469 4 691 7 1293 13 1154 15 1477 18 1260
1823 0.17152795719119354 0.22522412072810155 0.30258881240767693 129 128 127 1.129884357638717 3 1596 9 1501 19 1614 16 1356 4 1857 5 1798 1 1080 20 1393 6 1178 21 1440 7 1796 13 1694 18 1586
1825 0.2269550038514611 0.1973977615449479 0.31743682490077196 81 95 97 1.7081780148601837 3 1661 19 1741 7 1901 17 1889 15 1862 18 1639
1826 0.0802033470738329 0.3093292898307379 0.23550367468888408 198 163 142 0.3565802369221728 6 229 7 216 14 754 2 193
1827 0.13064724854061108 0.275995411508427 0.2715107736703636 156 160 160 0.4352437849793231 6 98 7 233 13 767 14 1192 17 785 15 1255 18 308
1828 0.13055225019321365 0.2759422943501948 0.2714333986920804 156 160 160 0.3212896589445535 6 99 7 234 13 766 2 178
1829 0.12627125477396176 0.2778232603163625 0.2708949208060652 164 164 164 0.31331929899014394 6 117 7 244 13 255 14 1196 17 777 15 997
1830 0.11743357037173598 0.280254695490309 0.26572683281876613 163 161 161 0.2936479048361586 6 138 7 246 13 224 14 777 2 186 17 763 18 269
1831 0.11405434599188327 0.2812809986512733 0.26503348347716205 155 158 156 0.267457206607535 6 153 7 255 13 225 14 780 17 761 15 976 18 263
1832 0.1116562306111772 0.28231711439964163 0.2645641480553311 163 157 157 0.28568454606634563 6 162 7 259 13 226 14 781 17 759 15 973 18 259
1833 0.10603893554478483 0.2851756634110384 0.26564371218437743 93 94 97 0.22259404497943996 6 185 7 270 14 784 17 158 15 624
1834 0.10327568888696073 0.2853781895406604 0.26486075958274824 94 96 98 0.2742383837104177 6 191 7 271 13 237 14 786 17 154 15 620
1835 0.06865146462053046 0.29914189731044943 0.24284690721679522 132 89 80 0.6625777347617573 19 189 7 272 15 44
1836 0.07349842760704137 0.29618473414617763 0.2592328998056331 68 68 74 0.3467584740346581 6 228 7 293 13 245 2 254 17 737 15 963 18 166
1837 0.07350280630635206 0.296255692929807 0.259278355993934 68 68 74 0.36578541823745536 6 227 7 294 13 244 14 1216 2 255 17 736 15 962 18 165
1838 0.06874050185604157 0.29764938289283327 0.2581977101308657 62 62 64 0.43649887339811394 6 567 7 298 13 249 14 799 2 262
1839 0.05736450029949062 0.3008871840372808 0.25779473408595444 155 154 154 0.5752613093825147 6 253 7 315 13 258 17 113
1840 0.0475771878030931 0.3058863943591958 0.25687549793075426 88 74 81 0.6312784088399986 6 262 7 319 13 264 14 810 17 101 15 128
1841 0.022258208214263032 0.3117517975334451 0.2507876512881043 93 57 61 0.5875624039010573 6 289 7 333 13 772 14 1226 2 306 17 694 15 951
1842 0.1101709362766053 0.16522257495002543 0.34157467636802485 96 110 114 0.992446735562258 1 366 8 129 7 375
1843 -0.027457474827468503 0.26504165229465443 0.26742624625439604 230 233 223 0.21455584833317817 3 161 7 386
1844 0.07916240003981567 0.06003513947607411 0.3780745554717706 243 253 254 0.6766924333241999 6 9 7 493 13 894 15 731
1845 -0.08893725688035727 0.22895198231045125 0.29364042048416994 110 113 116 0.3915444660661393 6 387 7 500 13 421 14 1279 2 600 17 264
1846 -0.08894178002307337 0.22894753261633174 0.2936473916979707 110 113 116 0.44264248825580105 6 388 7 501 13 422 14 1280 17 265
1847 -0.08835514676189903 0.22833806233946397 0.2947785539377801 200 207 201 0.3732588232139344 6 382 19 405 7 504 13 879 14 1590 2 603
1848 0.04565213171012645 0.060694622485695175 0.377780122152282 216 255 255 1.0555013109711253 19 866 13 498 15 1315 17 974
1849 0.05045787518435222 0.045519048806462965 0.38088409247497534 255 211 230 0.38617824751909163 8 314 7 537 17 547 15 788
1851 0.11980198854776669 0.2802040742772728 0.26742337927888093 62 62 66 0.3596132646778055 6 135 7 832 13 230 14 1194 17 770 15 989 18 279
1853 0.11050878551479427 0.2828143929854278 0.2662547113512793 70 69 75 0.1886019314034264 6 519 7 840 13 232 14 1202 2 201 17 764 15 987
1854 0.10722290446557743 0.2863022509823588 0.2643680609378882 157 160 163 0.38358662997901494 6 528 7 841 2 793
1855 0.07280427916200059 0.29398787256071296 0.24987356094987356 105 57 41 1.48149703738677 19 722 7 848 18 1310 5 1168
1856 0.09252285464983746 0.28930879319006225 0.26280099401618545 71 70 77 0.35797415991813586 6 197 7 850 13 240 14 1207 17 752 15 974
1857 0.08883449372339482 0.29090368453228316 0.26195962004430434 73 72 76 0.5090802729538269 6 541 7 853 13 751 14 1209 2 236 18 766
1858 0.08274514183968876 0.29263980232665104 0.26489599973276234 69 44 49 0.6322375878623979 6 551 7 863 13 268 14 800 2 809 17 755 18 1203
1859 0.0654048393803412 0.2994856402315749 0.25789815349008605 78 77 85 0.556451754889494 6 570 7 871 13 764 20 175 14 1527 2 267 17 1116 15 1240
1861 0.057863526836997435 0.3007392197806944 0.25603593374305456 71 74 75 0.5136467735310827 6 577 7 878 13 761 2 281 18 704
1862 0.05735572170072076 0.29985825515273257 0.2557849152240471 71 74 75 0.42469704214261855 6 578 7 879 2 282
1863 0.023120181429699627 0.31327970361728646 0.24898599621582182 185 156 156 0.33599071055706997 19 728 7 890 14 1225 15 946
1864 -0.024698149730406484 0.28855292977611635 0.23762751353724593 98 121 113 0.746366691608922 4 1049 7 906
1866 0.10888098074841293 0.16825483415643164 0.3395862058114115 113 120 124 0.1458638690439838 20 106 7 925
1867 -0.05251310491589151 0.27477686360462994 0.25996556822549427 116 120 94 0.25627485087874996 19 767 7 941 17 116
1868 -0.05281289038058999 0.25242847607090985 0.271937868508682 235 254 250 0.3202627608703589 6 655 7 958 13 834 14 1257 2 888 10 1481
1870 -0.07465919772296535 0.24497655764951892 0.2776322212401646 119 124 91 0.6361999712894671 19 787 7 968 13 849 2 918 21 969 10 1119
1871 -0.09037009234811731 0.2295030844765549 0.2946050379599658 184 192 193 0.44685021472188136 19 407 7 996 13 880 14 1592 2 968 17 831
1872 -0.09038059974272084 0.2295469180804137 0.29464875072775076 184 192 193 0.5434525800938153 19 406 7 997 17 832
1873 0.05831981873724883 0.05747149223425915 0.3786154876238578 158 216 255 0.6699006366805427 6 33 7 1004 13 903 15 1313
1874 0.05131774978685389 0.05787466883397072 0.3784197465564312 223 254 255 0.44707421131133085 19 868 7 1014 17 984
1875 0.04899664340952952 0.059165227063029 0.3776571110180599 219 252 255 0.44411802986974064 6 42 7 1015 13 910 15 1314 17 979
1876 0.05285240072757482 0.046853167823135894 0.38071227630480226 255 223 247 0.3314381947996761 19 887 7 1018 17 1248 15 1331
1877 0.049920645824722595 0.04385803224458446 0.3825662738311283 208 89 119 0.4603766486778537 19 559 7 1029 13 538 17 1255
1878 0.04855158329065765 0.04221307931439525 0.3826811879288898 255 212 236 0.7255208796961962 6 30 7 1034 13 947
1879 0.04753517144271798 0.042316409652259225 0.38342142479495567 193 86 122 0.5720019203996716 19 575 7 1038 17 1256 15 1342
1880 0.04572979432553571 0.03480661475253138 0.3903252313998077 227 255 255 1.7053239598487917 8 328 7 1052 15 1152
1881 0.043303455572845595 0.03515055918565401 0.3890004130819898 229 255 255 0.5498306252546127 16 35 7 1053
1884 -0.005991684662458002 0.06220070555305183 0.37397615304451076 45 106 169 0.5523711633999489 20 361 7 1088 13 955 14 1657 2 586
1885 -0.011695513741573722 0.06491821937664796 0.37243526984344677 43 91 154 0.5360176242345626 20 393 7 1093 2 605
1886 0.10571998376088679 0.2997443561434787 0.24063242211307856 239 225 196 0.6705863236742563 6 767 7 1160 13 1021 14 1493 2 782 15 1409
1887 0.07589527603959391 0.29379065098961143 0.24535143953530103 255 246 209 0.8943914351790762 19 991 7 1177 15 1201
1888 0.07073163054282203 0.29576237052697185 0.24435176644695192 254 249 220 0.47580321636050665 19 711 7 1180 15 928
1889 0.0949616877812608 0.2890551352684578 0.2674431150034311 68 46 56 0.0991388734090711 6 770 7 1186 2 801 17 1128
1890 0.08440647740655324 0.2931073765987069 0.26320448122062373 176 173 172 0.35259395039409597 6 772 7 1188 13 1052 2 806 20 144 17 1336 19 1008 15 1435 18 1056 18 1199
1891 0.08902598339521153 0.2922182337770458 0.2662784041229916 64 48 50 0.6765088420415447 6 542 7 1189 13 776 2 805 17 760 15 633
1892 0.062377945925891444 0.2987152229069437 0.2552272393662214 146 154 154 0.3919490490824695 6 573 7 1197 13 743 2 264 17 1111 15 1233
1893 0.04635461654621915 0.30477361722333296 0.254167949251706 148 158 161 0.4200721970490015 6 592 7 1200 13 1047 14 1532 2 820 17 1103 15 1234
1894 0.03218423873785404 0.30894565966909693 0.24952356333240186 179 172 177 0.4536962945110118 20 933 7 1204 13 1255 2 823 19 214 17 1315 15 1222 18 1005
1895 0.03559819874181835 0.3090069800200121 0.252292992618311 152 158 158 0.22760569152432497 6 800 7 1206 17 1095 15 1427 18 677
1896 0.027468063321510177 0.3117906719363762 0.250857561359676 175 182 183 0.42676059319017967 19 729 7 1209 13 1050 14 1743 7 1394 2 1078 17 1090 18 671
1897 -0.038128560711071055 0.2563481631237821 0.2805922446034079 194 204 196 0.2565461757056408 19 781 7 1241 13 344
1899 0.07501603832765831 0.06576784448564772 0.38200538539481105 12 87 162 0.8142976314332915 6 882 7 1261 13 1319 14 1933
1900 -0.1050486252992323 0.23431681560370637 0.29732670487438445 137 141 134 0.5639162891669216 6 405 7 1269 2 988 17 837
1901 0.04164745108697036 0.06394981856818574 0.3755887499414805 196 235 255 0.3751633698909207 6 469 7 1275 13 909
1902 0.0478590381957018 0.033089539214408235 0.39012779467940906 20 164 242 0.30777805085597687 16 500 20 196 7 1287
1905 0.020282612457066553 0.03809570870582999 0.3866490839182352 11 180 232 0.18410954973309612 20 287 7 1308 17 1428
1906 0.020282612457066553 0.03809570870582999 0.3866490839182352 11 180 232 0.18410954973309612 20 288 7 1309 17 1427
1907 -0.00954920693041654 0.06134191705315618 0.3738683201312113 58 85 116 1.3530258687509653 6 136 20 385 7 1323 14 1659 13 563 2 965
1908 0.1522278435740443 0.2921917756941367 0.25590076717033405 203 67 68 0.7997848988968072 19 979 7 1371 15 1211 17 724 18 240
1909 0.02479290159622267 0.3136936177325987 0.24158278506441705 167 11 20 0.2655346338028299 19 1193 7 1392 13 1246 14 1735
1910 0.027236839802680136 0.3102445123061458 0.24574175640741458 144 35 41 0.41377563545046153 6 804 7 1393 13 1043 14 1739 2 824 15 1551
1911 -0.0007770619359372764 0.30770837801064865 0.25569217329737837 65 66 72 0.9632420862265738 19 1016 7 1405 14 1543 13 1059 2 1090
1913 -0.05323200355062115 0.24312586951369577 0.27698362049077146 192 177 131 0.6234012725527449 19 1231 7 1436 13 1294 6 976 14 1769
1914 0.09837077964888112 0.08415450064566848 0.3888672310212178 129 137 152 0.7854764633042604 8 1109 7 1442 15 1294
1915 0.05544188166296981 0.04276408448665206 0.38394230973880633 184 242 254 0.461225483067171 19 1324 7 1458 17 1546 15 1685
1916 0.023962748841897533 0.11337740913681993 0.3902219711589195 64 77 91 1.2478977713654091 7 1459 2 933
1917 -0.019755243642463893 0.06117674907634546 0.3728966780306628 117 145 170 1.0366494436516096 16 823 7 1482 13 1362 18 1263
1920 0.08580169726798835 0.30197077726020466 0.23906206061372115 176 149 116 0.5478611038916407 11 2107 7 1507 13 1240
1922 -0.01848263088890362 0.3004928925800495 0.2439653892586544 211 241 233 0.9744234433724221 6 1052 19 1204 7 1524 13 1399 18 1301
1923 -0.049547878721960044 0.27730100279436837 0.25815704725943883 221 236 231 1.0558980511428233 19 1376 7 1542 13 1414 14 1901 17 1474 15 1577 18 1367 10 2101
1924 -0.013986277439582551 0.1902960602297374 0.3294328542262292 249 255 251 0.49094703888264374 21 1195 22 1130 7 1570
1925 0.046051080553338015 0.049087121547984135 0.3801785893473976 249 192 212 0.5178235346458478 6 1021 19 1428 7 1581 13 1559 2 1412 17 1638 15 1744
1926 0.011439738972611777 0.06798750514688032 0.3704160311777043 0 187 250 1.1680363633447879 19 1418 7 1588 15 1674 17 1527 18 1483
1929 0.021383650291803193 0.31286492623045375 0.2454377994900439 164 31 31 0.9202350874613282 6 1047 7 1644 13 1391 14 1993 15 1552 18 1174 17 1307
1930 0.04106416980539849 0.06353261128740495 0.3764389971572368 219 250 253 0.37944798764771853 6 1022 7 1676 13 1557 17 1701 15 1736
1931 -0.0017286613906775923 0.06631918870572652 0.3708206769122685 250 255 254 0.9296045736055307 6 1029 19 1424 7 1683 13 1565 2 1293 14 2043 15 1793 17 1628 18 1482
1932 -0.006397248692912829 0.06816297565857254 0.3693034959414287 249 255 254 0.11411939917694498 19 1422 7 1684 15 1740
1935 0.10706211419171234 0.2970973278389911 0.24187699290876105 175 167 153 0.8193077539774158 19 1552 7 1720 17 1667 18 1508 21 1453
1936 0.03590735410497704 0.30884390261728367 0.2518694933929919 160 164 163 0.4918152354890569 6 1209 7 1726 2 1552 15 1720
1938 0.027091464311883494 0.3118161024309533 0.25013731531197697 179 182 185 0.3260176578989518 6 1045 7 1730 14 1994 17 1735 15 1718
1940 -0.0018337756446254205 0.2114601523165694 0.31703981520141633 252 255 254 1.413971887081459 19 1403 7 1743 13 1308
1942 0.05449534757125603 0.05781126548509687 0.37841983072126206 249 255 254 1.0045464083787967 6 1109 7 1753 13 1636 14 2182 2 1507 17 1776 15 1792
1943 0.044642634831185156 0.06213507095796812 0.3769914012028679 221 250 252 0.9986700519231516 6 1111 7 1754 13 1637 14 2184 2 1510 17 1775 15 1789
1947 0.12181755887343225 0.27926048026924416 0.26900627055854276 115 120 125 0.3985279047543159 6 1236 7 1794 13 1604 14 2152 2 1541 17 1747 15 1780
1949 0.08416694275309855 0.29269584089606965 0.2616580712758892 138 143 148 0.5741357469261943 6 1197 19 1559 7 1799 13 1607 14 2158 2 1545 17 1744 15 1774 18 1514
1950 0.07554106653330843 0.2949434754581064 0.26006056136134587 148 153 158 0.6752051607972794 19 1560 7 1800 13 1689 14 2160 2 1546 17 1742 15 1772 18 1512
1953 -0.026509789138515455 0.3301775210840784 0.23100762367325736 93 109 106 1.4307424531547446 19 1604 7 1809 13 1601 18 1446
1954 0.10171296543066739 0.071957972529464 0.39584487329339274 252 255 254 0.7514752968026687 8 1628 16 1328 7 1817
1955 0.10171296543066739 0.071957972529464 0.39584487329339274 252 255 254 0.7514752968026688 16 1329 7 1818 8 1629
1959 0.042627300414988224 0.31016462891852414 0.2356370520677487 207 124 114 0.769872433057798 19 1655 7 1841 13 1684 6 1245 14 2153 2 1547
1966 -0.08140692855739257 0.13736536644925024 0.36150635937127995 46 62 72 0.16106523498166908 19 1751 7 1924
1967 -0.03110966112017768 0.2956693001475609 0.2470462204157178 164 186 173 2.0549232125734718 23 1703 7 1929 13 1847 14 2288
1968 -0.0013592044689019712 0.30094343165017734 0.26721198018818915 252 255 254 2.3790491791250794 6 1344 19 1760 13 1849 7 1942
1970 0.09868424312376388 0.07549277739245794 0.390528505447951 252 255 254 2.0177143905929915 6 1321 19 1794 7 1948 17 1914 15 1901
1971 -0.021294057318567487 0.21131416916219684 0.31462264649165866 114 126 126 1.626796469790704 19 1786 7 1957 13 1865
1972 0.09172456972768878 0.22001157359023768 0.315612125468037 252 255 254 1.3674634029133914 6 1370 19 1809 13 1862 14 2301
1974 0.08022602949465774 0.20367168622287302 0.3362246923037962 252 255 254 0.8736098489292288 6 1382 7 1974 13 1882
1975 0.08630900488955735 0.29821614373607525 0.24127795238644018 239 206 162 0.33033563326805854 20 651 6 207 7 223 9 807 19 162 18 79
1976 -0.059237094379559194 0.23510898881970532 0.28266439628797313 249 255 247 0.3858071063537147 9 308 22 568 5 1212 21 697 19 371 7 965 8 1242 20 827 3 36 13 369 14 882 2 472 17 813 18 789
1977 0.006519017415016872 0.1567575076780293 0.34916672801989657 254 255 250 2.2435294283169043 3 1619 4 1842 6 1310 7 1917 16 1367 21 1446 1 1120 20 1450 19 1706 21 1475 13 1819 2 1677 12 2362 15 1866
1979 0.02533693111347876 0.1487031437005696 0.3528846759732271 201 204 201 1.8683045767237962 16 1389 23 1621 3 1588 4 1844 6 1305 21 1442 1 1088 19 1666 7 1884 13 1794 14 2259 2 1705
1980 0.10170019096943075 0.2849131336999917 0.2498417406089141 252 151 132 0.9127999387188658 9 1430 23 1597 22 1298 3 1542 5 1647 1 765 20 1275 7 1641 12 2344 6 1130 13 1520 14 1877 2 1363 13 1388 18 1451
1981 -0.005131157715495949 0.06510312339108343 0.3712971341427506 101 105 134 0.4764660106641435 8 1186 4 1110 7 1595 9 79 5 1089 21 79 19 1314 16 817 20 955 13 1473 14 2052 2 1178 15 1743 18 1427
1983 0.05682255292034657 0.04531465429802811 0.38183077365737367 208 243 255 0.9919388891346345 3 1191 8 1329 4 1550 7 1578 11 864 16 927 5 1271 1 351 19 1433 9 616 2 1126 17 1642 15 1679
1984 0.05410650649144438 0.04476658967067107 0.38145899426913366 159 134 182 0.7720961392743696 3 1003 8 1331 4 1547 7 1455 8 1143 6 714 19 1318 5 1035 2 878 17 1542 15 1681
1988 0.11263971174446874 0.28749623571276506 0.24673834371149084 122 105 110 0.31657484120430024 6 522 13 164 14 742 2 165
1989 0.0728506105881031 0.2936577215380001 0.24457444871708484 151 119 81 0.29580207805089737 20 150 13 192 17 36
1991 0.14800359726273174 0.26458552249394224 0.26704867634745416 83 20 21 0.35008724495161037 6 74 13 214 14 756
1992 0.023240531545823295 0.3168713828266435 0.24312275093581562 164 12 23 0.20378661751639693 6 608 13 215 14 164
1993 0.12508973631850256 0.27725552886657945 0.265237073487646 118 51 56 0.5919524206992157 20 60 13 217 2 173 17 165
1995 0.12879788477328713 0.2778887671138756 0.26755797155012745 164 156 154 0.6357244121492001 7 225 13 223 17 172 15 622 18 289
1996 0.037878583057031595 0.30690221871652174 0.2500585820493901 173 149 151 0.44134393209906947 7 320 20 254 13 229 2 295 17 60 15 588 18 71
1997 0.10761595131309717 0.28416691391376875 0.2656933551848192 84 96 103 0.3525541728253854 6 174 7 265 13 233 2 210 18 256
1998 0.09246836797470467 0.28926682712416013 0.26279376578725694 64 63 66 0.35093722110285175 6 198 13 241 14 1208 17 753 15 975
2000 0.07148886191092886 0.29664753004443356 0.2587951503134153 51 53 61 0.43165389319867753 7 867 13 246 14 1217 2 257 17 732 15 960 18 157
2001 0.07149184220249812 0.2964485425101046 0.25871307890291984 51 53 61 0.3881437263015494 7 866 13 247 2 256 17 733 15 961 18 158
2002 0.06866386776530432 0.29748422493397964 0.2580831457443237 52 57 64 0.40672272426473377 6 566 7 297 13 248 2 261 17 729 15 609 18 148
2003 0.06638396276362601 0.297443393478903 0.25769267473375435 52 57 64 0.33968754541100815 7 869 13 250 15 958 18 718
2004 0.06626974387945551 0.29692669717190845 0.25768549945801966 52 57 64 0.32729014476093393 7 870 13 251 15 959
2005 0.0635708033349551 0.299404766561266 0.25722204961480394 56 61 66 0.47823718332414594 7 302 13 252 14 801 2 273 17 110 15 605 18 129
2006 0.0635708033349551 0.299404766561266 0.25722204961480394 56 61 66 0.47823718332414594 7 303 13 253 14 802 2 272 17 109 15 606 18 128
2007 0.06653415696371182 0.29946952512468833 0.26183399000727836 70 43 48 0.37838335984934485 6 244 7 877 13 269
2010 -0.04536546808930987 0.28648806826300854 0.2528449925672961 89 104 80 0.34993086203105234 7 383 13 302 10 1223
2012 -0.06452049483467392 0.2443661318501182 0.27642379348244206 210 224 224 0.3095460307527339 7 439 13 359 2 467
2013 -0.08558817894281473 0.23063601865333758 0.2879390731619174 213 210 211 0.3505516278058061 6 381 7 491 13 406 14 1267 2 562
2014 -0.06141083216476178 0.22359835437058737 0.29629064091558555 207 215 195 0.4301910135491761 7 472 13 410 14 901 17 838 18 817
2015 -0.06267514797631002 0.22355410335246773 0.29602844565737657 127 123 70 0.5566148165928363 5 505 7 477 13 411
2017 -0.013904023495937792 0.11994754757685623 0.3739379524070431 235 251 255 0.41764292092595123 6 216 13 484
2018 0.15246182787709125 0.03268176170806245 0.41788253658505664 136 143 147 1.1177770552110717 7 972 13 504 2 835 15 1119
2019 0.006172387396904067 0.06741047032058593 0.3711416982347181 57 100 141 0.29518372746743615 7 575 13 532 14 1008
2020 0.004990488883515988 0.06748242775612713 0.3713133723476883 127 187 231 0.2984148003324522 7 580 13 535 14 1353
2021 0.04562075676854691 0.046068308280498335 0.38124905195070513 174 87 116 0.5018745666654376 7 1032 13 537 17 1250 15 1336
2022 -0.002292295204941584 0.06005985663507238 0.37706038397119407 17 73 117 0.15880919386557535 6 110 13 564 14 1399
2023 -0.007237485315213292 0.059124407897546596 0.37642044779110634 114 125 143 0.5135653066295716 7 651 13 575 14 1412 18 565
2024 -0.009670598391391732 0.05923151496225323 0.3757304854537851 125 136 153 0.3350332079389976 7 660 13 582 14 1428 18 927
2025 -0.05261693010216354 0.5136670890974934 0.13596560616132916 197 139 92 0.8019311271459771 19 922 13 634 2 818 6 685
2026 -0.06521502415943631 0.5111139206189291 0.14010302669305044 62 73 69 1.8945803746459142 6 995 13 645 14 1161 2 1074
2027 -0.06086149050104864 0.5030040022482563 0.14618033284392865 109 28 4 1.6896905408180185 19 33 13 655 14 1169
2028 0.11936390418679275 0.29861360331788184 0.2414713744956139 52 50 57 0.29245116061648235 6 758 13 692 2 777
2029 0.026316154094975498 0.3101004245789648 0.2432113533199292 194 70 69 0.5246390455797935 7 885 13 729 14 1220
2030 0.12244726268991651 0.2800263160211892 0.2648457335326691 107 34 41 0.8194543263478679 6 505 13 732 14 774 7 230 17 762 15 968
2032 0.07950238868890953 0.2942963409909151 0.2603085391841046 63 69 77 0.22774941976884278 7 860 13 754 14 1213 2 247 17 742
2033 0.1358173390048686 0.27525253487453183 0.2722832589686356 200 194 191 0.33285119750419007 6 88 13 756 17 792 15 644
2034 0.10006171916442641 0.286471365901131 0.2644918210375043 72 82 87 0.27620801177964605 6 534 13 757 14 1206 2 220 17 757 15 979
2035 0.10006171916442641 0.286471365901131 0.2644918210375043 72 82 87 0.27620801177964605 6 533 13 758 14 1205 2 219 17 758 15 980
2036 0.023037456648187148 0.31281399856383024 0.248967538260478 176 139 136 0.25806876319366856 7 889 13 762 14 1224 2 302 15 947
2037 0.11848672925062079 0.2803284130526317 0.26904635710884345 151 158 162 0.08142339656918691 6 510 13 768 2 192
2038 0.06083692245451488 0.28028064972727895 0.25608516263276704 137 143 147 1.8408776441706154 2 260 17 730
2039 0.07889912796751045 0.29439687726160413 0.26434437088768425 75 52 56 0.8436074756718503 6 774 13 777 2 810
2040 0.07534978992460611 0.294223144750122 0.26350486806862145 67 46 52 0.49540564312933333 6 778 13 778 2 1063 15 1251
2041 0.004322183395906245 0.3060729019912546 0.24913444087478212 35 52 53 0.27557719395790575 7 1216 13 780 14 1537
2044 -0.0909429937005487 0.23239975248714323 0.2893618485174512 209 213 216 0.457241489028903 7 989 13 869 14 1272 2 954 17 242 18 265
2045 0.0794310756494614 0.05834442325233329 0.3805945133554386 235 254 255 0.7279130164929292 6 8 13 897 15 1066
2046 0.052583010305163325 0.06074496984484501 0.3776318230319833 194 223 250 0.6047517078688035 6 41 13 904 14 1600 15 1310
2047 0.0043527332682373465 0.07971311399159713 0.3661264902237198 224 249 255 0.21923521687719122 6 125 13 913 14 1618 15 1065
2048 0.04690466591209436 0.05954596380383458 0.3773604942787709 213 246 255 0.618705751385764 7 1016 13 915 2 428 14 1604 17 977 15 1472
2049 0.042834130080290134 0.061146508881390824 0.37734685154446823 224 255 255 0.5458989145670938 19 1104 13 919 14 1306 2 443
2050 0.007048243621236996 0.07608033688084427 0.3670039201501026 209 250 255 0.45825158634886654 7 1046 13 920 17 929 15 1303
2051 0.005298515089867866 0.07707143129564603 0.3668763682191048 215 252 255 0.4225772308879811 7 1047 13 921 14 1619 2 524 17 928 15 1304
2209 -0.046264128333640776 0.2593321262163093 0.26764861034682624 104 135 123 0.8553944811013341 9 1344 23 1453 3 1444 21 1287 1 998 20 1313 6 1066 19 1383 7 1659 13 1418 14 2007 12 2211 8 1610 11 1907 2 1501 17 1482 15 1581 18 1377
2210 0.007436646259312215 0.06263046749432205 0.37330054884655695 138 146 176 0.676232053117929 16 557 21 562 1 383 20 949 6 743 14 2039 8 899 4 725
2211 -0.03719969460334111 0.29877012073378933 0.24695672525311332 109 117 76 0.3508738164251069 13 286 14 264
2468 -0.0869352904014464 0.22762298990849114 0.3016126938643271 178 168 163 1.7306469302659162 17 295 19 1078 18 331
1359 0.07321961666646677 0.3064575487672648 0.23723416085054014 104 66 48 0.54560277942666 3 378 12 1645 11 654 5 375 4 365 22 357
2212 -0.04580585329621916 0.20721118155873858 0.2654633947807243 57 58 50 1.845130245280878 13 832 14 848
2213 -0.045416051124018 0.2959529114773675 0.24902133720885347 143 135 106 0.22212477902502203 13 1273 14 1897
2216 0.0813368329628123 0.2937856996765745 0.2589041650606437 153 151 154 0.33849517766830345 14 1522 2 242 18 743
2218 0.06063749609457636 0.2993265023116564 0.2566364465117352 73 79 81 0.019506463049200735 13 760 2 278
2475 0.11262422447407586 0.2822566304131942 0.2665604095753406 61 52 51 0.1446316498082301 17 1127 19 240 18 792
1366 0.03955141500904769 0.3114767023065663 0.2349606902459001 195 53 40 0.7224828450562224 12 1243 8 815 5 896 23 377 22 401 11 1120 21 313
2222 0.00904244577299241 0.2950618275727007 0.26545400159604754 107 118 128 0.15624525202051212 3 1234 2 838
2223 0.008568434490772376 0.2938992971718868 0.2649904416941387 107 118 128 0.34730811186020516 5 1508 2 839
1939 -0.027786436148834137 0.27091901289403114 0.26948718279480466 215 222 216 0.6096877477683548 8 1652 7 1737 14 2001
2480 0.12923351768834948 0.2757507944437906 0.26916143797118386 96 80 73 0.3223481711923577 17 1140 19 243 18 1079
1371 0.004796275239684785 0.04542620924536648 0.38178597766839023 113 252 255 0.6177463275101505 16 547 21 44
2224 -0.035579378002952244 0.2726634045212644 0.2597374120051052 102 123 121 0.3932015444681271 13 1071 2 863 17 739
2225 -0.0589535958153246 0.2581756424280474 0.2687091748344478 101 120 113 0.21320540933486373 13 829 23 1035 2 890
1687 0.11053575258612178 0.28280072343655316 0.2662815643607175 95 86 81 0.24316080299646664 20 99 6 518 7 839 13 231 14 1203 2 200 17 765 15 988 18 790
2228 -0.05900094600339069 0.06956517989138888 0.3879131581877612 140 159 182 0.9472011413464844 6 576 2 1021 17 1000
1692 0.05707583403314596 0.30123946358969633 0.25430405044193216 197 187 178 0.5312928491727258 20 191 6 579 19 219 7 873 13 744 14 1526 2 279 17 1108 15 1232 18 703
2233 -0.06845907464495771 0.15391287786771596 0.3525511102771771 123 133 145 0.6388401578479576 6 961 20 1248 2 1187
1701 0.09652125905527155 0.2010155889912465 0.3434028702655132 158 148 144 1.9575126934414513 9 935 6 738 13 866
2242 -0.05773549352580757 0.5008158048003098 0.1468605105291864 207 124 41 0.5835354097390771 6 1156 2 1482 19 1458
2243 0.1518773659580789 0.05135462319146996 0.4056775651141635 137 146 144 0.9157342105936553 7 1746 2 1488 15 1787
2247 0.04952612255516418 0.048522992271452785 0.3764476270001061 0 108 190 0.3813619641048689 13 1640 14 2218 2 1566
2248 0.020407910693598156 0.04155911499617711 0.3840635959030409 228 249 249 0.515762007493007 6 1182 2 1584 17 1817
2249 0.020407910693598156 0.04155911499617711 0.3840635959030409 228 249 249 0.515762007493007 6 1183 2 1585 17 1816
1712 0.11027644935065568 0.28381010059201817 0.26896009425864603 179 166 155 0.5514388418199858 20 895 6 922 7 1382 13 1256 14 1733 2 1057 17 1341 15 1442 18 1211
2253 -0.09538269441149733 1.4775322365037813 0.6364868603558097 85 24 16 2.7228721607765705 16 1320 2 1654
1714 0.08344492912332822 0.30968429579168166 0.2339347725397241 93 57 43 0.85708520202451 20 1185 6 933 7 1505 2 1054 6 779 18 1305
2255 0.05176675253442293 0.32704738644697656 0.2254549112255617 46 51 52 0.49257480487149 6 1313 13 1772 2 1694
2258 -0.028457414309689618 0.2987539393981767 0.2448185307232721 148 178 165 0.8585035228432891 6 1367 2 1758
2259 -0.049048276740141214 0.31223935557616234 0.2510563097962182 33 41 39 2.3576249558161444 6 1369 20 1523 2 1760
2260 -0.0006021668403334886 0.14087208765517273 0.36192529974433774 0 0 0 1.1972877546626082 5 1900 16 1446
1720 0.10790624275507633 0.16665486373254185 0.34156669372132775 252 255 251 0.10118056349822582 4 1591 6 1024
2261 -0.020022618825873674 0.2848471610312686 0.2696270862975304 0 0 0 1.078616385897216 1 1198 20 1542
1721 -0.009797700787616425 0.06277282766404554 0.3734905267327284 113 156 182 1.1106155194626408 20 1208 6 1033 13 1656 19 1526
2262 0.12199266345104447 0.29287000946224057 0.2443018477522845 190 108 110 0.8155672381118917 23 1409 22 1032 3 1292 8 1287 4 1600 16 802 5 1119 1 419 20 625 6 150 19 676 13 142 14 734 2 149 12 2251 11 2050
1722 -0.09047452414332367 0.14807419311141137 0.3528361700748733 252 255 249 0.2729198901690611 20 1253 6 1063
2263 0.06857485052927469 0.2945341265206328 0.24649859458292583 113 71 51 0.7298194357288285 5 1172 1 457 2 238 6 235 13 200 17 1082
2264 0.0654048393803412 0.2994856402315749 0.25789815349008605 52 51 56 0.556451754889494 6 571 7 872 13 765 2 268 14 1528 20 174 17 1117 15 1239
1724 -0.09384654412811355 0.23317373173277045 0.2904714021147718 196 192 182 0.5940878740125229 20 1252 6 1092 19 1250 13 1440 2 1439
2265 -0.051420412432860226 0.2692603351735946 0.26251690289486185 89 123 116 0.6493603274791087 7 1427 13 1078 14 1556 2 1120 23 1044 11 1022
2266 0.03294512893075991 0.3288743376553514 0.2342128015582843 200 38 47 1.792207016903059 6 1046 7 1511 13 1385 2 1369 9 1440 21 1419 1 990 20 1286
1726 0.02574011639489779 0.14378945080302372 0.35394983000083174 254 255 251 1.046031017497887 20 1289 6 1127 13 1630
2267 0.0017466418896095609 0.15473023710609182 0.34930516813801193 252 255 248 1.824727832390336 3 1460 14 2181 2 1516 8 1167 14 1931
2268 -0.04871563060351479 0.2680163705085956 0.26223482759805833 102 151 131 1.0553357128298295 8 1567 21 1364 1 1010 6 1148 19 1486 7 1741 13 1614 2 1564 9 1420 22 1339 20 1376 18 1369
1728 0.011644840207209845 0.3112308750789983 0.24341477811669085 71 50 46 0.7567086829258125 20 1198 6 1141 13 1602 7 1805 14 2093
2269 -0.04583633312510248 0.2636933171561214 0.2648817621057391 160 162 159 1.3452749377707525 11 1909 23 1530 3 1447 8 1565 5 1697 1 1002 2 1499 12 2213 3 1517
1985 0.028982555953955765 0.17978653461962824 0.34130252991452004 252 255 251 1.4535093712139795 6 1378 8 1764 20 1540 13 1876 1 1197
2526 0.027099609542131097 0.31146620979261463 0.25019767869479714 169 167 166 0.5995833624571372 20 1369 7 1729 18 1506 17 1734 15 1719
1417 -0.11611821252168796 1.298129414643003 2.4872701269462487 149 52 47 2.870774382889971 4 1487 21 1249
308 -0.061792470019517445 0.23904248655100466 0.2799302048959365 170 169 146 0.49693208154807406 9 323 22 130 8 647 16 421 21 712 20 833 2 473 17 215 18 783 10 1103
1729 -0.04420556435958762 0.2556445920910847 0.27082830958690657 254 255 241 0.6653515025590402 20 1311 6 1144 19 1488 13 1537 7 1660 14 2106 2 1503 17 1588 15 1658 18 1383
2270 -0.05701223864928663 0.23657755572037983 0.2822246037369906 124 140 110 0.8626560589303558 8 1495 20 1138 6 978 19 1241 7 1560 13 1301 14 1912 2 1275 9 1250 16 1227 17 1496
1730 -0.08010274935643959 0.25165766439143206 0.2787599950705064 194 170 113 0.39582871224782484 20 1332 6 1154 2 1581
2271 0.11075794612375364 0.2809415982782039 0.2513708030314835 223 237 238 0.6019832138687204 9 1155 23 1390 22 1013 3 1408 16 960 2 1053 13 1031 14 1502 17 1323 15 1418 18 1317
1987 0.11666514734362642 0.2970252424732023 0.24218690043201282 194 201 204 0.42204375842482467 6 167 7 787 13 139
2528 -0.04333450921112873 0.24916302216179403 0.2816195919914063 140 134 118 0.5175479706461035 7 423 8 985 4 1062 17 811 15 1039 18 1063
1419 0.007903090003376046 0.056396612144870066 0.3761898104520542 250 255 254 0.8627122133062844 9 1221 21 1258 1 879 20 1294 7 1760 17 1706
310 -0.05230940925494263 0.2556183490702119 0.26961582905143067 255 255 222 0.4695874444973305 9 340 22 170 12 362 21 723
1732 -0.011165059396268476 0.1310781846016829 0.3647802314465178 124 127 128 0.5430632879246229 5 1650 6 1201 19 1572 7 1755
2273 0.11620072132505521 0.284793117570951 0.24834827063819126 185 102 116 0.9704562494279806 9 1268 23 1484 22 1164 12 2248 4 1725 2 1052 13 1025 14 1495 17 1318 15 1198 18 1313
1734 0.034471526496292204 0.3205676880486091 0.2343272091698251 213 184 172 0.6671242589435235 22 1374 6 1210 13 1518
2275 -0.05152388527316563 0.2539071239862504 0.27077824302362086 103 125 120 0.17613982948319667 23 215 2 418
1735 -0.06500656369232313 0.21688505970131927 0.29792152364971725 242 238 115 1.242223576765115 20 1378 6 1217 7 1859 19 1663 13 1701 14 2175 17 1837
2276 0.06263998232305559 0.0321810907591914 0.40133341837309294 0 76 167 1.221553610694306 20 1279 2 1512
1736 -0.08137616359568012 0.23654158984107998 0.28497892321613694 122 110 86 0.6951746539596908 20 1380 6 1222 19 1496 13 1698 14 2174
2277 0.002755969193682143 0.19747541819263453 0.32540817234335984 113 114 112 2.273663238169741 9 1582 22 1438 3 1664 8 1755 16 1463 5 1908 21 1534 20 1532 6 1363 19 1800 13 1867 2 1762 7 1956 23 1698 12 2416 14 2299
1737 -0.08825193858405359 0.14953806629413627 0.35316980814829435 252 255 249 0.7766587994624513 20 1429 6 1252 2 1650
2278 0.08526135257485365 0.3084866787349709 0.23489089448860342 66 48 41 0.8061200494109353 7 809 17 1 15 11
1994 0.14814244938364013 0.2683862671835698 0.27013091834419545 96 18 20 0.5697155073207778 7 805 13 218 15 627 19 734
2535 0.0530010050986857 0.302670371306753 0.2553349206190894 74 69 65 0.3135622224442386 17 91 18 109
317 0.12173234165076809 0.28082212211555824 0.2507173320330468 157 112 149 0.4676984513292791 9 405 22 247 3 884 8 738 4 1266 16 112 5 217 20 56 18 194
1738 -0.08825193858405359 0.14953806629413627 0.35316980814829435 252 255 249 0.7766587994624513 20 1430 6 1253 2 1651
2279 0.02714070244334118 0.3114341798739443 0.24778959178536328 191 147 141 0.29634757873984297 7 329 14 180 17 41 15 92 18 44
2280 0.07066487775591022 0.29383324649901255 0.24830139293575168 150 112 77 0.384441299294946 13 207 14 112 17 53
1741 -0.0785865721797379 0.22826868645139695 0.29020374542475486 179 122 113 1.4215723878868216 20 1478 6 1319 7 1915 13 1814 2 1713
2282 0.036456834745533864 0.3090906905484606 0.2546794258885054 81 65 58 0.41214781557012053 14 813 17 81 15 607
1742 -0.06185639498281445 0.21593173583997097 0.3107782502756349 68 72 66 0.6828378705860433 6 1332 14 2279 2 1728
2283 0.13044918867216243 0.2786649837300252 0.2521498932730034 246 186 159 0.24588197783294843 11 1168 17 89 18 221
1743 -0.09482831008591161 0.23064155438292486 0.29287617530878113 175 172 159 1.3823019868516098 20 1510 6 1334 7 1932 13 1815 14 2280 2 1747 17 1835
2284 0.08362076283801816 0.29326035513632603 0.2610323516202214 70 66 60 0.28869204020792394 14 791 17 128 15 615 18 198
1744 -0.01130958887444496 0.05189024685795851 0.384517098498046 104 116 126 0.1642965603037581 1 1139 6 1342
2285 -0.03252141483658139 0.20381998092409884 0.2628360762088905 211 224 207 1.6692344941404755 8 1698 15 180
2286 0.12109186894304824 0.27950592387612505 0.26800672324567104 184 176 169 0.0969546128151753 7 245 17 175 15 628
1746 0.08677844591483677 0.21531497563152735 0.312741274246926 250 255 254 1.6985956149851416 12 2438 23 1728 7 1965 17 1933
2287 0.11978303627168649 0.2807680710990937 0.2700171694392234 179 174 166 0.3208132499591553 14 782 17 180 15 640
1747 0.16476295690247608 0.2621392074102753 0.2695375781576658 73 75 67 1.8343529048998555 4 1913 13 1873 14 2309
2288 -0.03654254674994527 0.25846647906433645 0.27594028659038283 193 199 186 0.3606712620328349 7 405 17 195 18 763 8 544
2289 -0.05246403507849736 0.23856325479730256 0.2930662703984384 112 101 47 0.27087311544800374 4 31 17 251 18 301
2290 0.17652114517314324 0.22647880456529448 0.3013777744503193 131 131 127 0.217032608091273 9 295 17 300
1750 0.02533693111347876 0.1487031437005696 0.3528846759732271 196 198 195 1.8683045767237962 21 1443 3 1589 4 1845 1 1089 6 1306 16 1390 23 1622 19 1665 7 1883 13 1795 14 2260 2 1704
2291 -0.0011291973268197691 0.07042961221817523 0.3680736265318213 48 103 134 0.1447036432943569 19 524 17 476 15 1082
1751 0.08811239090201863 0.2934284326815258 0.244327403672087 147 66 55 0.6267919797084363 9 794 23 1091 3 1269 8 1112 4 1575 5 1150 1 166 6 203 12 1871 11 1647 20 649 7 232 14 65 15 40
2292 0.04838478213673336 0.04079529160981966 0.38408034554254844 164 81 91 0.2509174792348506 14 967 17 566 15 1116
2008 -0.032795480511795726 0.3042375360368299 0.24287515467108595 93 112 88 0.6059161807671919 19 742 13 275 10 1771
2549 -0.01678404551091009 0.8626365043081923 1.46117678474091 0 0 0 2.204768758817871 1 851 4 1483
1440 -0.03642853634297972 0.2623762958721536 0.2703448096163232 162 156 148 2.1350840398475026 5 1878 21 1482 1 1142 20 1487
331 0.06852558652952623 0.2995121018782115 0.24103815265167938 166 99 63 0.16458404285099926 23 1076 22 323 5 872 8 795 20 158
1752 0.0697653480725828 0.30132299590055167 0.2401456140993845 254 224 183 0.5572499580693399 23 1257 11 1644 6 241 9 1026 22 884 3 1258 12 2152 8 1320 4 1557 5 1346 1 459 20 675 19 695 7 260 13 175 14 85 2 226 17 10 18 665
2293 0.10569970532025441 0.28223277671350744 0.25205914866170387 124 60 67 0.11946380837076466 19 204 17 711
2009 -0.0030045631948848357 0.30441744270834664 0.2532857032427747 166 187 177 0.6816131307075479 7 1219 13 280 14 827 17 1319 15 1430 18 1178
2550 0.57320504072244 0.3236087766487015 1.1008732374587162 156 70 66 1.7506190711541914 23 1315 10 1799
1441 -0.01923876837516347 0.2901431226832054 0.24829388974535502 162 173 141 1.6629908844726955 9 1532 22 1394 21 1483
332 0.06861760930112124 0.2995420933105778 0.2410813525515347 166 99 63 0.3459876717224285 23 1075 22 324 12 1624 5 873 20 157 18 60 8 796
1793 -0.009291044201500656 0.06469166090140616 0.37072107171760565 249 255 254 0.5200060783780278 20 1207 19 1431 14 2134 13 1573 2 1435 18 1481
2334 0.03609383730918553 0.3082681873126502 0.25186703506999136 152 144 134 0.975395929866762 20 1285 17 1575 18 1368
1225 -0.03702294532493687 0.04692172829515931 0.3764419694632628 45 52 53 1.814089066656819 8 1756 16 1461 21 1515
116 0.03592867336649074 0.32212512874079385 0.23265338296212423 227 201 204 0.8975469200485356 9 843 23 850 22 931 11 1187 5 1365 21 929 1 471 20 711 6 278 2 276 14 120 10 1928
1688 0.09656232384238038 0.28532128972004456 0.24994349659609572 255 136 116 0.7109788750318354 20 113 6 536 13 724 2 187 18 1039
2229 0.059957257676916516 0.3007870625295924 0.25906562686001894 136 126 130 0.3519819875858385 19 1006 2 1068 15 1431
1815 0.1504064846580619 0.21821372286422966 0.30749010026169526 0 0 0 3.093810428006564 9 1586 16 1452
2356 0.07014409848296067 0.07027781265348475 0.37652612010015774 252 255 254 1.0034228899166078 7 1919 17 1898
1247 -0.0007464901801938272 0.20815703947170835 0.3190022325794797 252 255 251 1.25355235289157 9 1470 16 1370 20 1453 19 1624 14 2212 2 1675
2099 0.15352400945995756 0.28320476034869885 0.2569517137299016 182 58 61 0.702376656373961 6 1275 13 1735 14 2200
1756 -0.046277969591028804 0.25885980160266575 0.2675142972120144 101 131 113 0.7192078847246879 1 999 6 1067 9 1345 21 1288 19 1382 7 1658 13 1419 14 2008 2 1502 20 1312 17 1481 15 1580 18 1376
2297 -0.02463993535228287 0.273907858839127 0.268072286607895 148 141 130 0.4120769816942968 4 672 17 767 15 1010 18 134
1794 -0.004030850799628746 0.06294009564574027 0.37290376745348364 249 255 254 0.39182687182739484 20 1100 19 1434 7 1688 13 1575 14 2133 18 1428 16 967
2335 0.1527702471562388 0.29039525657293996 0.25190012096255304 54 48 40 0.681529445443115 19 1188 17 1578 15 1713
1792 -0.031943925607775335 0.2659125832618975 0.2638876870235603 85 93 82 0.8662005452971459 8 1557 19 1379 18 1372
2333 0.030769822099130744 1.7425299691911362 2.994720016221419 0 0 0 2.7674094279571193 1 962 3 1430
2076 0.12005807877336716 0.27622059791611187 0.2563515169233307 148 71 88 0.4153984645449041 6 1031 13 1389 18 1393
2460 0.050836570382704734 0.21777041992583296 0.3188874522330462 85 89 83 2.2825507042309394 6 1373 7 1952 15 1894
2203 0.008509402472336627 0.3059637510681513 0.2520937104942871 0 0 0 0.814050820263737 6 1329 13 1779 18 1600 17 1865
1691 0.07496309885108787 0.29565050129755455 0.25795907948772656 199 189 177 0.41207616663567026 20 156 6 558 19 227 13 741 2 808 18 732
2232 -0.020738386292376475 0.06677433412244567 0.3691270126779259 21 99 163 0.2147010684350537 1 134 2 1183
1818 0.04742275105178423 0.04506334654687141 0.3809284395935621 153 121 124 0.9594651098700159 6 459 16 511 9 47 4 795 19 1119 7 1281 2 438 15 1606
2359 0.07591006585784463 0.143599808612436 0.3575416209937915 113 120 116 2.106604227690075 8 1732 4 1863 16 1430 5 1870 1 1163 19 1766 7 1930 6 1339 17 1929 19 1790 7 1946 15 1892
1250 -0.04131314164284574 0.10154648497011842 0.35636765237630474 172 186 219 1.7039031283312667 8 1717 16 1421 9 1549 5 1857 21 1499 1 1122
1759 0.028982555953955765 0.17978653461962824 0.34130252991452004 126 127 125 1.4535093712139793 8 1765 20 1539 1 1196 6 1379 13 1875
2300 -0.032824993218668684 0.2635065997310472 0.27305853945527603 191 193 184 0.36209981015196707 8 532 17 790 15 1023
2230 0.04156706642923207 0.16488902112994286 0.34303723437781203 115 124 140 0.2405725332112163 4 1207 2 1104
1816 0.021766658709478325 0.1810899963197416 0.33902184531553975 252 255 251 1.5730105479197707 21 1546 17 1944 15 1909
2357 0.12039914377897006 0.16495339404840914 0.3333200250324771 104 113 104 0.3078855329928749 17 1937 15 1905
1248 -0.0007464901801938272 0.20815703947170835 0.3190022325794797 252 255 251 1.25355235289157 9 1469 16 1371 20 1452 19 1623 14 2211 2 1674
2100 0.0782378764106849 0.2924859423395214 0.2516902463386275 146 46 46 1.3024192234299568 6 1283 13 1737 2 1615 17 1791 18 1546 18 1582
1788 0.09222809917738435 0.3058850070116499 0.2375897997044627 175 66 61 0.5671442842703692 1 774 19 1186 7 1163
2329 -0.09415974310608483 0.9695005722217067 1.741609824338024 0 0 0 1.5470447698759786 4 1620 9 1380
1220 0.11551407333783989 0.14866632865122925 0.34983550378723244 117 117 117 1.306248123904188 9 1566 22 1416 16 1437 5 1883 21 1508 1 1159 20 1499 19 1788
2072 0.14077006110990437 0.2732980861128617 0.2699774878285238 131 38 42 0.8452562363546635 6 736 13 1253 14 1879 2 1238 17 1346 15 1569
1690 0.07770578373459039 0.2941651200195932 0.25829982791069916 200 185 177 0.4157165743493811 20 151 6 555 19 226 13 740 14 1523 2 807
2231 -0.05128106372565195 0.26890686798433977 0.262334801064783 87 124 115 1.0355007256011266 7 1426 11 1021 2 1119 10 1892
1817 0.05279876609215766 0.13578806545255878 0.36320094530921226 98 115 120 1.952444198300325 16 1468 20 1538 19 1814 17 1947
2358 0.04922531506213986 0.13706531809196293 0.3638524967886226 0 0 0 0.5519225577204577 7 1970 9 1601 2 1784
1249 -0.012521308785737501 0.1341489203320947 0.36191331074342903 106 109 112 1.62393495099094 4 1826 16 1393 5 1856 19 1709 7 1922 17 1878 15 1880
2101 -0.07602739853740569 0.2382741023631791 0.2817637060163539 206 216 221 0.5729986817135003 7 1853 13 1745 14 2213
2281 0.12194252708536112 0.2875872190013397 0.2468681371338076 227 216 204 0.17081279821261397 11 1460 17 56 15 43 18 154
1758 -0.01800293501519566 0.07017627075597214 0.36720050077138605 124 120 161 0.43423765057966374 8 1198 4 1333 6 925 16 976 5 1316 20 1112 7 1599 9 629 13 1474 14 2135 2 1299 18 1420 1 613
2299 0.1330366667793108 0.2757570634949272 0.27202900357898085 177 172 158 0.2090178255176922 7 828 17 789 15 1001 18 315
2227 -0.0192707430045611 0.06361067070269927 0.3716047729022639 97 140 170 0.45243719361900175 14 1852 2 974 18 1127
2354 -0.055788366347628744 0.26167276970904524 0.26722331666738364 210 204 192 1.4393669953733488 8 1718 17 1868 18 1621 5 1879
1245 0.22667235667465754 0.20817819900112444 0.3110530829507015 89 89 85 1.2384306831424199 3 1548 16 1072 5 1269 3 1494 18 1403
1733 0.06838600961631598 0.3116788610240588 0.23489095716807257 196 126 87 1.4853095809367467 20 1399 6 1203 7 1723 13 1598 14 1990 2 1543
2274 0.00988243821515896 0.29128519626722377 0.2675645157177213 112 120 127 1.9553809554868957 23 1658 22 1347 8 1671 16 1374 9 1505 3 1606 5 1840 21 1461 1 1125 20 1448 6 1249 19 1563 7 1733 13 1693 2 1555 14 2100 23 1592 11 2151
2237 0.106420120950497 0.2840187438931601 0.2705390634687485 53 60 64 0.5172451351246494 13 1395 2 1364 17 1586 15 1576
2077 -0.018479895887825032 0.30065469444289467 0.24441782592479594 192 220 215 0.22255146942430085 7 1525 13 1398 14 1887
2618 0.021657420533970264 0.08436969151641975 0.379932119715039 231 244 255 0.4905354363948443 12 1030 4 782 10 203 12 1778 21 83
1509 -0.10078673001663692 0.2352819753801006 0.29418762451520775 242 223 182 0.9879865220013452 16 1052 21 1229 1 952
400 0.1307536907658287 0.28099635034571424 0.2506608689695987 221 118 120 0.7579234556055101 23 1402 22 1014 3 1414 12 2249 4 1679 11 1823 16 950 5 1094 1 397 20 883 6 488 19 703 7 1158 13 708 14 1162 17 1099 15 932
2104 0.0017354700088171567 0.08123128882083493 0.3741249608718178 12 173 233 1.2761561304980529 6 1237 13 1759 2 1643
2323 0.0225449995106434 0.034921802192908594 0.40550731278597096 98 121 129 0.04110611749905538 7 1117 17 1440
1214 0.09556248377992342 0.09328642182833774 0.38666620503089916 119 117 114 2.2179377806898435 8 1730 23 1645 16 1414 19 1750 7 1912
2066 -0.00463719810337595 0.0684222628525781 0.36901193984980346 234 255 255 0.4911256846197001 19 880 13 1156 18 1123
2221 0.4781693951051888 0.3115454712302848 0.24519195964477197 182 121 70 0.20474561478026956 13 661 2 731
1807 -0.00022780093730186777 0.2050728894012065 0.31945649294375544 250 255 254 1.6931228258602449 5 1859 19 1699 7 1882
2348 -0.08869665442039774 0.5202932268014667 0.7896617808261204 0 0 0 1.6919230296410188 1 1131 12 2351
1239 -0.056838250412976576 0.23954726743125979 0.27971558753202996 242 239 231 0.6425308731283426 3 1340 8 1498 16 1153 9 1138 23 1193 22 1146 6 982 19 1240 7 1558 13 1299 14 1773 2 1274 17 1166
2091 0.10772200415768597 0.282003319039778 0.26575438066905216 126 137 146 0.8900248108645398 6 1239 13 1605 14 2155 2 1542 15 1776
2088 -0.05933411322590701 0.2688217650077321 0.2633715548381863 65 113 91 0.7320311558662357 6 1152 13 1536 14 2009 2 1509
1766 0.1260163322198539 0.27745863494335965 0.26713578077200284 171 168 168 0.19528110957911657 20 59 19 236 7 827 2 177 17 771 15 982
2307 0.0063227752658970475 0.07870337506967652 0.3664782084767303 189 209 222 0.500623699554491 7 554 17 926 15 737
2220 0.004489467313212578 0.07975879701719224 0.36605956972673004 220 245 254 0.1736455696237976 7 1044 2 523 17 923
2474 -0.04889384084934774 0.2503395998970148 0.27311158252151957 115 112 99 0.3295715251035888 17 188 22 583 18 750
1365 0.07777618130231101 0.30445818110482803 0.23812730543615876 153 102 56 0.351153159942833 8 784 4 1420 5 866 23 478 3 387 11 1178 16 250 21 278
1806 -0.05589192698622854 0.5064533527264263 0.14017269703681623 217 125 35 0.2498179335244031 6 1261 19 1644 13 1673
2347 -0.15335884783142778 2.0695488421593216 0.7906745425488719 0 0 0 1.7955969160922431 2 1659 16 1353
1238 -0.04138398165629002 0.2836444602292818 0.25414562055592343 98 112 103 0.9499109130346037 3 1369 9 1153 8 1373 16 1031 9 981 23 1050 22 1018 3 1007 5 1545 21 1225 16 1160 1 825 5 1609 20 1124 6 829 19 1024 7 1419 17 1102 15 1253 10 1902
2090 -0.04465196314738361 0.25111821634489073 0.27561998765529006 103 103 94 0.6367119723677813 6 1060 19 1392 13 1540
1697 -0.062931330906217 0.2621044689312911 0.2668326798233353 126 129 80 0.24787232585109642 20 834 6 676 13 826
2238 -0.033150512786995 0.29070696231435605 0.24996524645917004 210 221 221 0.7140222077133838 11 1921 13 1406 14 1757 2 1388
2078 -0.032794976707768035 0.29114779186238327 0.25045720804880056 205 217 221 0.7934192394417773 7 1532 13 1407 17 1316 15 1429
2619 -0.01664828479561581 0.10297175066508699 0.3746446124326536 96 140 174 0.7461334864772593 12 2102 11 1761 10 1665 23 1165 3 1162
1510 -0.0755067208624582 0.4940136317554821 0.7446988112214277 125 31 28 0.7433041371303982 12 1933 1 954
401 0.11541426756444348 0.28155273328661956 0.25084628982688906 246 255 255 0.4774654394276487 9 987 22 1015 5 1320 1 417 20 890 6 515 7 1162 13 720 14 1172 17 1100
2105 0.08322607194337667 0.22978672906234757 0.3044991462714005 250 255 254 1.8728027301266224 3 1645 20 1470 13 1786 14 2256 2 1695
1951 0.029344431700461675 0.3080102498911477 0.24222500899288088 151 32 37 1.3331581490332696 6 1247 19 1607 7 1802 13 1687 18 1504
2492 -0.04147796941048718 0.2878005701826837 0.25208868176543076 222 212 206 0.37901931927260407 19 1372 18 1358 10 2109
1383 -0.10516150556075166 0.233389704636245 0.29559002754867697 183 181 173 0.24611663362343314 5 678 21 435 1 317
1773 0.04793852846355287 0.046144660394112566 0.37966159360956353 175 86 118 0.7274310088914454 5 45 19 554 13 523
2314 0.08581186288923083 0.30554631415104955 0.26589227881308547 68 36 34 1.5735595653968164 14 1218 17 1125
2057 0.030577232982784294 0.3183342709788235 0.23875970261802532 157 118 119 0.3261748342070654 6 947 7 881 13 1035
2219 0.04349794656668623 0.3046879146467493 0.25107412158663667 160 148 148 0.24538566162272019 7 883 2 290 17 64 14 805 15 589
2086 -0.02444885874809498 0.3018930206831461 0.24304668927351153 198 217 217 0.6316038576043986 7 1648 13 1527 14 1997
2305 -0.05208883471192562 0.23956134547798288 0.291584084445049 206 201 161 0.16589981891201847 7 450 17 824 15 1045
2108 -0.06587487358105235 0.15246032765145168 0.3497896908697815 112 125 131 1.3361762952536513 6 1293 13 1797 14 2250 13 1754
2327 0.10305157910470066 0.28408287464908694 0.25039306059760513 246 169 142 0.4109892739877628 19 1192 17 1466 15 1416
1218 0.1407567225456536 0.19488543537883513 0.3244371403690138 113 115 114 2.062900640141361 16 1435 21 1509 1 1161 20 1497 18 1648
2070 -0.06882818657325257 0.5049727093204407 0.1484818722141656 175 109 48 1.2687316188130522 6 1094 19 1156 13 1222 14 1876 2 1247
1757 0.12383944359200144 0.2771781953033329 0.25367327661837713 231 240 246 0.8298888932987348 16 1275 5 1740 1 974 6 1028 9 1427 23 1545 22 1342 3 1544 12 2348 4 1803 8 1625 20 1271 19 1473 7 1639 13 1386 2 1360 17 1579 15 1550 18 1457
2298 0.12839251987019998 0.27800652690750166 0.2715557801583094 157 150 141 0.6996736951743587 7 239 17 780 15 643 18 304
2011 -0.041185185194449664 0.23869897572707613 0.2487534856463701 93 110 94 1.6816104050016465 3 631 13 304
2552 0.57320504072244 0.3236087766487015 1.1008732374587162 156 70 66 1.7506190711541914 23 1316 10 1800
1443 -0.07962531871095535 0.23243976755843598 0.29037403679511586 168 137 125 0.5510292469270957 22 1450 21 1536
334 0.07282908449756413 0.3003623935809322 0.24063675004561638 187 129 80 0.20747442434471605 9 471 22 329 3 362 8 223 11 1141
1754 0.08942248907014251 0.29571280805835126 0.242749645668709 189 152 111 0.5565446454752718 22 1038 23 1391 3 1271 16 980 1 626 8 1307 5 1492 6 544 11 1658 12 2157 19 690 7 220 13 710 14 1178 2 789 17 24 15 32 18 1021
2295 0.09393896149765892 0.28845640961238705 0.2596072651663203 108 29 28 0.564310187284689 13 220 17 740 18 208
2214 0.09058139557381678 0.2901389321097044 0.26064109063504065 149 150 154 0.2084876981170125 13 739 2 233 18 762
2272 0.012827829983482824 0.055944768608493164 0.37481728863070046 118 125 173 0.4430516318711745 5 1634 1 876 6 1188 19 1585 14 2224 2 1583 16 1199 20 1292 17 1777 15 1833 7 1757
1772 -0.0001755467606885747 0.0642542741110266 0.37331777448656095 233 252 255 0.1654764037845534 6 497 19 547 7 1297 13 1163 5 141 2 944 15 1484
2313 0.13551777818711777 0.28409964696779216 0.24909582212387232 154 81 68 0.03373150152534126 11 1949 17 1097
2056 -0.004342078894824076 0.05638052453095071 0.37882556840355947 109 127 141 0.30877515850239234 6 109 13 966 14 1669
2226 -0.009789849946912767 0.06239584977138953 0.3746588887057993 56 79 113 0.554347393064512 7 1324 20 386 2 964
1762 0.035739006367734596 0.30860505590127774 0.2523206087545834 142 149 155 0.4720547909376447 6 799 19 224 7 1205 13 770 14 1533 2 822 17 1096
2303 -0.04504974776751605 0.2512318673933531 0.28821032322789 196 168 45 0.6734784433756759 19 357 17 816 15 1279
2328 -0.033949557712082724 0.2604100540023999 0.27814977631395554 177 182 166 0.9601003338380361 4 1504 17 1492 15 1583 18 1321
1219 0.11609093672466939 0.14889103927874545 0.3483862750362313 117 117 117 1.1275350232209513 9 1565 22 1417 16 1436 23 1700 6 1351 7 1945
2071 0.030693154725687868 0.33651186611969747 0.23166785282225263 204 72 73 0.6420879902447069 6 952 7 1510 13 1241 14 1883
1912 -0.016540373173529223 0.29702518558324265 0.24524315454002274 86 130 115 1.1600738304223364 6 966 7 1407 13 1263 2 1253 15 1220
2453 0.04802602064977879 0.03352355222677821 0.3905535497463974 38 163 231 0.3703902306020333 20 197 7 1288 15 1525 6 443 14 1805 1 43
2196 0.026320561375167653 0.14565444959211937 0.3542267752039761 254 255 249 1.2730686107118476 3 1467 14 2176 2 1568
2326 0.12755768065893539 0.2935372449489294 0.24238782154059493 55 52 47 0.4867706893510823 7 1499 17 1460 15 1540 14 1489
1217 0.1405402380916792 0.194456144722479 0.3219801606439427 113 115 114 0.4535423452652325 16 1434 1 1162 20 1496
2069 -0.0642569576817241 0.5064552503660492 0.13719899273944672 55 40 39 0.7594246409694372 6 1093 19 1151 13 1213 2 1246
1781 0.04845377834794914 0.042048365345653003 0.3825551216561149 255 210 234 0.6063163124376929 6 29 19 901 7 1033 13 946
2322 0.005583539485711431 0.0521427854424726 0.3787813522297672 70 76 90 0.39844753560693197 1 380 19 1132 17 1413
2065 0.009990832889954159 0.07641342776630462 0.3679579376755255 214 242 255 0.6152891689151581 6 751 7 1587 13 1136 15 1590
1780 0.05281630372811353 0.04640470649446054 0.38041608126375953 255 216 253 0.43074170805963524 16 29 19 888 7 1017 8 820 17 1249 15 1332
2321 0.03861683506686718 0.06327958785541733 0.37532229912097587 221 246 255 0.4432988195708211 7 1456 17 1400 15 1470
2064 -0.064150605194097 0.22411467893522102 0.29339950360082534 143 101 70 0.2581605001381451 19 394 13 1104 14 1575
1779 -0.09311156439918655 0.1480571818200091 0.3525246649584852 60 67 88 0.5137861438092405 22 17 19 827 13 922
2320 -0.09637636369540083 0.23405298851929773 0.2907796706161198 208 207 202 0.7203484389654208 7 1576 17 1358 18 1065
2063 -0.03719567180528898 0.2583007398154854 0.2704397456724877 116 113 78 0.12857429673305212 6 815 13 1084 2 397
1778 -0.08646947080543672 0.22910120927453198 0.2899771208477746 210 210 214 0.5036148045202438 6 682 19 809 7 1257 13 1106 14 1781 2 1179 17 825
2319 -0.042958530020981246 0.2521268060407718 0.28595960115600977 194 188 160 0.2887687436063688 4 1500 17 1356 18 1210
1777 -0.030451917460493336 0.29251665424557 0.24873017358511104 217 233 226 0.4627672192883542 21 1130 19 750 7 916 17 44 15 600
2318 0.11578842392319781 0.28093662190635527 0.27185837040558614 57 48 42 0.4797796140015304 14 1520 17 1348 15 1259
2602 -0.0532239892226206 0.693632451714486 1.173938671243653 0 0 0 1.880977807623817 1 1129 23 1635
384 -0.032920348060300635 0.3015866639561829 0.24425975049137072 255 255 198 0.5504796618099029 23 1057 22 888 6 652 19 747 7 1231 2 849 17 22 14 830 18 635
2061 0.09109076782616686 0.2906253993578686 0.2649363716089329 155 153 157 0.5563980856369461 20 1067 13 1051 2 1059 17 1337
1776 -0.024320790030214236 0.2941507050861954 0.24759377671516541 82 114 106 0.3096607559327994 22 1035 19 749 7 913 15 596
2317 0.05245328350051537 0.30381115847326473 0.25657626698441316 101 93 80 0.2688537277894315 6 788 17 1324 18 1032
2060 0.023352297027156438 0.31876821374304326 0.24106273101769085 217 74 78 0.18065735293118487 19 992 13 1039 14 1736
1771 -0.08694995373043261 0.22796386791297965 0.2912853847252058 205 201 204 0.7115978879119186 20 557 19 401 7 988 13 872
2312 -0.0049958335686494494 0.30115268085858415 0.2522653520546464 128 144 123 0.37477750159944256 7 902 17 1093 15 1242
2055 -0.006590856889159296 0.05754423714923249 0.376809993401631 70 75 95 0.31316742370904177 6 120 13 962 14 1421 2 604
1770 -0.06184395853262123 0.22300761166519578 0.2976268526593816 116 124 99 0.38019339880624387 5 503 19 400 7 978 13 414 14 1265 17 288 18 339
2311 0.07549859134042039 0.29280316238308435 0.24795849759103286 114 51 26 1.313322561940972 5 858 14 1513 17 1086
2054 -0.004154280013970683 0.056696482762616976 0.37750810839842497 63 71 87 0.35554833523546614 6 106 13 961 14 1664 2 595
1769 -0.07955002418462381 0.23662139902453824 0.285090491525602 73 100 86 1.6725822960387409 20 545 19 382 13 387 2 536 18 254
2310 0.041332016637694785 0.06428857139068077 0.3757118426023993 211 234 254 0.13684096107538307 7 531 17 964 15 1073
2053 -0.002124893184001427 0.06924340054070238 0.3686661900277104 122 182 222 0.4117443852476357 19 529 13 943 17 938 15 1090 18 906
1768 -0.06862069087177243 0.31667062216701886 0.2965568535415997 210 223 203 0.5239215628808053 3 213 19 332
2309 0.03618229436879673 0.07115479050532098 0.3784157593482919 48 61 70 0.7485373090043306 14 1312 17 955
2052 0.1540150162228093 0.045096468780336935 0.42449477686440706 159 163 166 2.3437766695046727 23 686 13 923
1767 0.09446027567557544 0.28877686330371777 0.2629247992383445 65 67 70 0.24415414874719668 6 195 19 238 7 849 2 229 17 754 15 971
2308 -0.011715358257564396 0.07101029385194042 0.3661193185664363 144 185 210 0.18300355625356404 7 610 17 932 15 1320
1765 0.13165863999338187 0.2759046932082391 0.2681034441454841 163 158 161 0.29367427762151127 6 95 19 235 7 218 13 222 14 772 17 774 15 986 18 804
2306 0.23464845536718545 0.2005757494588557 0.3174053910740766 118 123 117 1.211007791733457 16 3 17 858 9 265
1763 0.10930961134227711 0.2828973718564884 0.2644296664914774 147 150 154 0.32935360483423265 20 100 19 233 7 1175 13 736 6 524 14 1515 2 792 17 1124 15 1245 18 1064
2304 -0.04703561884381164 0.24358311751635886 0.28864775294210365 192 166 36 2.3509338113399956 14 341 19 363 17 822
2301 -0.043034044235420024 0.2714656663362672 0.2804719373752901 195 198 181 1.0831240145093703 4 1086 17 808
1755 -0.03970568824358899 0.2653908741276876 0.2638747523932671 88 101 88 0.7850269067222005 21 1362 22 1278 23 1455 3 1453 11 1911 6 1064 7 1655 13 1531 14 2003 2 1401
2296 -0.02463993535228287 0.273907858839127 0.268072286607895 148 141 130 0.4120769816942968 4 671 17 766 15 1009 18 133
1753 -0.06605351831185247 0.23536172731231764 0.2823661759700653 135 163 143 0.8332363738219156 6 1079 2 1420 5 1700 7 1562 9 1249 13 1433 14 1914 19 1398 20 1326 22 1143 23 1189 12 1976 1 1008
2294 0.0836743660946712 0.29286528131636047 0.2591209696191659 157 154 139 0.3225935349054032 7 854 17 738 18 747
2208 0.11658728005445265 0.2807687259429483 0.2675385976874795 65 62 70 0.236165963182292 19 245 7 833 14 1201 6 512 13 750 2 190 17 1134 15 991 18 796
2207 -0.059828379722801264 0.2335382676601716 0.2839495861447829 113 134 123 0.3779272340817805 9 301 7 966 14 887 3 33 16 405 17 228
2206 0.09035613282390648 0.2978418073626484 0.2413913533435973 143 82 51 0.7284575407012998 9 805 22 678 3 852 8 1110 16 222 23 876 11 1449 1 167 20 117 14 755 23 1394 3 1404 16 978 6 545 13 702 2 787 17 666 15 19 18 83
2205 -0.04576540107009586 0.2411794127764594 0.29370601260585333 54 55 44 1.03576130553906 6 1318 14 2258 2 1708
2204 -0.007782776097377432 0.06732407962210273 0.3707524514578334 254 254 254 0.5921293393562388 6 1238 14 2251 2 1646 20 1414
2201 0.017816628130839864 0.05457954922588843 0.37493556109116677 254 255 249 0.28559577910476064 1 875 15 1832
2198 0.044472227345608364 0.061766723876433845 0.37675086702141974 251 255 248 1.1048898421960598 13 1638 14 2185 15 1790
2195 -0.0023638215776345477 0.31095225672178334 0.24895570282880677 183 173 65 1.8275492378272775 6 1251 13 1609 14 2163
2194 0.08411584454482895 0.2930203595973324 0.26160566698964016 131 124 114 0.8484044967622626 6 1198 14 2159 15 1775 18 1515
2192 0.4985486313962033 0.06321736053693529 1.2153421142059389 0 0 0 0.28312662061430127 3 1580 11 2120
2190 0.4985486313962033 0.06321736053693529 1.2153421142059389 0 0 0 0.28312662061430127 3 1579 11 2119
2189 0.19528850458503458 0.6332601199655452 0.8457077217166471 185 83 81 2.5559748547293815 3 1507 14 2082
2187 -0.032221487617910195 0.27380779164072616 0.2586311858702447 103 110 79 0.7423089260469594 9 1424 11 2022 14 2000 2 1496
2186 -0.03217448683788613 0.2740669778534229 0.2586132845175183 103 110 79 0.6292715797018399 7 1735 11 2023 14 1999
2182 -0.047594125171335544 0.10088844741516034 0.3533071813786342 250 255 251 0.7494313488936646 6 941 13 1328 14 1955
2181 0.0006499317571037698 0.15433303463593262 0.34974346770996256 252 255 247 0.8496274638009743 8 1166 20 957 14 1932
2179 -0.05391361502990591 0.23982590935522446 0.2800822772477171 99 118 80 0.6281800152613081 13 1296 14 1909 17 1493
2178 -0.06789502908363733 0.25338740336261617 0.272342860663779 229 216 192 0.6310505165072281 13 1425 14 1908 10 1997
2176 -0.05906188828404984 0.5111815191631045 0.1384802924163542 211 131 57 1.2989246783372332 13 1214 14 1870 2 1244
2174 -0.0023185375854301274 0.0553995299471227 0.37869569904307965 80 71 74 0.3534182238245768 6 96 14 1850 2 955
2173 -0.06941392636536504 0.15277340438475098 0.35169556371499633 120 115 110 0.10753901137598548 22 526 14 1827
2172 -0.06941392636536504 0.15277340438475098 0.35169556371499633 120 115 110 0.10753901137598548 22 525 14 1826
2171 -0.03316450047265597 0.09663083327619136 0.3556371482863938 193 211 233 0.5282444949775922 13 1324 14 1816
2170 -0.033364435047022696 0.09627466295224416 0.3554059542804647 193 211 233 0.430582243754694 13 1325 14 1815 15 1466
2168 0.049797625035236034 0.03291533747814939 0.39072320034075164 250 255 252 0.33523772171018 20 687 14 1804 15 1634
2167 0.022486914083071723 0.06651478957207482 0.37169292748770605 237 243 242 0.4032017610446465 6 733 14 1799 2 909
2166 -0.06613970817421276 0.5008824876612638 0.15239477755026035 73 43 26 1.201555085789912 6 994 14 1724 19 1158
2164 -0.0018026922251818595 0.05681999047909691 0.3784179368139597 109 106 103 0.2716665084917697 13 577 14 1660 2 587 6 100
2163 -0.069522385352971 0.12361719735659711 0.3473375976025972 244 255 255 0.8599251875232765 13 901 14 1655
2162 0.0002910790331094744 0.059608079453269534 0.376512007028321 77 87 140 0.4905277398847314 16 149 14 1652 18 1138
2161 0.009653724678284303 0.0625251476574807 0.3724804816131012 79 119 159 0.4955045783799237 5 112 14 1626 18 919
2160 0.006022913697764372 0.07481781068497405 0.36009918333081725 253 255 249 1.036585162750091 6 498 14 1611
2159 0.010152965706640985 0.17663368551762337 0.336045333541789 116 110 100 0.08994809758041543 20 745 14 1579
2158 -0.021438209310781022 0.27876918183957394 0.2669344434360793 215 215 195 1.0969132440953895 7 1537 14 1551 19 1215 17 1584 15 1656 18 1374 4 1747
2157 0.06358074537174824 0.299563766155463 0.2595494487330388 155 145 131 0.5799962211098411 13 1053 14 1530 15 1244
2156 0.08769370223349658 0.29107060374487065 0.2599181334907406 150 147 132 0.4970867479524655 7 852 14 1521 2 234 15 1238 18 756
2153 -0.003348783200939455 0.05507140525776532 0.3797916765077621 129 131 134 0.5520047208828457 13 593 14 1432 18 582
2152 -0.009669448182303596 0.05923083571424704 0.37572876639685776 136 130 133 0.44096879804186434 7 659 14 1429 18 926
2151 -0.012743800567648539 0.06075087834782071 0.3737542737819206 165 159 161 0.2217731702742625 7 663 13 569 14 1426
2150 -0.0616103346068366 0.12360948904203582 0.3494882770931657 40 104 166 0.951698847777393 13 477 14 1378 2 991
2149 -0.09698190264525171 0.23338978938456287 0.293544677322596 215 212 197 0.21657409923238086 20 576 14 1288 2 622 17 262 18 277
2148 -0.09704848429144089 0.23341875628797448 0.29350404293371135 215 212 197 0.2843644571941714 13 424 14 1287 2 621 17 261
2147 -0.04137540744682342 0.258950154579737 0.26959063319495347 124 117 100 0.38668417615176764 6 634 13 1085 14 1251 2 869
2146 0.07954867288044926 0.29436882320567276 0.2602847099046641 74 64 50 0.3066074561970128 7 859 14 1214 2 246 13 753 17 743 15 613 18 186
2144 0.10567154256450079 0.28214356864672213 0.2511232208621708 96 73 93 0.4607417797882013 7 819 13 723 14 1180 2 174 18 740
2143 0.10148596116447363 0.2879596143911877 0.24734584297440887 210 117 90 0.4005354310669956 13 714 20 1061 14 1175
2142 -0.009069440551817893 0.07389454768029205 0.3662714075104699 50 94 115 0.37927268635186245 7 597 14 1028 17 467 15 1079
2141 -0.05432411890514645 0.2638879175691393 0.26517297177313764 215 211 160 0.1694236257838072 7 407 14 856
2140 0.0439014438700714 0.3069696241201115 0.25622480512663304 88 61 55 0.4180397089634919 7 323 14 811 17 98 15 610
2139 0.059847417305571346 0.30022392563547906 0.25648961926211344 65 50 45 0.25047014950591634 7 308 14 803 15 603
2136 -0.024701517590863056 0.2838607673128951 0.2526370669111895 122 141 113 0.14435580281184157 11 1032 14 262
2135 0.1316544033453691 0.2761571380889019 0.2668126736204254 117 56 51 0.3136470979593638 7 214 14 88 15 143
2134 0.09930903180945005 0.07860440362323319 0.3935497353615925 253 255 251 1.6815338559972013 3 1641 8 1728 4 1879 16 1427 5 1868 1 1156 20 1502 19 1767 3 1655 9 1546 5 1881 21 1495 19 1793 7 1949 17 1913
2133 -0.05034877746440073 0.3029796330922019 0.24522925399044168 35 46 44 2.3710754018156344 22 1445 13 1834
2132 0.18039287032855214 0.13849876874532197 0.2927304950005965 45 56 56 1.2252326175227295 7 1792 13 1741
2131 -0.0021897885363515745 0.21117388021440955 0.3165631677843577 252 255 251 1.4993361293791456 11 1376 16 989 5 1351 13 1307 19 1402 7 1744 14 1918 2 1405 8 1542
2130 -0.0044461340234740665 0.06829774876201947 0.36904123051134474 241 254 255 0.5783492665402866 4 145 6 131 13 1155 19 881 7 1067 2 560 18 1124
2129 0.0015362645351286786 0.15463345776925022 0.34993521115390047 252 255 254 1.4228024236686223 3 1459 1 983 6 1134 13 1632 9 930 23 1179 16 1109 22 971 5 1489 21 1271 9 1325 20 1102 19 1269 19 1503 7 1454 7 1671 13 1447 2 1515 18 1405
2128 0.05053932370389007 0.19441109041008967 0.32325281883561563 84 87 88 1.4517266190084743 5 1806 1 1091 13 1749 6 1281 20 1403
2127 -0.05175786346837269 0.22636371317127085 0.30835666496568376 68 61 75 1.1735488286046414 22 796 20 997 6 813 11 1001 13 1310 19 1254 7 1253 14 1780
2126 -0.06206218292143637 0.22160194301473432 0.2972619540190174 60 56 40 2.024314459459588 5 504 16 387 13 415 8 635 16 383 14 1264
2125 0.0034616577033339635 0.17312725547580293 0.3379023992162652 110 121 124 1.891388384523576 23 1668 22 1400 3 1618 12 2364 8 1713 4 1859 9 1528 20 1474 7 1913 13 1792 16 1394 19 1704 2 1706 15 1863
2124 -0.09233125071430175 0.23306886340937835 0.2897175539300916 166 161 155 1.0024177855194834 5 1008 1 310 20 567 7 498 13 871 20 565 6 397 14 1587 2 962
2123 -0.04198720648678331 0.25217214397923476 0.27397429814134633 157 141 92 0.6574826923810861 20 463 6 817 13 1290 23 748 11 1012 16 879 3 996 19 1047 15 1453
2121 0.0014972081754697168 0.1975652388107204 0.3254368146584218 0 0 0 0.738146695774899 6 1362 7 1955 23 1697 14 2298
2120 0.08693613397555038 0.21421280775081633 0.3134840598704963 252 255 254 2.1126836507681572 6 1371 12 2439 13 1863 14 2302
2119 0.15425070651089598 0.22020048865787942 0.3115562155165879 93 112 112 1.8039493219050091 6 1353 13 1852 14 2266 2 1738
2118 0.04380491850085605 0.1562892643871978 0.3485778897317966 88 105 111 2.1046012150701903 3 1638 4 1860 6 1324 8 1734 13 1839 14 2275 2 1726
2117 0.043607959555971375 0.15698097423690446 0.3488448499576908 101 106 94 2.050918459590798 4 1861 6 1325 14 2276
2116 0.12125253919698507 0.20733233730481734 0.31661594184887815 254 255 251 1.0254760341313938 6 1338 12 2432 14 2269 15 1887
2115 0.12120386334629259 0.20741364821028446 0.31653300532989953 252 255 254 1.178473710534415 6 1337 12 2431 13 1835 14 2268 15 1888
2114 -0.07299640193323535 0.13103918756973915 0.34846368403165007 226 247 251 1.899489276356644 6 1330 13 1829 14 2285 2 1733
2113 -0.05354261765968648 0.11658946726535831 0.3465115079941887 245 255 252 0.06415480201185193 7 1935 2 1730
2112 -0.05368285334930511 0.11723600400360779 0.3481136885379147 245 255 252 2.0506461828547273 6 1314 7 1934 13 1827 14 2284 2 1729
2111 0.07036784040382894 0.07110744045575522 0.37828057959115546 250 255 254 2.493744504110021 7 1918 13 1826 17 1897 15 1881
2110 0.08852977582088535 0.08317525949655985 0.3789210195691013 98 108 118 1.6264793212013586 13 1821 2 1670
2109 0.09619649439320176 0.09372321179254244 0.3853538248392656 98 108 118 1.6175947633999117 3 1621 6 1322 13 1820
2107 -0.06495088501482872 0.15144319818887053 0.3483715126287072 112 125 131 2.161974435275355 6 1292 7 1886 13 1796 14 2283 2 1731
2106 0.08322607194337667 0.22978672906234757 0.3044991462714005 250 255 254 1.8728027301266224 3 1646 20 1471 13 1787 14 2257 2 1696
2103 -0.06249626296667637 0.11925747178567389 0.3507752617455766 0 90 176 2.0697124955017414 7 1825 13 1757 14 2252
2098 0.14620665979814337 0.2881111831197535 0.2475490744995974 48 57 56 0.34958918736827865 6 1276 13 1734 2 1614
2095 0.029247509438586304 0.20348895835267575 0.3197379386051615 75 91 99 1.1017743521510148 7 1852 13 1699 15 1786 17 1678
2094 0.05484240215061571 0.05882384438039252 0.3790670335621962 239 255 255 0.4793270421606903 6 1110 13 1635 15 1791
2093 -0.05462538650753538 0.22065825183901006 0.30795504132295515 47 57 64 1.0150641893306105 7 1748 13 1625 14 2112
2092 0.12851457300383262 0.20916113873100697 0.3104076759024408 250 255 254 0.05763131615194916 6 1185 13 1617
2089 -0.044444138957119475 0.25170820895280593 0.2756155667064134 103 103 94 1.0414355719913644 6 1059 19 1391 13 1539 14 2107 18 1389
2087 -0.0328581364568345 0.26507181764314935 0.2643629667309751 129 107 88 0.4397155658509158 6 1143 13 1530 14 2104
2085 0.13487499819560084 0.2733062136352503 0.2643458216887837 138 38 39 0.8043282134689772 6 1118 20 1177 13 1524 14 2086 2 1477
2084 0.03065462586694375 0.3356208143662167 0.2278320500951051 41 44 47 0.9349737241427035 6 953 13 1515 14 1991 2 1368
2083 -0.06216836473988036 0.5036804167414763 0.14437216037970377 92 59 55 1.060197748465662 6 1157 19 1455 13 1506 14 1988 2 1483
2082 0.002579173284396265 0.07865263362204898 0.3659673880490318 241 255 255 0.6938152299632658 6 1032 13 1451 2 1424 7 1680 15 1664
2622 -0.25673240529781255 1.8390277442408747 3.3939867338563046 0 0 0 0.42159195354753726 4 1814 9 1520
2081 -0.07261440583476123 0.26041220095450773 0.27115977727294127 185 178 148 0.5391461395783747 6 1089 7 1556 13 1424 14 2013 2 1514 17 1343
2079 -0.04121143447188377 0.2910805258771832 0.2520067995589717 203 218 211 0.7400503438624265 7 1536 13 1409 14 1898 15 1567
2075 -0.059201275073668486 0.5429887322335073 0.12876605364950922 45 56 61 1.9988997788635299 6 1158 13 1379 2 1550
2074 -0.034206952183311524 0.32098708934276843 0.2436140353972194 105 150 131 2.1229091701703755 6 985 13 1264 14 1756
2073 0.017897277263541393 0.31569513300493807 0.24494899009923646 209 66 68 0.13862704965071174 6 956 13 1254 14 1534
2068 -0.0020543619308949746 0.05564716081077266 0.3790191750268833 64 74 94 0.35539252275433575 6 97 13 1179 14 1849 2 956
2600 -0.0532239892226206 0.693632451714486 1.173938671243653 0 0 0 1.880977807623817 1 1130 23 1636
1491 -0.0800182627785531 1.6635503383495662 3.2040103728364104 0 0 0 1.2111599633178356 3 1311 5 1430
382 0.07189261348014127 0.3015917345840845 0.23990260825658333 255 235 188 0.2856347107908334 23 1088 22 885 11 1437 6 237 19 166 14 79 18 666
2059 0.1308305454185104 0.2737287371117752 0.26201308116056005 156 52 54 0.8074002624077394 19 1002 13 1038 14 1725
2058 0.030577232982784294 0.3183342709788235 0.23875970261802532 157 118 119 0.3261748342070654 6 948 7 880 13 1036
1686 0.11654194293577481 0.28045133837060854 0.26749798772513717 89 79 71 0.33286705017709267 20 86 6 513 19 246 5 246 7 834 13 749 14 1200 2 191 17 1135 15 990 18 797
1685 0.12447525480971297 0.2781477788262115 0.26688255812632383 237 217 208 0.4078094797724216 20 65 6 504 19 237 14 1188 2 179 18 799 5 794
1684 0.0007888710055738545 0.06529758616657967 0.37231980538259357 143 144 165 0.6315060960550035 4 164 20 748 6 494 19 1114 7 1468 13 1343 14 1949 2 1169 15 1599 18 1341
1683 0.09819548314699476 0.08407851954872973 0.38920658285231224 160 156 154 0.280617988699544 8 1108 6 439
1682 0.09809049065270514 0.08400954299393759 0.38912319756383673 160 156 154 0.2975753332938256 4 1442 6 438
1681 -0.09456739899369584 0.23636613582707047 0.288116896375435 245 238 220 0.3650629789742473 20 572 6 401 7 992
1680 -0.09481665049130861 0.23412477843328225 0.2903991912857623 159 153 139 0.5396869792923623 5 1013 16 466 6 400 13 418 7 502 14 1278 2 610
1679 -0.09355796694515481 0.23201850439408114 0.29231010512052574 145 137 125 0.3680795269527456 20 571 6 398 13 875 7 507 14 1281 14 1591 2 613
1677 -0.05421570765187061 0.24342219553467329 0.2773139268031893 222 204 148 0.21008441040198617 9 329 6 348 19 352 13 353 14 869
1676 -0.0610890272904005 0.223392688465481 0.2964718731180381 253 246 211 0.19483823934607325 20 509 6 339 2 516
1675 -0.045737140225887 0.25247807805778527 0.271883048162136 147 149 133 0.20067303619739174 23 746 6 331 7 952 13 831 14 1253 11 1010 17 791 19 339 15 1025
1672 -0.011612149243513338 0.06804909533278328 0.36858339741897195 251 251 255 0.45322208067666514 20 387 6 159 7 1307 13 950 14 1829 2 951 15 1479 18 1255
1671 0.11212298197227799 0.2794478522181019 0.2524596918159295 254 244 248 0.5463274562756885 5 816 6 156 13 194 7 207 15 572 18 1054 17 1109
1670 0.11798757030440238 0.2824439300711711 0.24990676658100594 136 115 141 0.33088074755052954 12 2038 6 141 7 799 13 177 14 746 2 158 15 563
1666 -0.007906675944579068 0.05811895550146463 0.377145017758863 97 103 109 0.48219776983596885 20 370 6 124 19 908 2 609 18 1270
1665 -0.0010659804934731042 0.05817891645375163 0.3778533998733389 69 90 99 0.7568684017246409 16 151 6 102 14 1844 2 950
1664 0.0010903396973885478 0.056239307753756 0.3777892599873859 64 96 114 0.44401745470650644 5 122 6 93 13 1175 14 1838
1663 0.010215434984964977 0.06395837965181543 0.3712878540443644 99 131 152 0.2998850743377972 5 111 6 83 17 951 15 1326
1662 0.13666002367183674 0.21352872721794486 0.31139014934686865 141 134 136 0.6199548261959678 4 984 6 55 5 87 1 65 8 719
1658 -0.029314867012029067 0.26921303952936115 0.27657744058750167 84 81 78 0.1503769045723659 9 352 20 435
1657 -0.004081441679737415 0.1409822992420126 0.3591383126147428 123 131 135 2.0691598553067614 4 1886 1 1187 20 1521 9 1563 23 1680 3 1633 21 1524 6 1361 13 1870 14 2305 2 1766
1656 -0.06117143156015842 0.2434649402835028 0.27691608324645517 248 240 231 1.383489809939394 8 1614 5 1765 20 1424 9 1477 23 1580 11 2008 6 1220 14 2167
1655 -0.06816042422983602 0.23831534407293126 0.2807714520910884 109 153 137 0.42297472296407096 9 1474 23 1578 22 1372 20 1426 8 1656 16 1348 21 1418 6 1256 19 1617 7 1814 13 1696 14 2168 2 1641 17 1752
1654 -0.045710480470305036 0.2525681641924347 0.2718817581202856 122 121 113 0.28076055514126425 3 690 12 1117 20 804 8 1003 16 707 2 413
1653 -0.03260059295905808 0.30355354757558106 0.24293342434578696 94 117 80 0.4481532345801473 9 469 23 777 22 350 12 1177 8 545 4 610 5 606 1 276 20 786 3 757 16 732 5 1416 2 353
1652 0.04766187327475887 0.03225429115479863 0.39244626486580564 46 94 138 0.9349241992430631 3 697 8 830 20 691 1 40 21 5 15 1703
1651 -0.05001116461834146 0.2618397899014213 0.26612282112525903 124 124 112 0.708673199705191 12 378 8 624 20 478 11 401 16 724 2 412
1650 -0.05693381533291924 0.23980878437543962 0.27978690666911216 246 244 235 0.8357863194555296 9 1139 22 1145 5 1596 21 1207 1 930 20 1242 3 1341 8 1499 16 1154 6 981 19 1239 7 1557 13 1300 14 1774 2 1273 17 1165 18 1061
541 0.125423072019945 0.2859222569454587 0.24784866239180606 128 91 94 0.3856821209838716 22 272 3 536 18 172
1647 -0.02364692021605198 0.20797720860955796 0.31781393338405406 128 134 132 0.9555920628373601 5 1902 20 1522 6 1364
538 0.12258923894007481 0.2776970660356971 0.25299982195401044 146 143 166 0.40317195711453363 23 449 3 510 12 1678 8 90 4 956 11 1138
1646 0.05138171136349632 0.32379788569727536 0.22367956673670794 56 53 50 2.3192231976476183 5 1887 16 1433 20 1504
537 0.1143411461016123 0.29415382766434967 0.24322971884857564 254 254 248 0.26565614409214594 22 294 3 509 8 108
1644 -0.15413086806389642 0.35952247746263294 0.8446428697573785 177 43 39 1.8369094467514802 11 2184 20 1481
535 0.11292004860716096 0.2939822596502964 0.24358728949695277 153 142 140 0.602136985581733 23 537 3 504 12 1362 11 1203
1643 -0.15413086806389642 0.35952247746263294 0.8446428697573785 177 43 39 1.8369094467514802 11 2185 20 1480
534 0.11285471415348053 0.2940081140191938 0.24385393181326392 153 142 140 0.5159939116345208 9 449 23 538 3 503 12 1361 8 113 4 939
1642 -0.020725557107696687 0.28709097112212467 0.2525964733735026 134 149 120 0.38501628118017833 20 1477 6 1294 13 1780 2 1669
533 0.11278276714085038 0.29136295889417146 0.24481108809978996 169 157 151 0.2338990475974227 23 520 3 498 12 1354 8 752 4 1257 11 1194 16 157 5 274
1641 0.0005222879503804435 0.31391620557511524 0.24379069905804862 121 118 115 2.5485419688878754 5 1863 20 1473 13 1777
532 0.11278276714085038 0.29136295889417146 0.24481108809978996 169 157 151 0.2338990475974227 23 521 3 497 12 1355 8 753 4 1258 11 1195 16 158 5 275
1635 0.08061993207898739 0.31336444794193213 0.2317218530882356 58 51 43 0.7586746836568978 5 1836 20 1443 6 1241 14 2151
526 0.11444869945536244 0.28275371670233396 0.24976670772791726 241 243 255 0.21973277047519477 23 453 3 482 12 1339 8 111 4 941 11 1146
1633 0.14785674367422316 0.042667348350213144 0.40263631111229775 254 255 251 1.819777522428496 9 1453 13 1822
524 0.11205565072717572 0.28597098324549686 0.24798916956434877 157 114 93 0.608475947352496 23 480 3 477 12 1340 4 470 11 1164 18 147
1632 -0.028282943051898553 0.325719497894348 0.23022619018190643 107 114 106 1.7380841665209132 1 1148 20 1416 6 1254 14 2094 2 1558
523 0.11127824643463985 0.2844143075991733 0.24871756282266963 141 135 150 0.2734413335623917 23 452 3 472 12 1334 8 117 4 934 11 599
1631 0.06565359899571212 0.2957913540716864 0.2492362431856177 97 53 43 1.4226208991426348 1 1052 20 1400 6 1284 19 1608 7 1840 13 1738 2 1667 15 1817 18 1544
522 0.09232366333915236 0.3004560494840602 0.24025396063784296 200 114 89 0.18443760430971554 22 327 23 504 3 435
1628 -0.08617752761471321 0.24300887310323083 0.2822937237763942 162 109 105 1.0381491090539192 5 1786 20 1381 6 1155 19 1399 7 1667 13 1543 2 1586
519 0.08812798825321783 0.2960128503727774 0.24261449606962118 255 219 172 0.17197757712473993 23 443 3 413 12 1301 8 181 4 893 11 616
1627 0.004740744781850306 0.052969210631030356 0.3775272277145267 134 140 155 1.9097380249207743 8 1551 20 1370 6 1114 5 1566 2 1588
518 0.08406518471848012 0.30363516971852234 0.2384649513824173 245 199 148 0.37731080671211104 23 498 3 409 12 1309 8 191 11 1193
1626 0.08137610091856279 0.2352493197800869 0.3004662477719249 252 255 251 1.411289866350951 1 979 8 1525 20 1361
517 0.0857718647860442 0.2965223571649414 0.24251053312349113 175 122 64 0.4993383830837249 9 458 3 403 11 609 5 850 21 256
1623 -0.06024777732100953 0.2769810495410971 0.26074008609324123 170 158 140 0.4699095347454857 5 1781 16 1171 20 1320 6 1085 13 1417 14 1902 2 1508
514 0.08022681675580157 0.2990241528114471 0.24109087776205726 231 182 123 0.3394303302516508 22 318 3 388 12 1646 11 613
1622 -0.023361233638549268 0.27906129642926725 0.25734130301476665 152 126 101 0.46689739323766255 1 813 20 1304 6 1050 2 1385
1620 0.01674469473877193 0.05226772853420534 0.376052640923645 252 255 254 0.7249372860990836 8 1544 20 1291 6 1186 19 1588
511 0.06995066613695115 0.3029512085944671 0.2392342247768676 166 114 61 0.3411701827985423 22 338 23 424 3 354 12 1272 8 229 11 604
1617 -0.024104999300780857 0.28642726157014636 0.2511957205081565 108 132 114 0.6386828630157381 9 1157 20 1214 19 1210
508 -0.021561768956349422 0.30391598251374874 0.24203168205455838 114 132 107 0.5768085432153298 23 294 3 219 12 1188 4 644 5 561 21 756
1615 0.03605417020354656 0.30970666414178705 0.24788648803480123 176 56 59 1.5142930605092388 1 806 20 1195 6 1043 19 1365 13 1390 2 1371
506 0.05136059014782255 0.07578746556429171 0.3923943080820362 154 192 225 0.5021510426530416 23 101 3 201 4 841 11 298 12 1077
1611 -0.0537351115387432 0.240941670209893 0.28039203715765176 116 125 88 0.4162885246528195 16 1019 20 1135 19 1238 13 1297 14 1910
502 0.04162551543612672 0.08029694268310571 0.3906105336378256 157 202 236 0.415654763566088 23 97 3 178 4 825 12 1072 11 302
1610 -0.04802496065038934 0.09946254381958539 0.35184498315882456 235 255 255 0.010744890315838964 1 787 20 1132
501 0.04003112630345279 0.07984644694381551 0.3898543715167631 58 114 169 0.43370104967137113 23 94 3 171 4 822 11 297 12 1068 10 211
1609 -0.014534276762365564 0.07040351893694524 0.36747372015566726 250 255 255 0.34857922018219845 5 1312 20 1110 7 1690
500 0.03563813662506811 0.08374100860835026 0.3903817898434588 46 71 95 0.3936943110181679 23 102 3 164 10 233
1608 -0.014541136269847607 0.07026589337989425 0.3673956479228004 250 255 255 0.43065565728776806 16 974 20 1109 7 1689
499 0.03762177160145916 0.08104216751977757 0.38920325326310234 86 143 207 0.46902636511915663 23 93 3 163 8 307 4 818 12 1067 11 296
1607 0.0274142372266996 0.3187681851796083 0.23577439749558687 203 33 42 1.4027201233476725 16 1004 20 1086 6 949 2 1243
498 0.026418083110824185 0.08472998143669103 0.3828045186714308 223 255 255 0.4073751880102708 23 83 3 125 12 248 8 341 4 790 10 214
1606 0.09565806782822134 0.2001302727344085 0.3206214047926261 150 150 154 0.4712605241605285 1 747 20 1066 5 1471
497 0.014787098586164641 0.09034187948628564 0.3812838401295533 71 119 163 0.28981687606381734 23 81 3 102
1605 0.0745477618367342 0.1841232666520435 0.2852498433733147 0 0 0 1.215059724827731 1 748 5 1472 22 973
1603 -0.043274024656708036 0.2531320574727735 0.2722612994242862 252 253 239 0.593837342830311 9 965 20 984 2 1123
494 -0.033712096636260167 0.10979839534050873 0.3727662156309372 136 170 202 0.39688928002533397 23 663 3 8 12 996 11 290 10 277
1602 0.02663820379915794 0.14314556896693398 0.3561124139724502 252 255 254 0.17137507938513455 5 1116 20 943 6 763
1601 0.06913955670936799 0.2973148421426407 0.24414880250342846 137 82 52 0.21507645182029478 5 1344 20 908 6 782 13 1032 14 1510 2 800
492 0.10084160653356473 0.3128472007880721 0.23578571958190728 156 33 26 1.5337857992331785 9 1589 3 1673 8 1747 4 1896 21 1527 20 1500
1600 0.0893494448711026 0.29574221392358574 0.24279414258325535 247 200 163 0.5221845565141587 12 2156 20 897 6 543 11 1657 13 711 14 1179 2 790 17 25
491 0.09990326162410591 0.18689310283490312 0.3293381634567048 147 150 153 1.60121000516635 9 1580 22 1424 3 1669 8 1748 4 1897 16 1456 5 1895 21 1520 1 1175 20 1514 6 1340 19 1785 7 1943 2 1741 17 1907 18 1646
1599 0.11427114640380087 0.2823055009506951 0.26975847492176497 187 169 171 0.8016888398806129 5 1125 20 894 6 917 19 1011 7 1379 14 1732 2 1055 17 1342 15 1441 18 1213
490 0.09965305845310397 0.18716210426326438 0.32946435590129786 147 150 153 1.6071220033944131 9 1579 22 1423 3 1668 8 1749 4 1898 21 1519 1 1174 20 1515 6 1341 19 1784 7 1944 2 1742 17 1906 15 1890 18 1645
1598 0.12195863203690033 0.2967134011780793 0.24180491310434996 93 47 51 0.9485370832941474 5 1321 21 883 20 889 7 781 13 691 2 776 17 671 15 539
489 0.018525322638499365 0.157382031315686 0.34858099045620694 254 255 251 1.4736575908758767 3 1653 8 1740 22 1422 4 1887 9 1577 16 1444 5 1899 21 1523 1 1179 20 1519 6 1360 19 1804 7 1959 2 1763 17 1926
1595 0.0010216077331674023 0.06538125580864299 0.3724594014313533 123 133 167 0.5326220735605194 16 568 20 749 6 495 4 165 19 1115 7 1469
486 0.1489347190903711 0.18722392376648722 0.32779098337021 155 155 155 1.362854702818365 22 1385 3 1627 23 1654 1 1113
1594 0.0027570769049762747 0.059721908882392115 0.3759841580426266 249 252 255 0.27272444835763043 16 561 20 747 6 747 2 1172
1593 0.010300216838453509 0.17690844726994134 0.3361358915310858 139 137 142 0.5563090309619536 1 452 8 1345 20 744 13 1315 14 1578
484 0.13457055802795564 0.29420704896141797 0.2427891596473835 180 41 45 1.308089311617171 9 1433 22 1348 4 1808
1591 0.05002342868896249 0.03301386531667083 0.39105433104891013 208 255 255 0.38185707996179197 8 824 20 686 6 708 14 1803 2 899
482 0.04643534428668264 0.3327939734284958 0.2334887650666237 175 43 45 0.3218932005395991 9 1193 22 939 23 1491
1590 -0.09197016251848349 0.2314370483125066 0.29192184632875945 224 219 213 0.4714300035532454 5 1004 20 566 6 395 19 399 7 994 13 874 14 1589 2 963 17 254
481 0.1091056448008369 0.16698179191927623 0.33899118440835607 254 255 250 0.40162746905589924 9 688 22 532 23 1043
1589 -0.07194165154568484 0.2563071080640936 0.27303826510628887 109 123 86 0.8022045255690357 21 427 20 534 2 489
480 0.1091056448008369 0.16698179191927623 0.33899118440835607 254 255 250 0.40162746905589924 9 687 22 531 23 1042
1587 -0.0401046610385268 0.2726725626285478 0.2590242198222154 247 246 239 1.4724567678832883 3 114 20 454
478 0.0008437162493149144 0.15160229079579166 0.35236360167250125 138 134 139 0.9010576105491926 23 1016 22 25 1 777 8 1458
1585 -0.011028181024106656 0.0663854660660022 0.3695852476608442 129 131 140 0.35032009393239005 16 200 20 383 6 155 7 1313 13 1166 14 1831 2 958 18 1258
476 0.007914091695133975 0.3217899211761509 0.23612305755967541 50 56 54 1.8685644729418172 22 1451 23 1718 21 1544
1584 -0.011197696043383838 0.0662419408180441 0.3694190896163988 129 131 140 0.6484383743291536 16 199 20 382 6 154 7 1084 7 1312 13 1165 14 1830 2 957 18 1257 15 1482
1583 -0.006125508957956586 0.06309353143658941 0.37254147064926674 243 247 255 0.26195757136699593 5 162 20 362 6 128
1582 -0.0029011319491458886 0.060311315638062066 0.3759983847207648 160 202 225 0.4530615410541049 16 163 20 355 6 112 13 958 14 1396
473 0.045527414413218975 0.2136853248942887 0.32446495236411854 143 146 147 1.5642390539204616 23 1726 22 1446 21 1543 16 1459
1581 0.01839610626193028 0.07098058844657365 0.37080818396535703 223 255 255 0.4639662446626498 1 88 5 1067 20 296
1580 0.017172008717093405 0.048567850171800396 0.37469400786350543 39 108 167 2.286683374436999 5 733 20 285 2 923
471 0.11854206274500376 0.28838952559098024 0.24768311159903045 226 221 221 2.253552853943783 22 1444 4 1902 16 1458 5 1897 1 1183 20 1511 19 1759
1579 0.03963325123778836 0.16295456958322083 0.344190947129354 128 125 128 0.6683388348309215 8 281 16 172 20 259 6 169 2 381
1578 0.033787788392115305 0.3174604259515415 0.2354573891326043 220 191 186 0.19401519033888134 5 907 20 255 2 284 6 277
469 0.07801043545495814 0.30214854478988196 0.2410334721941402 197 144 93 1.2467164924556502 23 1705 22 1430 3 1657 12 2426 8 1738 5 1885 21 1528 1 1164 20 1503 6 1327 19 1732 7 1905 13 1812 14 2237 2 1693 18 1619
1577 0.04541079251167936 0.03089088481542974 0.3923284014192464 215 255 255 0.06633405678385919 16 26 20 206 6 447
1576 0.05487585315615348 0.3016646543360846 0.2539267545417745 184 166 163 0.5304518362026519 5 400 20 195 6 584 19 220 7 1199 13 745 14 1529 2 815 17 1107 15 1230 18 701
1575 0.05121452682460754 0.05516407224771709 0.37814337476834753 25 130 211 0.544018337135877 5 711 8 1145 20 189
466 -0.033945755143116534 0.2901297647959319 0.24948476273810696 254 255 247 1.0657799756548032 9 1557 22 1410 3 1617 12 2401 8 1715 21 1505 1 1144 18 1599
1574 0.06527961730592406 0.3184294210797512 0.23151961751834632 80 37 28 0.38814717694824136 1 462 5 1354 20 167
465 0.13178814248635007 0.2870370955845216 0.24674128273186538 255 254 245 1.8622494027192182 9 1533 22 1409 3 1628 23 1693 12 2427 8 1703 4 1868 11 2215 16 1385 5 1832 1 1116 20 1440 6 1193 19 1654 17 1736 18 1583
1573 0.092885627136769 0.28839531830770676 0.2609591220308258 186 164 159 0.2874883559191953 5 317 20 123 7 845 6 540 13 738 14 1519 2 227 17 1118 15 1241
464 0.0513071745094817 0.20033149914098497 0.32411775472228854 147 152 154 1.6561252553168797 9 1531 22 1403 23 1673 20 1485 6 1308 19 1698 7 1909
1572 0.0962404783178405 0.2877973637571546 0.2617725190296817 182 163 162 0.4737698122258689 5 310 20 119 6 538 19 230 13 737 2 221 17 1119 15 1243 18 774
463 0.0513071745094817 0.20033149914098497 0.32411775472228854 147 152 154 1.6561252553168797 9 1530 22 1402 23 1672 20 1486 6 1307 19 1697 7 1908
1571 0.11555407832152993 0.28023107263610947 0.2654550011946147 178 157 155 0.3936663851270886 5 249 20 87 6 148 14 1193 15 977
462 0.0034464685340285855 0.1738769747823733 0.3384131112007259 163 164 160 2.0304172542930816 9 1529 22 1401 8 1714 16 1395 21 1501 20 1475 19 1705 7 1914 13 1793 2 1707 15 1864
1570 0.11320159344310762 0.27863535057014654 0.2536656219555743 145 86 110 0.24555083342599765 5 814 20 75 7 208 17 718 18 207
1569 0.12137842754249278 0.2789020990914497 0.2665575653054331 196 182 176 0.39601526865922887 5 225 20 71 6 507 19 732 16 104 7 1169 13 735 14 1190 2 181 17 1129 15 1248 18 1071
460 0.12085745832007856 0.19788145065282234 0.32147457364833604 254 255 249 2.214037523620694 23 1627 22 1388 3 1625 4 1866 5 1827 20 1441 6 1273 7 1844 14 2206 2 1616
1568 0.13577131356829744 0.27485043605318776 0.27217483377177437 239 207 208 0.4598777379098171 5 774 20 47 6 89 7 823 13 755 14 1189 17 793 15 645 18 808
1567 0.13468862083400274 0.27544226149196965 0.2684077065770287 210 166 166 0.3994624224891971 5 775 20 44 6 484 19 232 7 816 13 734 14 1185 2 168 17 1138 15 985 18 1080 16 79
458 0.06291483779787505 0.30301395256369273 0.237542503586547 123 83 68 1.6382076548449969 9 1483 22 1373 4 1847 20 1363 18 1505
1566 0.13749951086830856 0.27443930621425505 0.27207663364402496 237 193 200 0.4427223632533609 16 71 20 43 19 247 7 821 13 235 14 775 2 784 17 186 15 641
457 -0.06814135356558484 0.23833463045564363 0.280803997595048 119 162 142 0.3766563430537309 9 1475 22 1371 16 1349 21 1417 20 1425 6 1257 19 1618 13 1697 7 1815 14 2169 17 1753
1565 0.1372386769720433 0.27505383383706755 0.27039716218162146 114 70 74 0.81111882579937 5 172 20 42 19 735 7 1167 13 228 14 1186 17 1145 15 634 18 1084 16 75
1563 -0.04393087314062233 0.2665817098740958 0.2638121204069268 231 236 223 1.1183910645533612 3 1366 12 1992 8 1486 1 933 9 1347 22 1221 21 1297 6 1146 19 1381 7 1657 13 1533 14 2004 17 1477 15 1655 18 1309 10 2007
454 0.05167028624083658 0.1969798367914833 0.3270774492502318 144 146 153 0.7244210532684373 9 1497 22 1365 21 1448
1562 0.23246136576967857 0.20489512571086363 0.3146448516983463 128 127 121 1.2019927258302276 8 1723 5 1822 16 1408 1 1078 22 1390 21 1435 14 2202 2 1612
1561 0.09743355094604103 0.29280207001652686 0.24454494589680562 224 56 55 0.8544531025828038 8 1706 5 1835 1 1118 21 1454
1560 -0.03822151687101424 0.28891092875407753 0.2510326978368701 93 91 79 0.5843701250688647 3 1014 8 1210 4 1052 1 514 9 992 16 903 20 979 6 659 7 926 19 756 13 798
451 -0.05076654492863496 0.2820371590776409 0.2559166131228082 66 98 79 1.3913269743866266 9 1361 22 1345 21 1420 1 1015 3 1365
1559 -0.050071618636767845 0.271623898695621 0.2608066342404028 223 244 243 0.47953804111926945 3 994 12 1125 1 519 9 753 23 756 22 821 11 409 5 1229 21 972 16 905 6 359 7 940 19 301 13 323 14 847 2 870 10 1515
450 -0.04848926094162149 0.2686825086573486 0.2623596557870855 97 154 134 0.794272817500483 9 1421 22 1340 3 1515 16 1312 19 1485 7 1740 17 1581 10 2172
1557 0.12740501085638326 0.27724232940557286 0.2531060735435528 169 99 116 0.8761079102682352 4 1676 5 1098 1 105 9 388 22 231 3 893 4 970 11 1153 16 96 20 45 6 108 7 165 14 27 2 153
448 0.0033992678324208467 0.15614901446624804 0.34866500057157046 253 255 250 1.039109258159147 23 1521 11 1891 22 1327 9 1410
1556 0.08798105955584513 0.29876404396423595 0.24096959357469655 241 209 174 0.8091833919647632 3 1270 12 2159 5 1332 4 1574 1 442 9 811 23 1108 22 875 16 826 20 899 6 550 11 1815 19 682 7 820 13 703 14 1177 2 791 17 16 15 545 18 77
447 0.0030552082238037306 0.1555419962204473 0.35015716876621655 253 255 250 1.1987097210469826 23 1522 11 1892 22 1326 9 1409 5 1751 23 1435 7 1819 18 1565
1555 0.23462866683133665 0.1989747313472837 0.31807352353885093 110 113 107 0.9828865267049623 22 60 5 10 1 24 9 703 8 1273 16 762 21 531
446 0.05497420165685035 0.31936720587927525 0.23000988907092645 182 115 82 0.9726461901511502 9 1375 22 1311 8 1530 19 972 20 184 5 1500 18 628
1554 0.04368339797494173 0.20856629184100758 0.323736961323418 0 0 0 2.291029966511796 4 1889 8 1753
445 0.00833634023702609 0.30547905023746197 0.2506263813745838 84 86 96 1.5911256169415384 9 1436 22 1309 8 1641 21 1464
1553 0.04368339797494173 0.20856629184100758 0.323736961323418 0 0 0 2.291029966511796 4 1890 8 1752
444 -0.036294958565327023 0.2951715142389243 0.2484207657121597 254 255 231 1.190794259106596 23 1538 22 1308 3 1462 12 2220 16 1313 5 1705 21 1378 20 1305 6 1073 19 1481 7 1650 13 1405 14 1892 2 1390 17 1572
1552 0.12113922247574406 0.28593287459856676 0.24606772846923933 0 0 0 1.5937608426442464 8 1759 21 1532
443 -0.02749751736155721 0.28405068312640847 0.2528106386411776 106 149 131 1.1229928835520298 23 1469 22 1299 3 1465 12 2218 4 1688 11 1920 20 1221 6 1055 7 1531 14 1891 2 1384 17 1320 15 1433
1551 0.1493537027123595 0.2228451752978061 0.3106037525060963 137 144 138 2.043272128968497 5 1892 21 1518 1 1172 18 1655
442 -0.05786744426198219 0.28307733717377553 0.2608129471381067 127 121 106 0.5624709337482405 9 1362 22 1296
1550 0.003083263084377991 0.29983643049619196 0.2633286532580385 0 0 0 1.1621069324039783 4 1873 21 1513 22 1429
441 0.12377407696242697 0.2827296013115897 0.2497481891484057 249 89 102 0.5749383340886797 9 1429 22 1295 3 1567 4 1805 16 1277 5 1742 1 976 20 1273 6 1123 19 1471 7 1637 2 1359 17 1576 15 1547 18 1454
1540 0.006262784049115627 0.15594943744822692 0.3485017623840315 250 255 251 1.7574195000615662 16 1368 21 1447 1 1119 20 1449 6 1309 19 1707 7 1916 21 1476 13 1818 2 1676 15 1865
431 0.02601084019297591 0.14593034152601664 0.3548142504655921 254 255 249 0.7406236877505712 9 1322 22 1263 16 1285 5 1747
1539 0.05300918785914658 0.06194696039323604 0.37994861102072985 227 240 240 1.1555810787443521 16 1416 1 1114
1537 0.039828991268780284 0.30698597339901745 0.24405291417232758 203 59 55 0.7657416561525955 5 1839 1 1098 20 1445 18 1541 15 1815
1534 0.04553138609580773 0.05507221770764414 0.3795271277364167 0 164 250 1.8145949308881046 5 1800 1 1084 20 1401
1532 -0.05244295183074355 0.2896688740599774 0.25615565739939206 191 128 106 0.6559897224302664 5 1783 1 1069 20 1315 2 1500
423 0.0448119430923237 0.3077312194845341 0.2370086734964272 250 157 124 0.2781094162549375 23 1250 22 1176 6 795 13 717 14 1195 2 812
1531 0.025797034922185484 0.3162363694961516 0.24291831284279017 239 33 46 0.4164824724082481 5 1812 1 1063 20 1407
422 0.0476059700758262 0.3069453761739775 0.23732267589377962 227 108 87 0.4867231854349357 9 1280 22 1175 8 1443 5 1583 21 1201 1 798 20 1193 6 793 2 1062 18 1172
1530 0.030157600955557532 0.30972477670010357 0.2424626202486654 221 71 72 1.652271966582043 5 1811 1 1061 20 1406 6 1246 7 1803 19 1606 13 1686 2 1622
421 0.10789541972597168 0.28901049166116977 0.2460304417155645 255 255 235 0.5244850196312968 23 1393 22 1169 8 1425 5 1327 6 530 14 31 18 1184
1529 -0.05728941888788466 0.10664873473270524 0.3490389082643134 0 159 253 1.0806971011009237 5 1754 9 1319 1 1053
420 -0.0640962325642619 0.25414344082990303 0.271619132781225 136 157 141 0.6509111328124012 9 1144 22 1155 3 1159 8 1398 16 1166 19 1225 13 1088 10 1882
1528 0.07305353327869858 0.29433060079921575 0.24395854751918458 249 195 149 0.23331059910890364 5 1808 1 1051 20 1398
419 -0.050331993092493345 0.2534751934091347 0.2710727730337889 136 162 141 0.3401470828611438 9 1143 22 1153 21 1105 20 1130 19 1223 7 1431 13 1289 14 1767 17 1347 18 1193 16 1022
1527 0.1133386722372697 0.29988871563877234 0.2390608115640905 94 69 65 0.9451751955778521 5 1750 1 1048 20 1352 6 1129 7 1719 13 1514 2 1475 17 1665 15 1641 18 1507
1523 -0.12768420931767904 2.1356278729813627 4.140107926569773 0 0 0 2.012025833359623 3 1498 5 1720
1519 -0.11087353246307438 0.8256092984528765 1.6382208675242762 0 0 0 0.2756012393444617 5 1617 21 1321
410 0.04531442931208715 0.3117142319408373 0.23445388394642266 255 180 161 0.5361316793605564 9 1187 22 1069 12 2016 8 1447 4 1549 21 1096 20 923 19 684 3 1245
1516 0.13429810361873695 0.27382534031537253 0.27156529565618415 238 222 218 0.775571450022008 5 1638 1 972 20 1350 6 1192 7 1793 13 1603 14 2087 17 1749 15 1781 18 1554
407 0.08462415104324626 0.30736707259565366 0.23623162263184466 255 222 174 0.46072088373797665 23 1288 22 1058 3 1272 8 1311 4 1569 21 905
1508 -0.005717119052935854 0.32122526459927064 0.23786516413022937 117 139 123 1.1687589798104556 5 1692 1 923 20 1204
399 -0.05846232615984639 0.2580373048173736 0.2688447291350131 132 145 134 0.8169667574371324 9 968 22 1002 16 1039 5 1539 21 1221 20 1000 6 841 19 1042 7 1245 13 830 23 1036 2 891 17 1137 18 1186 10 1719
1507 0.06183210053381668 0.2997661761788844 0.25774371986430333 197 177 172 0.8771675309593938 5 1663 1 908 20 1364 6 1242 7 1801 13 1690 14 2161 2 1549 17 1738 15 1770 18 1510
1506 0.0843712547030642 0.29298582863846473 0.26273470353280576 208 180 173 0.43304555710918385 5 1659 16 1105 1 898
397 -0.05460794031748635 0.255866664960135 0.26981141808345144 131 151 134 0.5354738056063402 9 967 22 999 3 1172 16 1030 21 1112 20 1137 6 666 19 1044 7 1434 14 1559 2 886 17 1143 10 1714
1503 0.12111706043496377 0.2797258705103944 0.27000835912644683 207 194 188 0.7008922503812057 5 1642 16 1085 1 885 20 1353 19 1562 18 1518
394 -0.0675722175004715 0.2109335695094053 0.3012219136652362 112 110 92 0.8926151232715069 9 938 22 978 11 1355
1502 0.004793098632469044 0.06453203051231328 0.3730835329864293 249 255 254 0.523711597482954 16 1204 21 1185 1 880 6 1119 7 1759 14 2188
1500 0.09636176550067523 0.14605279399844368 0.3543297435959654 254 255 249 1.528858296278991 16 1261 1 870 7 1544 20 1063
391 0.09130439450440618 0.3096903955515126 0.2366739959993627 202 38 40 1.3103504099695853 23 1132 22 909 8 1303 3 1406
1490 -0.05791967608636192 0.08021121937648057 0.3639888361772891 80 252 254 0.5060790686400828 16 1119 1 785 19 1430
1489 0.08127716374124379 0.2368613699054575 0.3007472332364257 249 255 249 1.1311273397868942 5 1326 16 1206 1 764 20 1187 6 765 7 1646
380 -0.032877518165515034 0.2988281588481831 0.24561956543945027 99 124 97 0.8611733245319676 9 1011 22 881 3 751 12 1172 8 976 4 612 16 727 11 1041 5 980 21 986 1 517 20 788 6 650 7 915 13 786 2 853 18 22
1488 0.08155696657242086 0.23676638069376874 0.30119185232600343 249 255 249 0.6862625344457327 16 1205 1 763 20 1186 7 1645
379 -0.03284488760954116 0.29882682943830596 0.2456210562189179 99 124 97 0.8623112535086327 9 1012 22 880 3 750 12 1171 8 975 4 611 16 728 11 1040 5 981 21 985 1 516 20 789 6 651 13 787 2 854 18 23
1487 -0.22775255003224187 0.9767194803913946 1.9883850430648382 0 0 0 0.5544611839326121 5 1026 21 1175
378 0.07560960201616526 0.29894421594777143 0.24122549419534664 255 213 159 0.3842280617674862 9 1020 22 877 3 1262 23 1262 11 1645 16 838 20 669 6 224 19 170 7 252 13 173 14 765 2 215 15 31 18 69
1486 -0.05358350364258278 0.24180633837873985 0.28066939593559515 139 142 121 1.13978286740246 5 1519 21 1101 1 665 20 1134 2 1136
377 0.06980221210299885 0.29811790279168143 0.24196991919092836 255 222 192 0.30883076392955217 9 1018 22 874 8 1127 4 1414 1 458 20 676 6 238 13 183 2 228 14 771 17 18
1485 -0.061146766712031494 0.07841062438731998 0.37271587825618885 89 255 255 0.6514589507865576 9 104 20 1012
376 0.11997864144503155 0.29661888966249983 0.2424758018146736 255 254 246 0.6336310535959744 9 1016 22 869 3 1291 23 1304 12 2169 8 1089 4 1599 11 1837 16 805 5 1126 1 133 20 629 7 784 17 675
1484 0.07069091612318217 0.29482195210694556 0.24438605765263946 255 229 189 0.30325707289063986 5 1343 1 632 20 907 6 780 13 1034 14 1187 2 798 17 1079 18 1016
375 0.07053628143823922 0.29319101109590917 0.24460177362621788 95 78 73 1.9035170218829827 9 1005 22 858 12 1621
1483 0.07532763996319776 0.29287389377821216 0.2455137371797377 255 236 200 0.28604283806585046 5 1338 1 631 20 906 6 777 13 1033 14 1508 2 1058 17 1080
374 0.11166569357953177 0.2926507423117986 0.2441589261494789 255 253 252 0.22712438389104891 9 1008 22 856 12 2042 8 1094 16 574 5 1134 1 142
1482 0.05272257306745638 0.19223880840022542 0.3267926711706224 153 151 154 0.6138633580689841 16 969 1 621 6 924 20 925
373 0.08133955238373722 0.29209293230269895 0.24529095731210937 170 81 63 0.9940472449367285 9 787 22 855 3 1076 23 833 8 780 5 1335 21 660 20 659 19 193 7 258 18 96 13 190
1481 0.05284917333291301 0.0367419188048472 0.3888844186980549 192 255 255 0.3865344559007059 16 1078 21 813 1 574 20 916
372 0.08281233230933811 0.29059732915212233 0.24854026758805542 241 92 91 1.9827573444680322 23 832 22 846 9 1163 3 1403
1479 -0.05236196717955375 0.2919652042576812 0.252853621785336 120 61 39 0.443496567820057 5 653 1 544
370 -0.056648148150625945 0.2641368796937125 0.2655244232328921 116 137 121 0.5703597175216344 9 970 22 815 5 1411 20 998 16 906 6 673 19 771 14 1252 10 1725 18 1031
1478 -0.052467175682817564 0.2739663586735046 0.25985178140605797 127 135 118 0.8088028029803338 21 978 1 525 20 815 3 693 2 871 13 816 18 76
369 -0.06341227750894986 0.24647860645254685 0.2756612712162599 144 157 136 0.42061171770906564 9 957 22 809 3 962 8 1247 16 1036 21 1109 1 683 20 1141 6 843 23 1028 19 1057 7 1439 14 1563 2 1140 17 1156 10 1696
1477 -0.03957047802349283 0.29092643956860204 0.2500795838855506 114 118 93 0.0433220237694755 4 600 1 520
368 -0.06341227750894986 0.24647860645254685 0.2756612712162599 144 157 136 0.42061171770906564 9 956 22 808 3 963 8 1248 16 1037 21 1110 1 684 20 1142 6 842 19 1056 7 1440 14 1564 23 1027 2 1139 17 1157 10 1695
1476 -0.05114290805576429 0.25540514344119913 0.27000836073510703 253 255 238 0.829134415277769 8 1016 21 946 1 510 6 352 12 1113 2 415
367 -0.06455482799639035 0.23854787245481263 0.28027844350224185 255 255 209 0.526987955832843 9 723 22 801 3 635 23 196 12 1078 8 1041 16 904 5 1402 21 934 1 513 20 1008 6 671 19 791 7 1251 13 853 14 1258 2 908
1475 -0.021618577837141707 0.3041547506469862 0.2415905426875124 117 138 112 0.15288882618492683 5 1404 1 507 20 776 19 254
366 -0.002280349404628223 0.21189672765111892 0.31629176963784417 254 254 253 0.9825689994365403 23 1200 22 784 21 1197 9 1242
1474 0.024615184680996795 0.3110181708681792 0.24669300831206162 166 63 64 0.19182387547638557 5 1367 1 473 20 726 6 805 2 1075
365 0.05345159681592501 0.19227351961315026 0.3258276780665378 176 176 180 0.6628900704240234 23 1041 22 781 11 1014
1472 -0.004339592211437089 0.04580188613236496 0.3927441957908383 69 241 255 1.1215254180829628 5 1074 16 138 1 389
363 -0.011014471836285712 0.30362514470860086 0.24541603835968068 166 205 176 0.38082806014266474 9 470 22 689 3 782 23 1060 11 1058 21 411 12 1206
1471 0.007476276847217544 0.06271953928658046 0.3726729330543126 132 149 187 0.5149824822475064 21 563 1 382 20 950 6 744
362 0.11027890692027296 0.2990064057284598 0.2406879265816875 195 98 90 0.15924487172598845 9 814 22 681 4 1452
1470 0.09663701270685392 0.1441338348735287 0.35371788634210943 254 255 251 0.5807080801147411 3 1055 16 504 1 369 19 1080
361 0.06802942277488537 0.2978576937502244 0.24199529042237192 152 94 69 0.36229251210439356 9 804 22 679 8 799 4 1218
1468 0.14950027433385166 0.0525511080540021 0.39948548609512174 188 189 183 0.2754496384584724 5 688 1 344
359 0.07832572950379242 0.29646800584015826 0.2427344984541116 255 223 174 0.7748622904144822 23 1084 22 675 8 1124 4 1418 11 1131 5 1160 21 667 1 451 20 666 18 80
1465 -0.09089684631563577 0.23232266986029346 0.28927557101619955 254 249 252 0.4556975361341876 5 1005 1 307 20 564 6 394 19 395 7 990 13 870 14 1273 2 953 17 243
356 -0.04542330701298675 0.286138735329733 0.2527194227837133 106 121 82 0.33396321120784295 23 768 22 649 3 120 11 1028 16 736 5 992 9 407 21 764 1 528 20 802 19 282 2 864 18 37
1464 0.06704841852419872 0.3055704421189711 0.23785475900857156 165 91 50 0.3227494233121791 8 237 1 203 6 249 18 654
1463 0.10721961675611293 0.2814152264195915 0.2511693950013553 255 242 254 0.37156237595685154 5 828 1 137 19 718 17 709 15 936
354 0.10436174337252314 0.2832248465726039 0.24980851361696713 255 182 171 0.22643416200733416 9 411 22 636 7 215
1462 0.12693492784751853 0.2927026478916283 0.2437413817531231 147 115 106 0.13242827699719684 5 803 1 121 20 48
353 0.13130300420946528 0.28244784133882467 0.2499859410311236 164 115 122 0.46356539842227545 23 1124 22 630 3 1121 12 2057 8 1076 4 1473 18 759
1461 0.015555326066149329 0.06271147096031708 0.37108798163773477 62 139 188 0.27440244482853726 8 888 1 85 19 876 18 1267
352 0.1272972842967039 0.2797217190938086 0.2516228327192772 172 102 116 0.34165328443688425 23 886 22 626 12 1912 11 1445 7 159 15 67 18 210
1460 0.031084345652187442 0.06352538901909559 0.37394298542586524 199 253 255 0.24914014513665106 5 84 1 69 20 260
351 0.12631295253342126 0.2784303020787788 0.25219584076007756 253 252 255 0.2920924069782977 23 877 22 619 3 891 12 1687 8 729 4 1275 11 1439 16 101 5 196 18 215
1459 0.09353416418351376 0.08230602742333695 0.38048777755046287 178 177 179 0.32238608084804654 5 20 1 30
350 0.12555360811691318 0.2766464711792094 0.2533817983685281 255 254 254 0.43532505696941426 9 762 22 611 8 731 16 100 5 787 18 230
1458 0.18970804845504322 0.2275852834955795 0.29722686919796704 254 253 240 0.41996179471124206 3 1128 1 26
349 -0.045769798292053056 0.252521776902352 0.2718556580082759 140 138 138 0.2685343054304607 9 740 22 585 21 708 18 746
1456 0.15280102914072283 0.03247144060215841 0.41706161324752655 166 166 162 0.6051589248803767 16 1 1 18 19 892
1455 0.05989976704427538 0.1319606147959282 0.36537387523712256 136 136 136 0.8445532529570405 5 1915 21 1540 1 1193
1454 -0.17338444453371255 0.9135470942723766 1.7760624172555168 138 16 6 2.0743315978100396 5 1848 21 1473
1453 -0.06128140234900759 1.4640526174429915 2.8144302076368075 0 0 0 0.7554433518821851 3 1307 5 1550
344 0.03378364462891769 0.3182003040075809 0.23601233480121625 231 210 211 0.32197884996597337 23 405 22 433 21 347
1452 0.008106265187564186 0.06117859237628429 0.37269664361617216 244 253 255 0.2238335442353552 5 739 21 53 20 737
343 0.02956075868125274 0.31825102212835166 0.23988092138489012 254 213 204 0.22200345406296998 23 393 22 430 21 357
1451 -0.05921732922428342 0.2351810220462261 0.2827258215456156 247 251 235 0.3695931256414631 9 309 3 37 16 712 21 698 22 569 5 1213 20 826 6 649 19 370 7 964 13 370 14 881 2 471 17 812
1450 -0.05835816251394828 0.2579587792383291 0.2688729263739811 117 127 115 0.7950243513771669 9 969 22 1001 5 1538 21 1220 3 975 8 1389 16 1038 20 999 6 840 19 1041 7 1244 17 1136 18 1185 10 1718
1449 -0.01700861251723046 0.288303165952839 0.2700541387473427 241 222 191 1.0994805843647333 21 1549 9 1608 22 1455 19 1815
340 0.07162601558709504 0.30751193360264206 0.23622496679523378 249 174 129 0.47806770462702103 23 477 22 371 3 370 12 1281 8 225 4 862 11 1182 16 263
1448 0.11194225963781904 0.29821774745124996 0.2418368871692488 217 81 89 0.7571730791929191 9 1368 23 1553 22 1229 3 1487 8 1521 4 1723 21 1192 9 1369 23 1554 22 1230 3 1486 12 2303 4 1724 11 2108 1 619
339 -0.010612697106409509 0.3066678352350208 0.24483749633844493 77 118 90 0.25326714402907563 9 475 22 362 11 1071
1447 -0.07161376819835966 0.25143265653887725 0.27374193095667426 86 83 52 0.5479733548231422 9 738 8 660 16 744 21 743 22 155 5 993 20 840 2 490 13 354 10 472 14 334
338 0.08753920849673925 0.30484118690715384 0.2383901142777248 158 87 57 0.14303645157583508 23 898 22 349 3 853
1446 0.024253697641617028 0.07326276561832404 0.3760061933881714 250 255 254 1.5328949324916512 9 913 8 1453 4 1647 16 953 3 1179 23 988 21 54 21 1035 23 1337 12 2099
337 0.0841457127646773 0.30158752984584647 0.23950893498430864 255 221 177 0.6269106778630518 23 485 22 335 3 401 12 1306 8 192 4 887 11 651 5 344
1444 -0.06465031895685329 0.2508403782663404 0.2782731995207103 125 145 134 1.4344555470145341 5 1909 20 1534 6 1375 19 1798 7 1966 13 1864 14 2304 2 1765
335 0.0753966610522113 0.3007556968952271 0.24028374254651697 183 121 72 0.2923391816695286 23 426 22 331 12 1637 4 867 11 1159 5 864
1442 0.09928048763738595 0.30999217682045227 0.23185938585669003 39 46 48 1.954402769548069 22 1431 19 1758 16 1445 7 1927 18 1636
333 0.08456128945909235 0.2999357100894948 0.2405492491349966 255 218 170 0.4086220891171063 23 470 22 325 3 405 12 1651 8 190 4 888 11 631 5 341
1439 0.09456248094070126 0.09438974709430405 0.3886141953548536 148 148 144 2.7047762370693538 9 1550 21 1474
330 0.08625399539333684 0.2996269841229726 0.24054452532841886 208 140 91 0.2570766648852902 23 475 22 320 3 412 12 1307 8 185 4 890 11 639 5 338
1437 -0.08357274062976379 0.2202550896192582 0.2976728450894704 96 97 91 1.1593836275166913 9 1473 22 1368 21 1463
328 0.10721732360168247 0.2968438981349456 0.24187226616561258 255 252 236 0.32277421068582174 9 461 23 535 22 304 4 924 11 1206 5 299
1436 -0.06753019502623243 0.2198567556335552 0.29637412465221485 206 193 156 0.326490300075046 16 1400 21 1460
1435 0.04286091141872788 0.31003280506320713 0.23589268768550117 239 118 101 0.14656314144756558 5 1838 21 1456 1 1096
326 0.10626303706959919 0.2936646847833622 0.24355123520124883 255 251 241 0.4364377198241338 23 891 22 293 3 470 8 139 4 920 11 1457 18 111
1427 -0.04864962685533762 0.26806240588466856 0.2633564526128677 105 150 131 0.40580337821358414 5 1769 21 1365 1 1009
318 0.1348911977544408 0.2815241578827885 0.25000284799809086 174 102 94 0.9886475862330424 9 410 22 252 3 1123 4 1283 12 1705 11 1196 16 532 20 35 19 689 7 780 13 156 15 929 18 206
1425 -0.06159057763138856 0.23557264031163216 0.28301743342954405 254 255 242 0.6232260310721458 5 1689 21 1357 1 1001
316 0.10789586275314876 0.2801418510135471 0.2525275844143613 115 95 108 0.3322079962238179 9 765 22 243 5 269 17 90 18 192
1424 0.09496217814408969 0.14793754607297216 0.3510019254469045 254 254 254 0.7470578170771178 22 1324 21 1343 18 1592
315 0.11900958810875 0.2797738141083857 0.2513958029914488 144 149 186 0.20020079763236318 9 397 22 241 3 878 8 746 16 122 5 227
1422 -0.030510917759967122 0.27598375073538484 0.25883855966354014 124 142 122 0.3027140564483402 5 1682 21 1295 1 917
313 0.11760459227773253 0.27899821207202147 0.25201484319468637 244 254 255 0.3043722258973428 9 392 22 237 4 1263 8 100 5 233
1420 0.04252119518196477 0.16209296154423716 0.3451957186536774 152 152 154 1.3162168744479155 22 1329 21 1267 18 1564
311 0.12259884467736724 0.2756496338797771 0.2540779112325084 255 251 255 0.09559719649923472 9 382 22 225 3 507
1418 -0.13857848158557928 1.4494902820772062 2.7957235301985084 143 47 44 1.692907946468817 4 1489 21 1251
309 -0.05021584589478999 0.2512349362582263 0.2728354995130236 253 254 238 0.393611708255337 9 332 22 157 5 946 1 263 20 479
1415 -0.026965527740636222 0.32864185793206047 0.2363388298845944 66 84 72 1.6817707468113894 22 1181 21 1237 13 1525 7 1647 14 1996
1414 -0.2873573071558241 1.0084419266876734 2.149908825902253 172 24 18 2.2394759078683553 5 1444 21 1177
1413 -0.22339961857243762 0.9878884132623457 1.9590584441659082 172 17 7 1.8195159532689806 5 1441 21 1176
304 0.02464829884313343 0.17797829348049463 0.3345042322172544 252 255 251 1.5820715404420445 9 1604 23 1724
1412 -0.20936321031433516 0.9763256396904164 1.9348100750649617 213 89 80 2.1426784671786585 5 1556 21 1174
303 0.0015582620476056008 0.29747192992368043 0.26223791593663126 250 255 249 1.5681903699546569 9 1587 3 1654 12 2421 8 1742 5 1888 1 1170 20 1508 18 1620
1409 0.0008449411650199949 0.30739549890600515 0.2592898902437744 253 255 236 2.171223859722201 5 923 21 1114 14 1998 17 1580
300 0.1191150282569178 0.20905212152477773 0.31631716348594374 252 255 251 1.8882186285138731 9 1584 23 1714 22 1439 8 1744 3 1671 20 1512 19 1781 7 1939 2 1739 6 1356 17 1904
1408 -0.05414144807715506 0.24127848396619525 0.27892537857104566 137 158 134 0.4052238231241179 5 1520 21 1102 1 666
1406 0.12262962789940995 0.19359393984715417 0.324419323459357 253 255 249 0.703921417064444 23 1369 21 1050 18 1329
1405 0.12262962789940995 0.19359393984715417 0.324419323459357 253 255 249 0.703921417064444 23 1368 21 1049 18 1330
1403 -0.2387745834372772 1.0061448558920314 2.0396890688158384 199 50 48 1.5670040575405686 5 1264 21 1013
1402 -0.049640224352599356 0.27370780487128615 0.2599993080193809 106 131 124 0.36407769241915044 16 734 21 975 20 811 19 766 7 395 2 402 17 117 15 173
293 0.03421488662270619 0.31819597045611725 0.23598196118414114 174 68 81 0.6908772726153737 22 1432 21 1529
1401 -0.07164901683616653 0.2446677962698784 0.27761547847935125 126 137 123 0.5248338310334434 22 807 21 964 20 842 19 786 2 914 17 208
292 -0.09036290747777054 0.25387451094985614 0.2804947646197604 41 49 50 2.0597769170958324 9 1568 23 1683 22 1428 21 1538 5 1910 20 1526 6 1346
1400 0.03435020882006525 0.324206562078213 0.2342526569740186 239 216 213 0.6413910034406888 5 1192 22 933 21 931 1 472 20 258 6 280 2 283 10 1932
1399 -0.06481959837292431 0.21438247094346546 0.3009427847894214 93 87 70 0.39124551133228264 22 980 21 917 1 487 20 837
1398 0.024419970421487507 0.08540682714670633 0.38279645844057836 79 128 183 0.36110355564045765 5 744 9 1115 21 837
1397 0.22899402143104622 0.18855094476334583 0.3239419533967935 192 193 186 1.546398258764296 9 1125 21 818 16 1071 22 1127 20 875 3 1131 7 1165 19 1045 13 1074 17 1193 15 1044
1396 0.03969903365439062 0.028469590776883234 0.39259331582611884 13 174 243 0.14205947593028073 9 26 21 814
287 0.18212566948699385 0.2251475037389379 0.2999628327044799 252 255 254 1.3016946692674227 22 1405 3 1648 9 1555 8 1725 23 1690 16 1411 5 1852 1 1134 20 1468 21 1498 18 1624
1394 -0.045797100182004676 0.2526129821151468 0.2718601354460363 131 130 131 0.3312331745754688 22 586 21 707 1 252
1393 0.008875989851423675 0.29552538223462843 0.2658526099504378 144 138 143 0.021729008549816728 22 861 21 699
284 0.10017125187681905 0.07782434906607778 0.3965321921391193 252 255 254 1.557117598425999 23 1667 3 1656 9 1547 5 1882 21 1496
1392 0.05252243719207521 0.32137348399158694 0.22928958005097855 181 125 95 0.42324014364968904 3 1254 22 721 21 689
283 0.0522931180045165 0.06449518863080181 0.38301169845322314 122 157 203 0.8222012504474839 9 1544 23 1679 8 1735
1391 0.04409442437818203 0.30730340407057366 0.23724262318573566 255 176 155 0.08433756927168372 8 810 21 686 1 214
1390 -0.08119896965520067 0.14192215858445617 0.3602656652035298 88 81 92 0.13295129384562676 22 520 21 659
281 -0.06109257637270639 0.15681239197745334 0.3521409136492082 132 142 151 1.6577886474868624 9 1527 23 1642 22 1399 5 1875 19 1746
1388 0.004340249626535449 0.058104639892160054 0.37600718989988463 122 129 174 0.25198360701132616 9 68 21 559 17 1406
1387 0.046166042047190034 0.06709405307469404 0.37847393347460195 214 236 255 0.8249590570194841 9 909 11 1340 21 547
1386 0.06506467115944188 0.06767368749406237 0.3937119102502864 51 131 193 0.4944320482196818 5 61 9 637 21 541
1385 0.05537442110203726 0.04234575963261339 0.3836806610993587 220 254 255 0.5567481783617706 5 1033 9 612 21 527 1 350 6 709 20 911 19 1323 13 1336 17 1545 7 1457 15 1684
1384 -0.026013313647572464 0.3075322256558655 0.24145598519218806 102 129 110 0.2192670852014974 23 299 21 451
1382 -0.09367512248036138 0.23532892631488594 0.28791398666729856 162 162 158 0.5556097303747677 5 1014 21 421 2 597 13 409
273 -0.04337471484082897 0.2542619638998025 0.271825229816338 254 255 250 1.2092831711133356 9 1504 22 1337 21 1359 1 1066
1381 -0.031068504212230712 0.2875390272842761 0.2570949419915044 253 253 233 0.9711688165881989 22 281 21 419
272 -0.09690195388446912 0.2351003930331406 0.29507577647363176 226 233 233 1.9189646097377984 23 1623 22 1406 9 1502 21 1484 1 1128 19 1744 18 1602
1380 0.03251944939548292 0.32505232027801245 0.2358667439587708 244 195 196 0.34775080522736723 5 455 22 461 21 371
271 -0.06686216287476177 0.21950384493641767 0.3000517333412559 253 255 173 1.4606843661872198 23 1624 22 1393 9 1500 21 1459
1379 0.031110562422761702 0.3213274649616595 0.23931824132099078 240 215 214 0.22402070870799853 22 441 21 364 10 1585
270 -0.04247936405686498 0.27541227566626963 0.25834848631744645 240 255 252 0.2915662355598574 9 1481 23 1586 11 2020 20 1419 6 1219 7 1810 13 1611 14 2103
1378 0.03641087255913226 0.3182407067661897 0.23256211222590162 233 208 204 0.27707785250234235 5 905 21 337 1 221
269 -0.04246504481404523 0.2753722070021496 0.2583607893157619 240 255 252 0.3093391132914709 9 1480 23 1585 11 2019 5 1844 20 1418 6 1218 7 1811 13 1612 14 2102 2 1562
1377 0.03451724763147696 0.3159707851320424 0.2365519859724637 145 108 109 0.42437669125944066 22 421 21 335 10 1564
268 -0.06197682992093816 0.243739575106833 0.2775098317180618 254 255 247 1.1108951790019481 9 1478 23 1581 12 2208 3 1511 8 1613
1376 0.03303961862580371 0.3144322098982918 0.23726710528536726 153 107 112 0.38378572838487046 5 439 22 416 21 334
1375 0.17655078611181257 0.22673720201437145 0.30143269059085714 163 162 164 0.4060796816287051 9 296 21 94 17 299
266 -0.07626272513021633 0.2394655589871422 0.2821863810980178 254 255 246 1.0237910376015067 9 1476 23 1577 22 1336 16 1351 5 1845 21 1466 19 1619 7 1854 17 1799
1373 0.0010034496264722907 0.06512312311819214 0.37238120324286883 184 188 198 0.6032725279249009 5 1080 21 68 15 1678 18 1342 16 567
264 0.1316755857817525 0.21336406061186122 0.31393595459236456 252 255 251 1.0637402947822063 9 1471 23 1590
1370 0.23091013968847143 0.18849018763514488 0.32196621292860517 81 81 83 1.5728806582646755 9 253 21 10 16 479 20 10 14 108 18 415
1367 0.13787253416503126 0.2822728829865174 0.2464613453946885 221 35 42 0.5561484909245222 22 1344 5 1738
1364 -0.04980603965812391 0.2768572692127697 0.25799722254618973 220 225 211 0.44068208809288256 3 1448 12 2125 8 1569 5 1709 9 1353 23 1459 22 1288 16 1241 1 1013 20 1314 6 1080 2 1403
1363 -0.04522176264952136 0.2825636134185394 0.2547527832566487 224 223 212 0.67432504836418 3 1454 12 2127 8 1564 5 1706 9 1363 23 1462 22 1297 16 1240 21 1376 1 1012 20 1309 6 1077 19 1375 7 1538 2 1400 17 1468 15 1572 18 1360 10 2106
115 0.03071508841004771 0.3153189021164692 0.2391234943184941 254 213 216 0.3781604803516134 9 831 23 829 22 714 21 701 10 1772
2472 -0.015256543071101148 0.28706567641871616 0.258957122367719 195 193 177 0.5240014376138706 4 1117 15 1002 18 684
1362 -0.03963999469097306 0.2652571649424305 0.2639648131354737 122 150 130 1.0625673741460433 23 1456 3 1452 12 2124 8 1561 11 1912 5 1688 9 1418 22 1277 21 1361 20 1308 6 1065 7 1656 13 1532 14 2002 2 1402
1361 0.0742458202300645 0.2941400984771713 0.24449445173449802 170 116 78 0.41662864974063735 8 220 4 866 5 357 9 445 22 298
1360 0.07750505748428584 0.2949689640240227 0.24371111071782775 145 95 53 0.335294774890261 3 374 12 1274 5 345 8 210 4 873
1358 0.08432147896595919 0.30558021242545724 0.23724967357087182 176 122 80 0.432605347239492 9 823 23 1121 22 693 3 1091 4 1235 11 1467 16 614 5 1162 8 1116 4 1429 21 271 1 181 20 131 19 135 18 49
110 0.0809471475220192 0.3050004157546202 0.23782612420475852 167 115 82 0.6522273838829311 9 822 23 1110 22 690 3 1086 12 1873 8 778 4 1423 16 247 16 619 5 861 21 675 20 139 6 223 19 139 2 196 18 48
2467 -0.05512012802800194 0.23503033430937642 0.2951781152194012 99 81 25 0.20223114804170642 4 597 17 271 18 320
1354 -0.07810445820001713 0.15337101609712583 0.3511435231097388 254 255 251 1.3937751068129658 16 1449 5 1904 1 1190 20 1525 6 1366 19 1792 2 1778
1353 -0.07826823149098133 0.15320406093311756 0.35040949240749536 254 255 251 1.4437288055432933 16 1448 5 1903 21 1525 1 1189 20 1524 6 1365 19 1791 7 1962 13 1871 22 1418 14 2306 2 1777 17 1928
1350 -0.07337538768785243 0.1320645082750075 0.3588007744642251 52 59 64 1.2717282591000947 9 1551 5 1874 1 1167
102 0.11069708389444782 0.2962892330295262 0.24209111511174283 115 90 94 0.5855190500503473 9 802 23 914 22 673 8 1095 11 1473 16 579 5 1137 20 79 19 137 6 189 7 161 13 143 14 19 17 26 15 18 18 700
2459 0.1525612565028925 0.04056475563753491 0.4180521653207008 96 98 89 1.6527904226719063 13 1799 15 1871
1349 0.0952590048799418 0.09273162912820439 0.3863991348342353 130 130 130 2.3618045890365007 16 1413 5 1853 20 1483 19 1749 8 1708 8 1731 17 1896 7 1911
101 0.08149710881455072 0.2950154877929881 0.24337602710649794 157 104 72 0.5102460456637793 9 800 23 837 22 670 3 838 12 1866 8 779 4 1424 11 1431 16 609 5 855 21 258 4 881 20 137 19 178 7 248 18 84
2458 -0.07232224699583961 0.7290255394914893 1.2660515801834515 0 0 0 3.575164212295488 1 1106 23 1558
1345 0.23220588267711412 0.2049563553511588 0.31423152540085586 120 118 113 1.1174179804440671 22 1391 5 1823 1 1079 2 1613 14 2203
1341 0.050820766473089016 0.1948257421514713 0.3235256974308704 126 129 130 1.4344935056446417 16 1365 5 1807 1 1090 20 1404 6 1280 13 1750
1340 0.12496093099870792 0.29578663618586276 0.24072709307093393 80 54 52 1.1157809592700674 16 1361 5 1805 1 1044 20 1397 19 1603 7 1789 13 1596 14 1986 2 1540 17 1729 18 1545
1339 0.015639478121735106 0.045630052201965386 0.38278580444682275 0 206 253 1.0924832755169192 9 1304 5 1801 21 1335
1335 0.0033157913581332 0.3068075652976832 0.2538776356707368 73 73 73 1.2619070017023724 16 1217 5 1756 1 992 20 1413 6 1250 19 1611 7 1846 13 1692 2 1630 17 1792 15 1819 18 1542
1334 0.11244863900987835 0.28033690999447963 0.2512216949553404 180 177 191 0.6509470706286952 16 1282 5 1749 1 978 20 1354 6 1125 2 1362 18 1513
1332 0.09555677875770745 0.14685590956426695 0.35285787560896287 253 255 251 1.4675084085283014 16 1262 5 1735 1 871 20 1360 18 1568 17 1684
1330 -0.04519469250927428 0.2953526608429601 0.24869749814188014 175 130 105 0.42111550057369324 16 1168 5 1715 20 1310 6 1082
1328 0.007787922491405693 0.17669877227154004 0.3374290438534529 135 141 140 1.1782951786793017 16 1289 5 1657 1 1049 20 1371 13 1627
1327 0.007787922491405693 0.17669877227154004 0.3374290438534529 135 141 140 1.1782951786793017 16 1290 5 1656 1 1050 20 1372 13 1628
1326 -0.06282772651184722 0.06985769815585421 0.37111397454696093 111 227 255 0.11393173017806464 16 1214 5 1655 1 904
1325 0.10911322469457409 0.28331082526772067 0.26737331007427284 185 174 170 0.2943913838255637 5 1645 20 1355 19 1480
1324 0.012827226167667528 0.05590675902517572 0.37476832937309634 94 107 156 0.2785437755842849 16 1200 5 1633 1 877 20 1293 6 1187 19 1586 14 2225 2 1582
1322 -0.03411488579008913 0.27232975023016687 0.2595998902729388 91 123 102 0.9791648283712504 22 1284 23 1365 5 1595 21 1293 1 922 20 1224 6 970 19 1216 7 1422 13 1281 14 1760
1321 -0.062040168465825565 0.07533167005154784 0.3658630741837412 110 228 255 0.6809615239984351 9 635 5 1578 1 789
1319 -0.05745038535608653 0.23647815975962502 0.28183608688712053 106 128 110 0.5840426932463072 22 989 5 1517 1 669 18 1209
1318 -0.0315701983931453 0.2686827120694592 0.26230162033027227 102 122 105 1.1013880021539313 8 1204 5 1515 6 814 19 1217 13 1072 7 1423 2 861
1317 0.06478362933580847 0.31603785442171345 0.23237524818031827 195 128 91 0.3839362971914544 16 985 5 1499 19 667 13 136
1316 -0.07131321565582474 0.07215252532119118 0.37193100719375743 4 126 199 0.7648588134959903 16 858 5 1495 1 792
1315 -0.06179924549818844 0.07247426827727023 0.3681716576283093 0 191 249 0.6454527949158833 9 631 16 988 5 1493 20 1246
1313 -0.011526240308721703 0.12959718343511167 0.3649209360840869 126 133 140 0.43160494751723333 8 1177 5 1487 19 1406 7 1677 17 1612
1312 0.02598582258099091 0.14377101264738204 0.35372065938213465 254 255 246 0.9152355432678754 16 1097 5 1482 20 1290 13 1631
1311 0.127972836385792 0.27600167943354836 0.25311049187789564 226 62 71 0.24994327495830712 22 1162 5 1475 1 752
1310 0.08391444976653908 0.17894845731012532 0.3327547182828561 153 153 154 0.7606598819405631 16 945 5 1470 19 1260
1309 0.15589559499936992 0.2863657669323456 0.2519125825564325 184 11 19 0.5629194968588267 22 1017 5 1465 21 1064 1 598
1308 0.12223520985949946 0.192669253228578 0.3239880024674887 252 255 254 0.8936592236967313 16 1080 5 1458 1 589 19 1243
1302 -0.04879909329643731 0.25767939113915367 0.26852061426703455 221 225 220 0.350974001049069 8 1225 22 813 5 1397 21 945 1 508 5 1217 19 328 13 825
1301 -0.047344281128490116 0.06885494253857993 0.36935325562098065 95 239 255 0.25194255646561275 16 846 5 1328 2 1310
1299 0.13259966048348876 0.293081916004085 0.2440283825322349 81 53 64 0.6790774379194123 16 1084 5 1315 1 403 20 615 7 774 6 503 13 690 18 1037
1298 0.22724686789953605 0.20821590333643797 0.311398457144548 121 124 117 1.817383740419773 3 1549 16 1073 5 1270 8 1582 18 1404
1294 -0.04568468786819193 0.2525034234513715 0.2719741065913336 96 95 87 0.17785481351486757 8 1004 16 706 5 1206 20 805 6 332
1293 0.08045655062630924 0.3091696142448399 0.23596814752686968 253 196 161 0.4487061099862432 22 702 5 1171 21 281
1292 0.00018325982943199554 0.15432512032597762 0.3509239383635804 254 254 254 0.34651530284724014 23 694 5 1147 21 620 22 774
1291 0.0002731408753117597 0.1543414350763706 0.3506208465625165 254 254 254 0.49305731370024575 22 775 23 693 5 1146 21 619 9 232 1 179 7 1453
1290 -0.020767721373042048 0.11846280774528659 0.3710549356694136 71 70 81 0.5446966409508404 9 924 16 837 5 1143
1289 0.11610356359908428 0.29796152235105344 0.2418318601063267 255 251 242 0.3133819895123132 16 808 5 1132 1 431 20 637
1285 0.01789866767293154 0.040875519194770324 0.38467613742224993 230 255 255 0.6427698361901251 16 786 5 1055 20 945 6 730 17 1548
1284 0.021920948055897373 0.03769007490001009 0.38645129516822757 45 190 224 0.6707536633089987 16 782 5 1050 6 898
1283 -0.08970302590206514 0.23387337564116278 0.2874430826728841 220 211 212 0.5979249667052778 16 462 22 118 5 1002 21 406 1 305 20 561 6 393 19 391 7 492 13 407 14 909 2 580 17 239 18 255
1282 -0.07150408094648766 0.2514505287916601 0.2737770484781403 90 85 50 0.5251746434259499 22 156 5 994 13 355 14 335 10 473
1280 -0.056684623008768815 0.27560942718580095 0.3517217007917022 90 98 91 1.8125554876744867 22 200 5 961
1279 -0.06221862843882974 0.2408998438019039 0.2793875625481086 236 222 203 0.8388539524068855 8 649 5 959 20 505
1278 -0.053461510595267096 0.24719360318568864 0.2749522507560595 165 153 100 0.6865365271931818 22 143 5 951 2 433 18 205 10 1111
1277 0.0404901067974953 0.31259717284659855 0.23451025984243104 255 153 126 0.4476575544176603 3 810 8 289 5 893 21 316
1276 0.07776093028917089 0.30452179225671594 0.23824411579818397 181 125 83 0.18892618630958605 16 251 5 867 21 279
1275 0.11186091726157059 0.28313684424202784 0.24956960342916565 249 255 255 0.37259072552937783 8 755 5 819 1 131 20 77 12 1893 6 163 13 181 14 749
1274 0.09405693012586572 0.19895221932338553 0.32194824919035075 140 132 135 1.170390495502229 9 262 5 762 19 381
1273 0.015675427391264967 0.06303515948710377 0.37155761003914367 34 119 167 0.7642540331065338 4 198 5 737 1 84 20 302 19 875 16 542 7 1048 2 507 14 1338 15 1322 17 954
1272 0.008476874869235134 0.04923196648203568 0.3789389504783601 77 119 151 0.35955051822389583 16 544 5 736 19 913
1271 0.05487196150034853 0.055482306530722586 0.378929470164013 239 255 255 0.5546405682487068 4 816 16 506 5 710 20 183 14 1299
1270 0.04807399201476801 0.043074166197978506 0.38155383905819007 255 218 226 0.5623280422299253 16 508 5 705 1 46
1268 0.15261298240299498 0.032127403523806164 0.4165241700106002 154 152 144 0.7928091444660994 16 0 5 685 1 17 19 893
1267 -0.09150873427580505 0.14583427427818252 0.3520140853907778 74 65 65 1.0607703904394583 16 359 5 465 21 669
1265 0.03833559526080525 0.32024344734433197 0.23069340457171128 147 49 50 0.5470114591160042 22 445 5 434
1264 0.03955989884751809 0.3147302227235789 0.23298029450134394 255 158 142 0.43534227989757124 8 295 23 399 5 425
1262 0.10758904760344298 0.29873161579771795 0.2420789951027009 168 146 123 0.08010609095145317 16 186 5 301
1261 -0.0015624685629557508 0.08602373201785725 0.36596743041916824 151 170 196 0.5881516254095193 3 648 5 195 21 111 11 912
1258 0.09456849975983707 0.21613957184814145 0.31426877078834 152 153 150 1.9007571895441404 16 1467 4 1905 8 1761 5 1913 21 1541 1 1194 20 1536 2 1772 22 1448
1257 0.18225646765327227 0.2251764998072901 0.30096305293807324 157 159 158 1.6779052248682254 9 1554 8 1724 4 1883 23 1689 3 1647 22 1404 16 1410 5 1851 1 1133 20 1467 6 1302 21 1497 19 1738 7 1904 13 1783 2 1666 14 2238 17 1887 18 1623
1256 -0.012727002035160351 0.19050054414548448 0.3283952817495112 151 153 150 1.499345942363352 23 1188 11 1774 16 1121 9 1332 16 1297 1 1056 20 1303 14 2115
1255 -0.05154072031468086 0.12134317256294018 0.3620203383655711 22 58 87 2.8442376360688995 9 1560 11 2206 23 1677 8 1736
1254 0.08018900196037715 0.3189942442728249 0.23266872370780525 28 17 13 1.8769259429793341 8 1709 4 1877 9 1570 16 1420
1253 0.09466138089014711 0.21632500605049565 0.3147179940719786 252 255 251 1.7875226579809307 22 1449 16 1466 4 1906 5 1914 21 1542 20 1537 2 1773
1252 -0.07710900393328102 0.23590707245091072 0.2924585470821246 92 107 89 1.0542319594247964 8 1757 16 1465 9 1596
1251 0.15002423708501764 0.21546778828932303 0.3102574983956606 108 111 110 1.7078945396956344 23 1717 6 1354 19 1779 7 1937 13 1851 14 2267
1246 -0.0518854239071102 0.064778694394847 0.37388765818207753 84 221 255 0.6899661805865678 8 1241 16 1113 9 625 21 850
1244 0.044521238414202885 0.15429307721745697 0.34814494094390475 89 97 102 2.3181913837344648 23 1682 9 1553 3 1639 8 1733 16 1432 1 1177 20 1506 19 1765 13 1838 2 1727
1243 0.0020223711315147334 0.15498525803535423 0.3500457639408781 251 255 254 1.6555020277766275 23 1434 16 1108 9 929 23 1178 9 1326 22 972 5 1488 5 1752 21 1270 1 984 20 1101 6 1135 19 1270 19 1504 7 1672 7 1820 13 1448 13 1633 18 1566
1242 -0.023927580147217926 0.0921978485666031 0.3583665211671015 159 183 219 0.3678834077218336 8 972 4 1327 16 618 9 151 11 150 5 835
1241 0.11440437208925419 0.2964446082450233 0.24223793345489886 139 87 88 0.5402691673346539 9 803 8 1092 16 572 23 1131 22 672 3 883 5 832 21 638 1 143 20 73 18 107
1240 -0.02944958881490861 0.2903335517124061 0.24969798557100803 118 128 119 0.41353556477494874 9 999 23 1220 22 1031 3 1202 11 1613 16 891 8 1201 4 1325 5 1529 21 1123 1 672 20 975 6 636 19 752 7 918 13 795 14 1238 2 851 17 51 15 120
1237 -0.06832398386880613 0.24944723748224065 0.2745407671283235 109 116 104 0.5883974775986773 3 954 8 1253 16 1045 9 958 23 734 22 993 21 1118 20 1015 19 1055 7 1249 13 1095 14 1568 2 1148 17 1155 18 1197 10 1706
1236 -0.06806216778302394 0.2533183084082153 0.2723750017539908 237 232 209 0.8155792534260161 3 1335 8 1504 16 1248 9 1259 23 1357 22 1218 3 1155 21 1303 20 1329 19 1394 2 1417 6 1084
2484 0.024677503320647904 0.15375725512382798 0.2850054862432129 113 107 114 1.0137406729012268 22 521 18 1226
127 -0.047947989857356266 0.25240662723318097 0.27181795667493086 252 255 246 0.4528530645928729 9 964 23 1037 22 997 3 986 16 889 5 1390 21 933 20 808 6 820 19 1049 7 1242 2 876 17 1149 18 1050
1234 0.010323147123015733 0.07745511267899942 0.3680901987220145 242 255 255 0.38552730030617577 12 941 8 410 4 737 16 145 9 102 11 156 5 137
125 -0.0508973735881427 0.24953207072919198 0.27377060319109486 255 255 226 0.8949843287563525 9 960 23 1032 8 1015 11 1004 5 1391 21 1103 1 671 20 992 8 1227 19 1050 7 1435 13 1087 14 1560 2 884 2 1129 17 1152 18 1198
1233 0.12374697466208434 0.2772466218355312 0.25312069526944786 241 245 251 0.44232445616341914 23 864 3 885 16 103 8 87 4 1270 5 200
124 -0.06832398386880613 0.24944723748224065 0.2745407671283235 128 141 132 0.5883974775986774 9 959 23 735 22 992 3 953 8 1254 16 1046 21 1117 20 1014 19 1054 7 1248 13 1094 14 1569 2 1147 17 1154 18 1196 10 1705
1232 0.009975832867073577 0.06917916961025955 0.38438331315449725 54 169 222 2.436232543778989 8 1768 16 1473 5 1921 1 1199
1231 -0.02490915136799984 0.16828467576275916 0.34622274891552557 112 112 112 2.0816664484282223 8 1760 16 1471 9 1602 5 1918 21 1547 1 1195 20 1541 6 1380 19 1813 22 1453 7 1973 13 1880 2 1785 17 1945
540 0.12488083777677439 0.27800915328764186 0.2527637889644661 147 148 162 0.25985086455199147 23 466 3 519 12 1684 8 79 4 964
539 0.1226348581711715 0.2777303408604848 0.25278731135971916 146 143 166 0.3919889493708405 23 448 3 511 12 1679 11 1139
536 0.11046690909533274 0.302563101143926 0.23977093084335344 251 204 156 1.1891751497522112 23 571 3 508
531 0.11634207175325163 0.2820751268591469 0.2501993901716122 252 249 255 0.26472117606146633 23 459 3 492 12 1669 4 946 11 1147 15 59
530 0.1155857011980197 0.2830772753747034 0.2496963970781063 136 97 123 0.3476675996852368 23 464 3 488 8 105
529 0.10789224833205169 0.29937917924427215 0.2404630462151345 159 140 102 0.36374298984769116 23 551 3 487 12 1689 8 126 4 930 11 1222
528 0.10787459600024055 0.29941135198503 0.24046231793509004 159 140 102 0.3571530386871501 23 550 3 486 8 127 4 929 11 1223
527 0.11444869945536244 0.28275371670233396 0.24976670772791726 241 243 255 0.21973277047519477 23 454 3 483 12 1338 8 112 4 942 11 1145
525 0.10549909719883734 0.3015778411796419 0.23948974233808382 179 49 42 0.9677470032976051 23 559 3 479 4 916
521 0.08929058411836362 0.2981737665015516 0.24111729581289928 231 187 141 0.2884209465815285 23 479 3 420 12 1312 4 417
520 0.08831216713538954 0.29906121454358436 0.24086636255506955 254 222 178 0.16239097148254467 23 484 3 418 12 1311 11 643
516 0.08351510233098663 0.2958583135844793 0.24287584788243272 164 110 61 0.3591401525058634 22 303 3 396 8 196 4 885 5 339
515 0.08225615388483624 0.29773581368690194 0.24182258575745302 253 207 162 0.36341323590298585 23 435 3 393 12 1290 4 395 5 342
512 0.07283674860524371 0.3003707864201764 0.24062398418567013 147 97 43 0.21625530833356849 22 330 3 363 8 224 11 1142
510 0.0689830907539545 0.303580549646786 0.23865655280634268 236 190 148 0.5550026965464105 22 345 3 352 12 1270 8 232 4 855 11 1158 5 380
509 -0.02658108644587813 0.3156655214976521 0.24046166562262677 141 170 141 0.5943171056366277 9 520 23 318 3 223 12 495
507 -0.025873496363595185 0.30109731917390253 0.2435416689536612 223 235 214 0.24783180257858056 9 462 4 80
505 -0.02230560727884103 0.28180013140390436 0.2547158665088963 222 182 158 0.04806439929511663 23 265 3 193 12 1165
504 0.043837419418686144 0.07916208412542096 0.39110469943079357 182 214 243 0.4323180572653911 23 98 3 183 4 321 12 1074 11 303
503 -0.03425176899722689 0.3011426298036311 0.24390156237669955 90 108 71 0.3545219380652209 23 283 3 180
495 -0.024518235107346742 0.10492164445224675 0.37058655148109787 43 97 145 0.25207924075328814 23 60 3 17 12 987 11 276 10 262
488 0.018525322638499365 0.157382031315686 0.34858099045620694 254 255 251 1.4736575908758767 3 1652 8 1741 22 1421 4 1888 9 1576 16 1443 5 1898 21 1522 1 1178 20 1518 6 1359 19 1803 7 1958 2 1764 17 1925
487 0.12782478360241842 0.3036873214565951 0.24483892341203503 174 40 36 1.551861564709767 9 1558 3 1658 23 1707 12 2434
483 0.14408908326169104 0.17219259932480555 0.3357917468288044 166 166 168 0.7185034422614106 23 1533 22 1265 6 1177
479 0.08319039452008158 0.17959277314068897 0.3338777142653872 181 178 182 0.4014882383203937 23 225 22 46 21 136
455 0.051401886661505525 0.19668754502561747 0.32534469601010446 144 146 153 0.6530270991339456 9 1496 22 1366 18 1560
440 -0.0599443564363257 0.27705681084345163 0.25929726457338087 171 167 158 0.21379853352982578 9 1352 22 1289
439 -0.05493125126792905 0.2743925914248545 0.2593223129403545 77 130 103 1.2020207527298528 23 1531 22 1285 3 1442 12 2122 21 1377 5 1776 20 1317
438 -0.05453431067084544 0.2695580908187599 0.26239727586768424 254 255 242 0.7046294064786159 9 1350 22 1281 5 1772 21 1370 20 1316 6 1151 19 1487 13 1535 14 2006 2 1506 10 2174
436 -0.06726046194834505 0.2575105308609659 0.2696646826889122 113 144 102 0.8263722606217457 9 1342 22 1274 3 1338 12 1983 8 1503 16 1170 5 1777 21 1306 21 1369 23 1448 19 1387
435 -0.04992319250265063 0.2425393431292198 0.2789232040530772 240 225 182 1.122146388284101 9 1417 22 1272 5 1759 1 996
434 -0.0758125056323864 0.20923452219778116 0.29655259851576954 108 121 116 0.8865305062911508 9 1333 23 1518 22 1266
432 0.026080605956330244 0.14567470700753404 0.35452997655436136 254 255 249 1.3218214160822428 9 1321 22 1264 5 1748 16 1286 20 1411 9 926
429 0.036636470555495966 0.3137211584138527 0.23441962716676853 237 70 72 0.4343473125839186 9 1287 22 1243 5 1585 6 945 7 1385 13 1244 14 1731
427 0.1066112288888001 0.29200911437385846 0.24386148085489837 248 241 229 0.7173361976670465 23 1548 22 1226 8 1522 5 1484 1 766
426 -0.05511645466117293 0.2522039887819505 0.27199121880673 254 255 241 0.39553717288418033 9 1258 22 1217 3 1349 8 1493 16 1235 5 1702 21 1291 1 937 20 1236 19 1389
416 -0.06602776581234376 0.23531904770895232 0.28235224082634314 137 167 145 0.7291027896542018 9 1248 22 1142 3 1332 5 1699 20 1327 6 1078 19 1397 7 1563 13 1432 14 1915 23 1190 2 1421
415 -0.013208470624884203 0.19028658764328646 0.32844132468986414 254 255 247 1.2979455137314917 23 1187 22 1129 11 1773 16 1122 20 1302 14 2114
412 0.040707543646659426 0.3135206377390573 0.23380340072294853 255 165 135 0.6870417398724064 9 1055 22 1073 3 1400 8 1330 5 1503 21 1098 1 644 6 598 11 1643 19 681 7 857 13 169 14 779 15 906
411 0.04521850932537956 0.3117577198791277 0.23457645273181954 255 180 161 0.704568476816796 9 1186 22 1070 5 1502 1 641 6 594 19 683 7 1185 13 712 14 1191 2 811 18 636 11 1812 10 1907
409 0.04088661313174139 0.30920939879585435 0.23633736164540217 252 183 154 0.31823660954685357 23 1249 22 1066 1 642 6 597 13 718 2 265 18 997
408 -0.019789881736240942 0.30779454733262585 0.24373858176473048 158 187 162 0.55155728264009 9 1181 22 1060 3 1221 12 2142 8 1187 4 1516
406 0.04864184661270688 0.3023233261068007 0.23982230623343134 207 90 93 0.7817047056035951 9 1177 22 1048 8 1442
405 0.10454938316380241 0.2963756778844325 0.2420945993489063 255 252 220 0.34397316414063 23 1404 22 1039 3 1279 12 2162 8 1300 11 1829 5 1330 19 677 7 803 6 535 13 146 14 743 2 169 17 670 18 1026
402 0.1294710248164105 0.28681974395041326 0.24730856031178708 202 128 136 0.3586829887639552 23 1407 22 1022 11 1948 20 619 17 1089
396 -0.05309023843445103 0.24961384723576346 0.27358447918962064 138 152 124 0.38037461294896574 9 961 22 994 8 1019 16 898 5 1395 1 674 20 995 6 826 19 782 7 1246 13 1292 2 1131 17 1151 18 748 10 1473
395 -0.05910005205711039 0.23279174482452764 0.2851646226036429 144 164 151 1.1977686719716174 9 1132 22 987 20 1244 16 1228 6 980 19 1495 13 1542 2 1276
392 0.07914826540050293 0.3118732272770165 0.23459747986402169 199 123 93 0.6086167899117396 9 1052 22 916 8 1123 5 870
390 -0.011160974552020047 0.30557247002852417 0.24472382015772406 82 124 95 0.393767615395822 9 1032 22 902 3 1048 8 907 4 1121
389 0.07724327518626908 0.30600899980132484 0.23724159095576872 255 217 174 0.4902788994056823 23 1278 22 900 4 1562 19 140 6 231 14 56 15 14 18 42
388 -0.014468785211417114 0.30487860739265654 0.2442266233990957 154 190 165 0.36141215161239065 9 1031 22 899 16 698
387 -0.014383511607635215 0.30493957510343234 0.24447849974806188 154 190 165 0.1945024768978078 9 1030 22 898 3 1044 12 1836
386 0.0820523154530536 0.3035042504565075 0.23848534526618922 255 219 170 0.31617437290709455 9 821 22 891 3 1087 12 2030 8 1120 4 1426 11 1669 16 616 5 1164 21 671 1 182 20 135 19 147 18 54
385 0.08204031372259679 0.3034781494362704 0.23852215829126752 255 219 170 0.31483209846640625 9 820 22 890 3 1088 12 2031 11 1670 16 617 5 1165 1 183 20 136 19 146 18 53
383 -0.032935863603096194 0.30155396255343186 0.24425716956230878 255 255 198 0.4332929707860623 23 1056 22 887 6 653 19 746 2 848 17 21 18 634
371 -0.04554363742470028 0.269315297935396 0.2618072486198415 255 255 213 0.38724734817051565 9 750 22 820 3 707 8 1000 21 967 1 511 20 801 6 353 23 758 19 304 7 936 16 901 13 325 14 844 2 396 15 657 17 135 10 1504
364 0.08701243422989587 0.30715719749374315 0.23660188329797835 161 87 53 0.17949960086718839 23 907 22 699 3 854 21 670
357 0.11353498505563973 0.28824569445773945 0.2464758449133305 175 116 120 0.44109278028473803 23 889 22 650 8 750 4 1260 11 1451 18 136
348 -0.05657053489435843 0.2489201505003533 0.2740705434875619 143 154 138 0.5039997370332728 9 735 22 582 21 936 6 662 13 840 2 892
336 0.0753966610522113 0.3007556968952271 0.24028374254651697 183 121 72 0.2923391816695286 23 427 22 332 12 1638 4 868 11 1160 5 865
329 0.08684411056630342 0.298722272744336 0.24127300424985762 255 239 194 0.43152607041236163 23 873 22 314 8 184 11 632
325 0.1063162683201746 0.29362668080250476 0.24341839974568039 255 251 241 0.35924910234739216 23 892 22 292 3 469 12 1672 8 138 4 919 11 1458
324 0.07859791787618645 0.2927767559009956 0.2452484397501636 253 221 180 0.28865682835700285 23 394 22 291 3 375
323 0.12805544781336786 0.29268906026786723 0.24441410126375498 158 104 107 0.565079470121364 23 931 22 289 8 73 11 1228 4 973
322 0.0745395215999675 0.2919622690743003 0.24670477939307367 100 71 61 0.4061595410315386 9 433 22 288 3 830 12 1262
321 0.1060180730901092 0.29041553615834687 0.24551527809423215 255 246 218 0.6235686270041513 9 431 22 286 8 762 4 1249
320 0.1354757322479983 0.2886165192501715 0.24680032595245896 181 96 102 0.6922585990529391 9 778 23 565 22 280 11 1485 19 145 7 131 17 55 15 39 18 167
319 0.1061920850852539 0.28655867839518834 0.24758849998627752 255 162 149 0.2506555422478618 23 444 22 275 12 1328 4 451
314 0.12465641180356243 0.27907125815319217 0.2518988379382312 252 250 255 0.5329196790499852 23 874 22 238 3 888 8 81 4 963 5 201
307 -0.06177953450647676 0.23903366985818167 0.2799567660882244 170 169 146 0.48702753130141613 9 322 22 129 8 648 16 422 21 711 20 832 2 474 12 319 17 216 18 784 10 1102
301 0.11924268571769418 0.20894869869216215 0.3162662977574184 252 255 251 1.9929312975377595 9 1585 23 1715 22 1440 8 1745 3 1672 20 1513 6 1357 19 1782 7 1940 13 1836 2 1740 17 1905
298 0.00385694108177379 0.19729705092300762 0.3259627567524281 252 255 251 1.5187681214536533 9 1581 22 1437 3 1663 8 1754 4 1893 16 1462 5 1907 21 1533 1 1188 20 1531 19 1799 13 1866 2 1761 18 1654
295 0.09100999777705177 0.15944824095512908 0.34565546241991346 252 255 251 1.8068651918550342 9 1578 22 1435 3 1667 8 1750 4 1894 16 1455 21 1517 20 1516 6 1355 19 1801 13 1855 14 2296 7 1954 2 1754 18 1658 1 1182
280 0.11118063331162778 0.11988194238537223 0.36737453859818153 110 122 126 2.0088042031661097 9 1525 3 1622 8 1705 4 1865 23 1649 16 1412 5 1854 20 1469 1 1111 19 1708 7 1910
2620 -0.015628151494957172 0.8342480846970767 1.4128276170520635 0 0 0 1.718706365264326 1 1022 4 1623
263 0.06392135835796055 0.06229745399516817 0.38270825104695616 16 119 192 1.3008264940208312 9 1455 23 1617 8 1668 11 2134 12 2359
2483 -0.06126594299664188 0.2218338420707736 0.2997735647929871 173 174 150 0.14939637564951616 8 1234 17 1367 18 1224
126 -0.052808230988552245 0.25257143714251884 0.2718114634184532 249 255 249 0.44051559243905875 9 963 23 741 22 811 8 1018 5 1400 21 719 1 509 7 957 19 780 13 833 6 654 2 887
119 0.04743841705637592 0.070708821659937 0.385839555795158 190 221 253 0.5418719201124937 9 912 23 997 21 551
2471 0.04641128508199613 0.31015693793123683 0.23593949559862198 158 64 52 0.8572696767779951 18 644 10 1546 22 911
114 0.08000028146472221 0.30619273823197196 0.2369691603553891 255 235 203 0.39062353531643645 9 827 23 1111 22 695 3 1085 8 782 4 1232 11 1461 16 621 5 1169 21 276 1 186 20 662 14 48
2470 0.2291865017377836 0.1875109383499315 0.3231797002111409 132 133 124 1.0606607696439383 22 53 18 417
113 0.07020040126362376 0.30625279841785996 0.23706055971795884 153 84 56 0.3577034277816733 9 825 23 1101 22 905 3 1072 12 1863 8 1126 4 1415 11 1446 5 1175 1 196 20 155 19 148 18 38
112 0.08433353588369517 0.3055402933166224 0.23745398712515747 178 124 82 0.30173416360430977 9 824 23 1122 22 694 3 1090 11 1468 16 615 5 1163 21 270 1 180 20 130 19 136 18 50
109 0.07562508482487315 0.30230322779615 0.23938998331258454 255 222 185 0.48837665514821244 9 819 23 1098 22 687 3 1073 12 1867 8 1125 4 1417 11 1444 16 622 5 1170 21 676 1 188 14 72 2 213 10 1202
2466 -0.05612594774152893 0.2328911943278055 0.2920212202003467 189 187 166 0.27223923420355683 17 250 18 306
108 0.08626817471526083 0.3016115574093967 0.23952971214250665 255 232 200 0.25205475106523556 9 818 23 884 22 685 3 846 12 1877 8 772 11 1455 16 233 5 853 21 261
2465 -0.055490357591101123 0.23320962070341766 0.2907933211878524 122 115 88 0.04873822003926482 17 246 18 294
2464 0.1500235922925235 0.2639963056056259 0.25093759704937496 0 0 0 0.12249907713084252 12 774 15 49
107 0.11357005729694217 0.30050790111054676 0.24104894211634453 149 43 45 0.37331511300269193 9 815 23 1305 22 879 12 2168 4 1261 11 1842 21 642
2463 -0.0103688175264638 0.26403496034101337 0.2558472917806343 0 0 0 0.5974874836889001 4 655 17 111
106 0.11022026063264158 0.2991006627554283 0.24070921791942193 169 82 78 0.24466823148222325 9 813 23 554 22 680 8 120 4 1253 4 1451 11 1482 16 179 21 235
104 0.08320885544164164 0.29881200135759717 0.24110074810276605 143 94 64 0.3211206919720545 9 810 23 1100 22 682 3 1084 12 1869 8 777 4 1427 11 1443 16 613 5 1155 21 665 1 174 20 133 19 165 7 231 13 166 14 58 17 17 15 21 18 676
2461 0.08362356459128255 0.29342670009336913 0.26104412342655947 72 72 71 0.36530690765643364 6 206 13 242 2 243 17 127 14 790 15 614 18 197
100 0.07960730060646393 0.29522097691919424 0.2433796769764013 152 108 73 0.34922513545332223 9 799 23 835 22 671 3 1074 8 783 4 1230 11 1425 5 856 21 260 20 140
2457 -0.13362023324595754 0.5888366944825194 0.9870605814401754 0 0 0 2.996549379781917 5 1439 12 1945
