# 3D point list with one line of data per point:
#   POINT3D_ID, X, Y, Z, R, G, B, ERROR, TRACK[] as (IMAGE_ID, POINT2D_IDX)
# Number of points: 1898, mean track length: 5.9209694415173866
1174 -0.034660488018892759 2.929303528926797 4.3529835551489464 252 255 253 0.30984825772053015 9 705 16 643 1 211
1173 -0.41203024783979797 1.3068422791926451 4.9202759918006933 151 165 196 0.43254673765098645 8 1208 16 624 18 1242
1109 2.1718595726694914 3.9269262737996642 3.4649850699628444 221 115 111 0.49107626963300333 23 585 11 1247
1108 0.65619489590118862 4.2463121413042373 3.267820086289154 255 171 156 0.36657517801871448 23 384 11 1115 14 105
1104 -0.9385351137185578 3.3415986142493543 3.8353946353856174 134 142 126 0.17306999288861621 9 955 11 993 1 688
1103 -1.0796882407435058 2.5008558367764815 4.6295045930655272 155 166 165 0.41400170807588754 9 692 11 974 6 637
1102 0.59443593391883687 1.1061385106275223 5.4159041914085853 49 75 111 0.27533706401546887 12 1532 11 967 10 1022
1101 0.40707751177012325 1.0723873261550567 5.2955812109020046 183 200 217 0.44972183922602388 9 115 11 959 21 64
1100 -0.35911176338094269 1.4147107299577841 5.0278114128426292 160 186 202 0.44179624922150129 4 661 11 958 10 1040 12 1485
1099 0.20567679560964747 1.155145363996718 5.1595817667803399 181 204 226 0.068997130484075311 9 129 11 955 10 994
1098 -0.33595633453559548 1.3958045605335161 5.0259941636304175 214 236 250 0.1949661705214818 9 194 11 950 10 244
1097 -0.54957579697970238 1.424253900989505 4.8942483860960024 223 251 255 0.36762806644921353 4 1046 16 283 11 902
1096 1.1825198806537496 4.0912559262054504 3.3438320989368631 185 140 94 0.4006243866668589 9 457 11 610 5 851 21 257
1094 -0.67366283727189258 3.4529343911919113 3.768144167978237 141 146 128 0.16265146263580138 23 743 11 385 6 338 7 953 13 837 14 1254 2 417
1093 -0.67348357296109196 3.4535694373229675 3.768120034097497 141 146 128 0.17078110102043176 23 742 11 384 6 337 7 954 9 736 13 836 19 343 14 1255 2 416
1092 -1.5035403061013199 3.0873304274498983 4.033774024278272 125 141 135 0.3615184662227291 22 91 11 331 21 426
1091 0.65503565493889104 1.075582034223642 5.4017416993546954 132 182 221 0.68192069152947843 12 307 23 100 11 304 10 204
1090 -0.012138855864967414 1.2565739360694268 5.2962088323958936 54 113 153 1.2750913501481709 12 205 11 286 10 251
1089 0.62723552176116748 1.0419150588789834 5.3495544688238308 212 238 255 0.42865389812392946 4 826 23 85 11 282
1088 0.20976920922510067 1.2167744399093408 5.2299806006877771 95 138 179 0.20981298677288041 12 1027 11 277 10 224
1087 -0.56559130877643937 1.5060646467806627 4.9940749890454663 193 221 232 0.2908889670090844 23 43 11 251 10 1046
1086 0.12830359428290919 1.1717290629001023 5.1351002031750381 234 255 255 0.098095890556291573 12 990 11 240 10 161
1085 0.033440901173214875 1.2163646026091464 5.0998135169570817 229 255 255 0.28171649125775988 8 419 9 139 12 976 11 235 10 179
1084 -0.47350170922896517 1.423590082063376 4.9782953124680711 139 166 183 0.16514468966585505 23 21 11 227 10 1039
1083 -0.063471162957483188 1.2376315879503161 5.0593816359084727 178 206 221 0.2111608203836236 12 1488 11 221 10 174
1082 -0.10102210398218729 1.2502927948970772 5.0529127972517172 160 189 215 0.15959303193251659 12 950 11 219 10 184
1081 -0.32083046918770042 1.3466256351101344 4.9804153582086217 144 175 214 0.60222554545022788 12 920 11 211 5 294
1080 -0.15162814227961402 1.2555458334961587 5.0276650869020756 229 255 255 0.11773491037355706 12 933 11 201 10 178
1079 -0.56653220063045451 1.440764968990669 4.9146539911567313 148 180 202 0.11075451247626972 9 198 23 6 11 188
1078 0.015370012913897425 1.1718473117302539 5.0532243363463181 178 206 222 0.12173476297332976 8 436 11 185 10 150
1077 -0.61730153623057415 1.4563792932330377 4.9004279220451377 152 181 212 0.23348221302062308 12 1442 11 184 21 175
1076 -0.00018619335674275792 1.1366640232975809 5.0386626161015453 160 191 220 0.35610994677115326 4 1133 11 160 16 591 8 908
1073 1.6147332617107801 2.0925660507268669 4.8688799451477696 114 114 114 1.6906742930809233 3 1670 4 1899 8 1746 20 1498 19 1787 1 1160 17 1927
1072 1.6864729369232729 3.8655947715965508 3.4768431209629806 223 220 244 0.063698304744576328 3 516 4 955
1071 1.6636019408743865 3.8115490271661168 3.5105780749428597 217 221 235 0.45689522545002154 8 95 4 952
1070 1.8365301491075716 3.8606910409868176 3.4681920736683498 255 250 247 0.78256154559506652 12 2055 8 1074 4 1608 9 982 23 1403 22 829 3 1297 11 1821 16 787 5 1308 1 604 20 1059 17 1105 6 750
1069 1.2575462708653882 2.1989714075317197 4.7625871960093731 250 255 251 0.74411404119862967 8 1751 4 1895 13 1856 14 2297 19 1802 2 1755
1068 2.11400324325693 0.6250683436493063 5.6716065960209825 0 0 0 1.3649835999826248 3 1644 8 1726 9 1523 11 2136 23 1643 4 1882
1067 1.7478747321322303 4.1391845883186749 3.3191064890180084 45 40 35 1.5509253430605443 8 1704 22 1411 4 1880 21 1478
1066 -0.39626135946305041 4.4507089395475647 3.3550452234669264 136 141 111 0.56565365955756697 3 1636 4 1870
1063 0.13614431610164199 4.0285964589978596 3.6990030962081528 93 90 87 1.8157420345221054 12 2336 4 1827 3 1591
1062 -0.24544598460341965 3.9466647262369277 3.5862266703096597 191 168 121 0.82343258893862903 8 1648 4 1823 18 1543
1060 1.3466939276968306 3.9676834429842698 3.415164403774174 199 40 40 0.31318205528774978 8 1523 4 1764 5 1576 1 770
1059 0.72312211321156983 0.94541393093837345 5.3095164716571306 158 186 219 1.2984278891955274 3 1523 4 1762 11 1880
1058 2.1043812314031376 0.73346105902705483 5.6055230250623049 158 154 155 1.460255761405379 8 1517 4 1731 17 1716
1057 1.3437629481283875 4.198361215982275 3.288176025327735 206 61 57 0.76964096737660659 9 1372 4 1720 20 1062
1056 0.85149426433271636 1.1963699411040407 5.3808720291049461 252 255 251 0.43599899360276417 9 1228 4 1715 21 1183
1055 0.41329922724009893 1.0631217438193477 5.281521713039675 176 195 226 1.4164656551701915 8 1537 12 2106 4 1709 11 1879 16 1198 10 1850
1054 1.0418260116803786 4.0417984166540535 3.3847927693391364 213 182 147 0.33799155352120991 8 1318 4 1663 21 899
1053 0.90211029197877779 0.93507871433971335 5.4124816366857029 9 108 183 0.30681284397221797 8 1434 4 1660 12 1789
1052 0.48808397184873265 1.0572069594449129 5.3059910258368159 144 155 176 0.21568506630304349 8 1449 4 1656 10 1852
1051 0.040052396599246691 0.7304384892235537 5.2396386249998326 127 125 133 0.48007968445897964 8 1550 4 1640
1049 1.8553864973287153 2.9632899685244953 4.3028220443064793 250 255 253 0.75489445007298228 8 1418 4 1612 5 1290 1 736 20 1178 7 1515
1048 1.4931995908464981 2.3000741656282475 4.7111880993162814 249 255 253 0.70263202314383366 3 1069 4 1590 6 1023 1 733
1047 1.3161531118331058 2.7732806458743253 4.4209621842114943 126 121 119 0.8857978254315988 12 1850 4 1582
1046 0.9749535948679281 4.07047633810242 3.3730951336868582 218 187 149 0.24511897044972655 8 1319 4 1558 21 907
1043 -0.31585243451184036 1.4456317992472931 5.1640166460861554 0 0 0 0.38896585774960402 3 1337 9 668 4 1523
1042 -0.066679370345706354 0.98886421471257535 5.0762768588973826 103 122 145 0.5166184961505631 8 1467 4 1522 6 914 7 1681
1041 -0.15800228624568483 1.0223447040031253 5.0442535024854118 106 135 166 0.52655852940255232 9 634 4 1512 20 959 7 1591 8 1366
1040 -0.23466845376465922 0.90511321098884279 5.1084545548663822 135 144 184 0.41868250928361234 8 1476 4 1505 16 1103 20 1211 6 1126 13 1655
1039 -0.46729391422865851 4.094020321375571 3.4080935274652617 201 197 179 0.78228075347717996 8 1481 4 1498 16 1162 21 1231 1 826 20 1121
1038 -0.48960341237898725 4.268986742940525 3.3276871263116847 112 126 105 0.92587988498064178 23 1474 4 1497 16 1040 5 1714 1 834 19 1012
1037 2.4604799417230265 3.0819693020103243 4.0536498889977617 100 101 107 0.27197127757126494 8 696 4 1479
1036 1.2127522182217236 4.2113718924682821 3.2800199519403241 138 92 62 0.1239128915418205 9 1040 4 1432 1 172
1033 1.0824865754107449 4.0893545553031618 3.346338650391437 203 163 109 0.72572700695495684 22 676 4 1419 5 1161 18 81 11 1132
1032 0.37435539894358089 1.9833885757380225 4.905095349940634 252 255 251 1.4936760854574154 12 1799 4 1398 14 1929
1031 0.37435539894358089 1.9833885757380225 4.905095349940634 252 255 251 1.4936760854574154 12 1798 4 1397 14 1928
1030 0.62308492864234588 0.87918150297587527 5.2032087324192595 249 255 255 1.1170435314629443 8 1338 9 626 4 1392 16 775 3 1192 5 1284
1029 0.68312964518283703 0.47755215699411335 5.1938001299321686 39 168 234 0.031492086759751382 4 1386 5 19
1027 -0.025997970185435471 1.1460845956203978 5.0322560053250287 157 184 233 0.43264652587666558 8 1183 9 118 4 1350 11 158 16 593
1026 -0.075369667088994521 1.027447299642035 5.0599502495375717 58 202 254 1.3130898842179151 12 895 4 1347 11 131 15 1673
1025 -0.44257959425909549 4.483764793276249 3.3317505360631134 103 102 86 1.2812354740127914 12 2007 4 1338 3 1224
1023 -0.29461656554784221 0.96336115327947791 5.0706597906428499 249 255 255 0.85360693509704055 9 906 4 1328 6 927 1 617 7 1602 13 1478 20 1118 17 1620 15 1741
1019 1.520592992911413 4.1268777719216585 3.3204065612512181 167 80 64 0.22805172745924793 8 121 4 1254 16 180
1018 1.0450854194849017 4.103428614693712 3.3423307088214207 135 79 33 0.24374251888919343 8 788 4 1227 21 269
1017 1.0442712750557535 4.1029874542837765 3.3420834394555325 135 79 33 0.30557902050662861 8 787 4 1226 21 268 23 407
1016 0.92870487454253525 4.1894579213467713 3.2899883922630631 114 63 43 0.99349553390637857 12 1859 4 1217 5 1177 1 199
1015 0.72992588813440162 2.6418795186556152 4.5241593559572069 122 116 119 0.42235577638968752 12 1577 4 1212
1014 0.56732714450857846 2.273601942693392 4.7304428226131074 124 113 118 1.0252846058625766 12 1564 4 1208 14 1572 2 1105
1013 0.46254103792005452 1.1073817890366162 5.3282627751792457 246 255 255 0.4256746297548431 12 1056 4 1204 16 87
1012 0.32283779329415507 1.0065533876834065 5.1749919400159055 252 252 255 0.41835938959452373 8 855 12 977 4 1186
1011 0.22797214759653184 1.0758376434311874 5.1273563708092524 138 159 205 0.37758384324399241 12 1503 4 1174 11 199 16 127 5 124
1010 0.036957488903807269 1.1601288828643808 5.0660690681574492 179 191 220 0.29006502453066185 8 428 4 1141 11 192 10 149
1009 -0.021086520615864995 1.1857013184056227 5.0496949592139835 149 168 210 0.48769049987291013 9 130 4 1136 11 911 5 194 21 110 3 647
1008 -0.010413072646882654 1.1606228545741311 5.0434169099499302 242 255 255 0.22800919721766799 8 447 4 1135 11 900
1007 -0.063553708035107584 1.1848037496290349 5.0278723973128336 244 255 255 0.55905944454536638 8 918 4 1123 16 595 5 792 18 885
1006 -0.10375930213227286 1.2069279757475897 5.0179612920326564 249 255 254 0.4155511070561822 8 923 4 1116 16 600
1005 -0.11476611033350169 1.2285965774954437 5.0200019197007446 186 195 217 0.52709901718743268 8 471 12 1467 4 1114 16 214 5 230 10 158
1002 -0.11585122594150039 0.88830990445114799 5.1312850752435866 254 254 254 0.24670846240194436 8 935 4 1101 20 368 6 509 2 952
1001 -0.19729851927593706 1.2533415639735159 5.0029539264085043 186 195 218 0.36230088119270448 8 941 4 1100 10 998
1000 -0.3127684712739961 1.3575213308732064 5.0019918666508749 232 240 253 0.38408526497199896 8 956 4 1093 11 927 10 1030
999 -0.48392824971343368 3.60362724266533 3.7915428776122582 203 206 189 0.66450087393141899 3 138 4 1077 17 191 18 200
998 -0.36536448658991344 1.3078813573762227 4.9381835797128071 250 255 255 0.39339057322668286 8 978 4 1074 10 181
997 -0.53993398695508776 3.5193136787585075 3.8379143102889648 221 218 199 0.47762975591140455 8 561 4 1072 17 807 15 1034 18 776
996 -0.53830505723738109 3.5197548362499749 3.8375706031217347 221 218 199 0.34941124178186939 8 560 4 1071 15 1035
995 -0.67640714143770164 3.338231444379272 4.014775574274549 224 192 48 0.80138048158619613 8 994 4 1061 19 372
994 -0.4774368981121016 1.3636457839501694 4.9022110612487424 249 255 255 0.56947809518095005 8 587 4 1057 16 268 11 894 5 1142
992 1.8679859867965203 3.8715356910412293 3.4665299319396059 250 197 171 0.94444870186172092 3 1124 12 1387 4 979 11 1188
991 1.6315162483477541 3.8335222419507677 3.4864450412957484 88 93 129 0.35572162069207969 8 99 4 950 5 221
990 1.5925404124045455 4.1420668957736373 3.3275337375583298 109 44 26 0.51030128212495007 22 683 4 949 21 229
989 1.5348032590424232 3.8669020854903251 3.4746345664879743 229 233 245 0.17843329372294928 8 119 4 935 16 146
988 1.4799379559655164 4.0950329835796797 3.3376551119184938 255 240 230 0.48946529093597901 12 1680 23 536 4 923 11 1207 5 298
987 1.4524878785130249 4.0663376411610628 3.3504812885044668 141 107 75 0.34241408558050573 23 516 4 914 11 664
984 0.82014006502824977 0.89779589037903473 5.3434276951202042 156 190 230 0.36360862950048628 3 191 8 256 4 842
983 0.6359166657272991 1.0576450818621086 5.4893933559879029 25 36 61 2.4260279845761925 4 840 10 1019 23 103
982 0.80506471446417482 0.84442824005042549 5.289392538339059 147 176 213 0.32372512586214919 8 266 4 835 12 1033
981 0.63963338984710427 1.0606227280554221 5.395905580927745 44 84 141 0.40858159604541017 3 187 4 834 11 294
980 0.40135823088985639 1.9820365738319439 4.910472144969245 103 94 98 0.75135539258614181 8 322 4 812 14 926 2 424
979 0.55890684534898727 4.3128511928212472 3.2329173328547705 215 124 97 0.45919769493652468 8 288 4 806 5 894 3 809 20 224
977 0.65389437221434032 0.62423964662464271 5.2562568192629859 255 203 208 1.104750806126624 8 326 9 46 4 794 19 1118 6 460 7 1280 2 437 15 1605
976 0.30607822293070691 1.1869053027150223 5.2681677485207716 150 191 227 0.24713492869350831 3 111 4 785 11 281
974 0.0014066857179131772 2.935093134874744 4.3493419694834561 106 101 98 0.84783037100384917 8 376 4 763 2 407
973 -0.042895636332138019 1.3378093314514903 5.196027131156681 37 83 129 0.38706078440045988 12 1014 23 73 4 746 11 963
972 0.22074689001776182 0.55893660287864122 5.3197325636896595 110 195 234 1.1224050216187045 8 885 4 742 16 529 20 733 5 730 6 731
971 0.21877912566485896 0.56304362075368863 5.3214624188546082 110 195 234 0.97259661289765231 8 886 4 741 16 530 6 732
970 -0.018564566626488237 1.234385284289347 5.0877572848066368 242 247 255 0.20210284683299273 9 149 4 728 11 940 10 187
968 0.057401430633666067 0.80436269390198689 5.1891738090177864 123 119 152 0.62391676404290353 8 905 4 718 16 804 9 67 21 558 1 384 20 952 17 1407 18 1344
967 -0.031757490822246853 1.1722135173957258 5.0347910056842631 244 255 255 0.56304896079729638 8 453 4 708 16 194 21 107
966 -0.005788578848897114 0.8634391579583508 5.1646791857578451 125 124 166 0.78119374948838649 8 914 4 706 16 809 9 74 6 491 7 1300 14 1953 2 1175 15 1608
965 -0.004807409940989972 0.86660563530380319 5.1667222901613536 125 124 166 0.42090596763845206 8 915 4 705 6 492 7 1299 15 1607
962 -0.27552198680725032 3.8777777759152086 3.6220427222287186 206 197 178 0.79719205492023093 8 473 4 677 18 103
961 -0.14387840653826842 0.97091111620355042 5.0735009495470544 252 251 255 0.46753663999185657 8 497 4 673 16 205 20 381 7 1074 15 1324 17 936 18 1250
960 -0.14328315749533457 4.2274123673393946 3.243077216101157 116 134 112 2.6885496161545976 23 315 4 666
959 -0.16736675764253633 0.97533380063402975 5.0660115215129933 132 138 166 0.57442220182886772 8 513 4 663 20 389 6 165 7 1077 17 1214 18 1118
958 -0.19386902010817758 0.91498933868314514 5.1021444614715747 253 249 255 0.40864430333882223 8 520 4 650 16 597 1 414 20 767 6 520 7 1321 13 1167 14 1839 2 966 18 1338
956 -0.37379359179903804 1.3308253833469219 4.9426142169741443 189 197 216 0.3342668953894008 8 550 12 903 4 625 11 175 10 201
955 -0.49501793927443027 3.7790183236083692 3.5663415592490573 209 209 182 0.34890287373678097 8 982 4 605 1 497
954 -0.49606603589425541 3.7818963949968354 3.5679208293367215 209 209 182 0.53719618033500161 8 981 4 604 1 496 3 1011
953 -0.49952031355460874 1.3615362935757962 4.896024370037253 246 255 255 0.11259750369325783 9 180 4 602 11 151
951 1.6967044561022497 3.9659969506091555 3.4105820732138046 151 130 124 0.27739783490435005 12 1369 4 487 11 667
950 1.1733199033241983 4.1241296249057751 3.3234934851628832 149 100 59 0.41142356362013127 12 1299 4 403 11 625
949 1.0705248512230019 4.2333825415955459 3.2663380931868229 228 174 142 0.56140167751336001 23 493 4 381 5 367
948 1.0594668497747053 4.1428152360863724 3.3155396000769106 210 160 116 0.82980937320120207 12 1280 4 379 11 605
947 1.0417529453329792 4.1346150783543889 3.3190685741118671 216 170 125 0.26028794709240238 8 216 4 372 5 364
946 0.79067960502769363 0.82250813276548596 5.2434847882229816 106 125 165 0.28022879164521791 8 273 4 311 12 199
945 0.68140177883232989 0.61766740034734502 5.2596346428714007 217 124 140 0.82740382518688149 8 318 4 283 16 34 5 38 19 896 17 1251 15 1486
944 0.15284437709230508 1.2378280777368449 5.213787669307524 99 122 158 0.15930437759165916 12 1021 4 238 11 274 10 227
943 0.13387992405234317 1.1355529112454334 5.1085231314376625 241 249 255 0.27517511834507591 8 402 4 210 11 919 21 91
941 -0.0020647099254880877 0.88616464644496995 5.1508480205002867 248 250 255 0.27043269692083111 8 455 4 162 16 160 5 142 6 496 19 548 7 1296 13 1162 2 945 15 1485
940 -0.15257820058303007 1.2554514696735615 5.0265720265380036 245 249 255 0.26394627039180679 12 932 4 146 11 200
938 -0.45394543117134312 1.3490063532958323 4.9122173191926057 246 255 255 0.57442410787786757 8 583 4 40 11 154 5 311
937 -0.55057735931241447 3.8371946297800572 3.5381904234687314 206 204 191 0.87939191222377366 8 586 4 16 5 963 20 456
936 1.1711701601896893 1.6907008848559351 5.0507814965341398 100 100 102 0.051965660131443048 9 1593 4 1904
933 -1.0443980249818368 2.5216985101072491 4.6175306937966063 81 78 91 1.1040062389120988 23 1175 23 685 8 1037 12 1042 11 1354 22 778 9 933 16 1008 16 679 21 914 21 1088 1 654 1 914 20 1147 6 632 19 1268 7 1679 13 1316 13 1550 14 1800 14 2031 2 1442
932 -0.24979469353560918 4.1478289826757182 3.3581366770693504 227 229 214 0.55644945852295014 3 1387 12 2139 8 1469 9 1276 23 1475 22 1234 4 1510 5 1599 22 1233 21 1307 1 814 20 1209
931 1.7531600324074081 3.936506152883096 3.4241100575595795 255 252 246 0.50428796178627222 9 774 22 641 3 1113 12 2053 8 1083 23 1289 3 1294 4 1462 11 1827 16 538 5 1105 1 113 20 622 6 121 19 688 7 786 13 150 14 735 2 147 15 923 18 739
930 -0.57158436517377631 3.9141898858270383 3.5051464307543307 103 121 113 1.0667701048785463 9 1154 8 1374 9 980 23 1049 22 1019 3 1008 12 1151 16 1032 5 1546 5 1610 21 1224 16 1161 3 1370 1 824 20 1125 6 828 19 1023 7 1418 17 1101 15 1252 10 1901
929 1.7429252132231015 4.0365462265248357 3.3679367390287265 154 65 71 0.4743538882329898 9 446 12 1925 8 75 23 564 3 546 16 115
928 0.41260298776142035 3.2769844696570427 4.2352576911979716 94 98 93 1.8475946007005009 3 1686 8 1767 4 1911 5 1919
927 0.64149840532149138 1.9150703317608979 5.0091131423295581 108 108 102 1.283129257627512 8 1763 6 1377 13 1878 15 1910
925 0.63444793786640641 2.9121890461183506 4.4211857409020352 131 136 131 1.533817349198592 3 1665 9 1595 3 1679 5 1906 1 1186 20 1530 16 1460
924 0.63641725788049475 2.9129191382609538 4.4200497986273817 131 136 131 1.4909325147214911 3 1666 9 1594 3 1680 5 1905 1 1185 20 1529
923 -0.25777268456128077 0.84375799349721192 5.1742216718151921 166 161 165 1.1324221682442333 8 1743 21 1516
921 1.3703937875927132 1.0843762508676782 5.440984699595905 254 255 251 1.2129496728180162 3 1640 8 1729 4 1878 16 1428 5 1869 1 1157 20 1501 19 1768
919 2.1148760437354261 0.62548539597014463 5.668147731698796 113 111 103 1.5130326198825321 3 1643 8 1727 9 1522 11 2137 4 1881
918 -0.78564224643567704 1.0257239029904084 5.1022701300014042 29 201 251 1.969530784189822 8 1719 16 1447 5 1901 9 1545 21 1511
916 -0.86347166965337763 2.1699409178744378 4.8509219803921786 125 124 124 2.1095816826263047 12 2358 8 1716
915 0.17222035748375997 4.242206576854989 3.5016339257174884 53 53 48 2.3966070025909225 8 1712 16 1426 9 1536 5 1877 2 1699
912 -0.61412466242660169 3.8166299369773973 3.5531994438982109 210 206 200 2.3311052312086087 12 2365 8 1696 2 1673 22 1408 18 1601 17 1826
911 -0.30231732386770749 4.4569849461098237 3.1854865529780541 91 92 79 1.6408860583672475 23 1688 8 1694
910 -0.28613374386900292 3.9726810605195544 3.4724039825234483 140 88 65 1.3259120419431756 12 2389 19 1657 17 1737 18 1581
909 -0.21518797061168701 3.9724571993704347 3.4109377316464369 140 88 65 1.2589740455476035 12 2390 8 1691 4 1819
908 1.6960575304795755 1.9339047686321349 4.9193261809305433 118 118 118 1.8725628025977652 3 1624 8 1685 1 1112 19 1703 7 1878
907 0.23642188599751335 1.1785579577167289 5.1816327856162738 237 237 238 0.74015627550208984 9 1463 8 1673 4 1841
906 0.66409224848640314 4.3713503407167487 3.2298545464748187 81 50 37 1.7087170749429805 8 1670 21 1458 1 1059
905 0.82766189249238364 4.3628094977211322 3.1909581376418017 166 99 61 1.3713463464231543 9 1511 8 1667 5 1755 1 1054
904 1.4632886282679578 2.2748360704450867 4.6878117168983735 254 255 251 2.2918865001698867 3 1594 12 2292 8 1662
903 1.4451550308527443 2.2767776818345786 4.7013988728020477 254 255 251 0.41400986723434763 3 1593 8 1661
902 -0.41826528321768319 3.7647574252980567 3.5850930440971687 92 86 71 0.98061423448526452 3 1585 8 1654 19 1613
901 -0.14197483790234869 1.1731109685122978 5.0128897571352971 252 255 254 0.10828093145250703 9 1462 4 1791
900 0.00707316965017586 0.76502237663810446 5.215742682132773 122 119 125 1.4503928154163039 9 1397 8 1647 4 1749 16 1362 21 1397 5 1802 6 1277
899 0.2588967720955459 0.53345396741527695 5.3264069900949735 197 242 246 1.1120023474069636 9 1395 8 1646 16 1384 5 1825 21 1395
898 -0.021271802232653889 2.8861721672576719 4.3872596303841034 252 255 251 0.77377777559315974 3 1560 8 1645 14 2170
897 0.10209599093497553 2.4277968311841578 4.6474195082140568 116 116 116 0.599942521959974 3 1525 8 1639 2 1570
896 0.58798083910589516 0.44250179195382217 5.4115678456118221 204 220 234 0.94703520513399286 9 1393 8 1637 4 1796 16 1332 6 1303 7 1885
895 0.5816410682456099 0.94491819704285218 5.2326542577676429 174 195 223 1.4464188517888743 9 1400 8 1633 21 1336
894 0.98208526263140694 4.1882338698172994 3.3093255876380083 197 144 96 1.1891194494481703 3 1595 8 1630 21 1415
892 -0.36862249664573055 4.2042430544698348 3.3385241500241527 206 208 192 1.1330870633198304 9 1434 8 1606 4 1693 5 1770 21 1379 1 1005 23 1539 19 1366
891 1.6443798906024381 4.0615040548454271 3.3617142043330097 207 192 191 1.2428366491638647 22 1307 8 1590 11 2161 16 1203 5 1643 1 888 20 1180 6 918 19 1363 7 1502 13 1384 14 1720 2 1237 17 1462 15 1413 18 1373
890 1.7308499072687689 3.983223698665622 3.4120948703668987 205 188 179 0.62102680290449364 22 1301 8 1589 16 1278
889 2.1077034840344409 0.72642746933563029 5.6091995386870206 135 127 124 1.5248919381323784 3 1534 8 1587 7 1745 2 1487 17 1715 15 1788
888 2.2049940260162084 0.68698049199035582 5.6744490235860496 116 114 104 1.3326648705907829 3 1535 8 1584 4 1776
887 2.2049940260162084 0.68698049199035582 5.6744490235860496 116 114 104 1.3326648705907829 3 1536 8 1583 4 1775
884 0.2617879955396416 1.083597985160538 5.1636305158274913 251 254 252 0.51201796562790414 9 1112 12 2192 8 1540 4 1706 16 1088 21 1042
883 0.6724364685113472 0.52293784120102915 5.3527938119653662 159 117 164 1.1152540517702336 3 1183 9 1089 8 1535 4 1654
882 1.5556189077652658 4.018785712728234 3.3835743083153735 172 161 155 0.24039104375505294 9 1272 8 1520 16 1092
878 -0.7618577017339071 3.477879480406977 3.7570216134325087 220 213 203 0.17375976372108937 3 1350 8 1494
877 -0.24321302910611442 1.3741736264945481 5.0624105696551585 248 247 248 0.54709632828813848 12 2187 8 1468 4 1697 11 1878 10 1978
876 0.045443574681830697 1.0871351214755889 5.0439810479802629 250 255 255 0.84712545807999895 12 1754 8 1461 4 1641 11 1328
875 0.36818343913805773 2.0004755053674361 4.8925592527847446 252 255 249 1.3079702169124778 3 1468 8 1450 2 1569
874 1.2562096794865636 4.1122631047582274 3.3280588134662281 114 62 41 0.12542566794197738 12 2160 8 1430 4 1577
872 -0.79030162206956689 3.8249710189202974 3.6083646937710685 60 85 57 1.2853174633320319 12 1803 7 1428
871 -0.69480396563873636 3.5911695278221631 3.6835319586651885 89 102 90 0.55508429903690171 3 987 8 1380 20 990
869 -0.17647247489561504 0.79797885591068296 5.1924427287733312 111 106 116 0.8906245497004015 8 1367 16 1208 1 884
868 -0.22104939596330322 4.1115408722999938 3.3777095166171778 76 116 95 0.31406175520634527 9 1168 8 1363 5 1521 1 659 20 1108
867 0.074806645140719066 0.68821232696318324 5.2402150531734417 255 254 250 0.85367950081578392 9 617 8 1356 4 1355 16 956 5 1293 21 826 1 600 6 907 14 2137 2 1432 15 1693
866 0.12848453649206035 0.69518555369468193 5.2198936137543424 120 158 191 0.83804884832830318 9 897 8 1355 4 1529 16 1086 5 1462 21 1032 1 740 20 1199 14 2191 2 1520 17 1710
865 0.71708121987921603 0.64017584054162902 5.2539647596734902 255 214 224 0.62224760173651084 3 999 8 1334 4 1399 7 1580 19 1316 2 1128 17 1640
863 1.2320208073184415 4.0804975895179387 3.3502391058002816 195 155 113 0.39648805019002792 22 1037 8 1306 4 1664 16 979 5 1491 1 625 18 1022
862 1.5871035144854098 3.8747656242965132 3.4632646054250182 245 250 253 0.40956555392118194 9 986 8 1296 4 1593 16 803 13 719 14 1171 18 1051
861 1.6819514060030325 3.9957196796972867 3.3905002898165679 157 92 93 0.24393904770737146 22 1025 8 1289 4 1672 5 1114 1 413 6 146 2 152
857 -0.4731859220758991 3.8251309191225111 3.5439718123738264 219 216 204 0.56320144063435529 3 1012 8 1206 4 1059 1 663 19 1029 18 1014 10 1734
856 -0.23897966986457941 1.2281723891074059 4.9785085417942119 158 172 201 0.26641693542183914 9 647 8 1196 4 1341 16 607 11 887 19 480 10 986
855 0.68526254990438829 0.56594274742388595 5.3019473341743275 255 183 190 0.91529518252187447 9 610 8 1151 4 1394 17 1648 15 1749
854 0.74643564660991857 0.54693337514391549 5.3185717393544927 204 235 255 0.78554093316476425 9 607 8 1142 4 1401 21 7 20 683
853 0.64468319558414211 4.2771749476163494 3.2541825764511141 161 43 36 0.62529095939935675 22 912 8 1136 4 1551 5 1185 5 1356 1 465
852 0.64413915237175412 4.2717332641523038 3.2473747620203746 161 43 36 0.53185851478514912 22 1067 8 1135 5 1186 21 1092 6 593
851 0.92957873028983218 4.159822859109199 3.3083432960972607 126 63 29 0.70931822057087379 9 1029 12 1858 8 1130 4 1412 5 1174 1 198 2 231
850 1.3319250432506715 1.9892339541677011 4.8870621435228161 255 255 246 0.46621658277141886 3 1056 8 1107 20 900
849 1.3175606019009256 2.7748778762590871 4.409521850161668 109 106 107 0.1826295506297575 12 1849 8 1103
848 1.3143559596147767 2.776800366982251 4.4148565773490063 109 106 107 0.30163612047815391 12 1597 8 1102
845 1.8741756721891469 4.0218321296415205 3.3710125910904738 141 37 35 0.76403152000491659 3 1301 9 441 22 663 8 1070 4 1285 5 1099 20 613 6 490 19 130 7 123 13 686 14 1156 2 772 17 682
844 -0.73180111052245078 3.4442090839068111 3.7733327717993266 93 102 78 0.2921009708521039 9 962 8 1020 16 899 5 1396 1 675 6 827 2 1132
843 -0.64024896549792365 1.4278334279037672 4.8527256258441742 245 255 255 0.30428671733582136 9 920 8 1017 16 854 11 883
842 -0.63119623481242382 1.4586712881301764 4.869576754668258 227 238 254 0.39403145894602892 9 663 8 1014 11 1335
841 -0.3657962952716638 1.3078222428840807 4.937922402918649 246 255 255 0.46723890713723182 12 1446 8 977 4 1073 11 893 16 254 10 182
840 -0.30390219742795732 1.2822724043423945 4.9605260537429112 241 251 255 0.78915048445161684 12 1449 8 967 4 1085 5 833
839 -0.265751781934013 1.2438180854596079 4.9667606278652796 161 181 216 0.78753419723726026 9 138 12 1448 8 963 4 1337 11 886 16 608 5 823 10 153
838 -0.43488873916187881 3.6157145915677305 3.7984341252853966 187 193 192 1.3482817529238929 3 156 12 1563 8 959
837 -0.16745560646343863 0.95825740199548048 5.0735986400653754 132 128 156 0.84913572759288281 9 93 8 949 4 662 16 596 20 759 6 517 7 1304 14 1828 2 592 15 1598 17 1395 18 1251
836 -0.17798905181900479 1.2795317882984685 5.0284972489781827 184 195 214 0.61591465639987675 12 1475 8 932 4 1113 11 917 16 224 10 1003
835 -0.17686334722441144 1.2784157117332162 5.0288621184615314 184 195 214 0.47105434762684567 12 1476 8 931 4 1112 10 1002
834 0.041578041639657413 1.1210795407822647 5.041701028629924 162 180 213 0.71130237422205389 9 113 8 903 4 1357 11 163 16 585
833 0.072052352918889437 1.0581844022338487 5.0588095652873166 232 255 255 0.25151935063858316 12 915 8 901 4 720 16 162 5 763 20 326 19 503 18 1117
832 0.022391942200389765 1.1999007449853327 5.080497867803575 185 195 221 0.24036343921541331 12 1494 8 898 4 1144 11 921 10 993
831 0.094524828423961621 1.0476514635412455 5.0624129354972807 232 255 255 0.21859931674258709 12 921 8 897 4 1142 16 156 5 757
830 0.25439883174238703 0.68667848792716379 5.2247672681772208 42 106 160 0.71562649596968009 3 31 8 880 4 1157 2 1158
829 0.20354983945902044 1.0875373128339798 5.1055564225271608 140 168 201 0.29390182408000215 9 108 8 870 16 136
828 0.20354983945902044 1.0875373128339798 5.1055564225271608 140 168 201 0.29390182408000215 9 107 8 869 16 135
827 0.23755824212109108 1.0313224126543392 5.1131269838319584 164 174 193 0.22756378946701256 12 960 8 865 4 1169 11 171 16 550
826 0.23768069105233661 1.0321235848200008 5.1133286552120341 164 174 193 0.22345985029648605 12 961 8 864 16 551
825 0.22723551572641376 1.07642516432999 5.1257591310444157 140 160 189 0.40975814390306453 12 1502 8 861 4 1173 11 198 16 126 5 125 18 905 10 138
824 0.26877725034203065 1.1249335642886142 5.1930251326829877 179 187 201 0.47674334394222723 12 1513 8 856 4 1188 9 645 11 249 10 991
823 0.30164812950887565 1.1660499017555235 5.2391570883566887 226 238 255 0.4900762521410158 12 1031 8 852 4 781
822 0.66488547609283555 0.60278313229173852 5.2716289864040506 255 223 230 0.68598406544675494 3 92 9 38 8 834 4 797 19 1126 6 454 7 1284 13 1151 2 436 17 1419 15 1611
821 0.66488547609283555 0.60278313229173852 5.2716289864040506 255 223 230 0.68598406544675494 3 93 9 39 8 833 4 798 6 453 19 1125 7 1283 13 1150 2 435 17 1418 15 1610
818 1.0711681724823947 4.1568562271544804 3.3117358610404555 122 70 20 0.61532700019241093 12 1644 8 786 4 1229 5 862 21 274
815 -0.64169485493851641 1.398343711926872 4.8585129340682114 165 185 208 0.90844995599058898 9 184 8 628 16 641 5 1152 20 812 19 839 7 1089 2 640 17 893
813 -0.54139923416653957 1.4785097555424307 4.9794622729476501 171 177 190 0.34431811189113798 12 1465 8 578 4 1069 11 947
812 -0.3940629003937538 1.3228207312852753 4.9301523137707974 246 254 255 0.67737143849191439 12 896 8 567 4 616 16 259 11 895 5 304
811 -0.3582098120546387 1.2868493749463314 4.9352552501725455 157 170 198 0.4286566840335313 12 18 8 555 16 248 5 292
810 -0.51877090953902594 3.5575655398722046 3.82169513363006 219 220 206 0.62667307612727252 12 1141 8 548 4 622 18 767
809 -0.32144091383768053 1.3432119223847745 4.9817554548468728 136 153 180 0.49770681880962292 12 919 8 530 4 647 11 210
808 -0.46921228388412856 4.4355074428465642 3.3203571570581416 77 93 62 0.90689514215581546 3 216 8 528 4 632
807 -0.18603854981173726 0.93429981810051266 5.0886416647104689 127 120 142 0.3708529986081589 9 86 8 518 4 652 16 598 1 126 20 765 6 521 7 1316 13 1164 14 1959 2 961 15 1601 17 1396 18 1337
806 -0.23039179059769366 1.295316420268835 5.0169593706845541 168 177 198 0.51834904678593841 12 1470 8 499 4 1098 11 213 16 230 10 1008
805 -0.22763780202520673 1.2947314697503463 5.0143072416654988 168 177 198 0.52340995774349997 12 1469 8 498 4 1099
804 -0.33124482926672538 4.3359949558492721 3.3257801514972818 103 130 101 0.35618026399012087 12 1589 8 492 10 1590
803 -0.20872322887131106 1.2734502021745537 5.0203440632285341 237 245 254 0.33278914978915636 12 925 8 491 4 140 11 197 10 192
802 -0.14791253469179999 1.2389443743008071 5.0108362582365764 173 182 203 0.32011226851860697 12 922 8 479 4 685 11 183 16 217
801 -0.17238243649927154 1.2997329597921135 5.0429117815916458 230 245 254 0.29225571027840913 12 948 8 474 4 693 11 933 10 213
800 -0.24730108448765958 3.928430036034134 3.6001249873588135 221 213 195 0.89679963841819033 12 1184 8 464 4 689 18 94
799 -0.099832200685572497 1.253390027836168 5.0492635846675027 168 178 195 0.39794826712549358 12 949 8 457 4 704 11 220 10 185
798 -0.079224739034426159 1.2566280833017631 5.058169446762081 231 241 255 0.39336149261355652 12 958 8 454 4 1131 11 931 10 194
797 -0.0045575731306099279 1.1966579442699017 5.0651181299238255 233 244 255 0.29431942149488849 12 1487 8 437 4 721 11 915 10 154
796 0.061840982459009639 1.0997036777430367 5.0514376087158448 243 255 255 0.29739438097005649 12 927 8 432 4 722 16 167 5 165
795 -0.13129781933754586 4.0715122278496079 3.525865665924393 134 144 130 0.77152898000544357 12 1205 8 431 4 715 17 712 15 984 18 675
794 0.047966645958929521 1.1397880940702909 5.0568798513903852 239 253 255 0.37209215377091004 12 940 8 429 4 727 11 905 16 176
793 0.032882504689727463 1.2160132899516785 5.1002721751793496 239 250 254 0.26475283237044928 12 975 8 420 11 234 10 180
792 0.096228088643875165 1.1174967782202236 5.0712592041987445 239 252 255 0.32251659878838407 12 945 8 418 4 735 11 180 5 164
790 0.1939737179741515 1.0511468174091629 5.098283771338795 160 174 203 0.38074175599101379 12 952 8 390 4 1158 11 169 16 134 18 904
789 0.17716937465259872 1.1510046587199074 5.1464420827981145 231 239 253 0.34633614244069166 12 995 8 377 4 757 11 238 21 92 10 157
788 0.31667227498879691 0.9198088489715005 5.1338064949861559 30 126 199 0.65241523715492855 3 674 8 370 11 873
787 0.21182918725462305 1.222941772656758 5.2331168391962075 99 125 153 0.28964215026261264 9 158 8 366 21 100
786 0.38777826758451067 0.9030468938640297 5.1599570389600489 203 222 242 0.36509739465494051 3 685 8 361 11 877 16 90
785 0.44242225877246677 1.0817205862278609 5.314500037161217 241 249 255 0.41509808353095795 12 1045 8 331 4 805 11 271 10 176
784 0.55390548538766149 4.2610364418933377 3.2647667332690902 241 138 117 0.27938497918640365 9 496 8 294 5 891 21 309
783 0.74998057272708152 0.9551168312521956 5.3277470881448306 189 202 221 0.24279174354265096 8 269 4 836 12 1058
782 0.82057603556862269 0.91739580507163021 5.3737021759773675 138 179 221 0.57301424663820055 3 198 8 252 4 344
781 0.91313952693295408 4.0939393442217282 3.3665068534073961 138 103 81 0.57244291266157432 22 306 8 239 5 874 1 194
780 0.98619133281786076 4.1395162440417783 3.322951377066115 146 91 47 0.73635352233943185 12 1627 8 226 4 861
779 1.0742198156561398 4.1101418544185284 3.339609226311834 124 70 26 0.54619084033641896 23 415 8 206 5 859
778 1.1339624888868247 4.1685250049381279 3.3001987269985031 149 92 47 0.32982321327296482 23 481 8 198 11 647
777 1.2004278487278626 4.0641213351700136 3.3613303848400049 218 167 124 0.95970150612718252 3 404 8 182 4 891 11 590 5 330
775 1.4101728549074362 3.9218283846115849 3.4417905990785997 254 158 128 0.19079086972520201 22 267 8 152 5 291
774 1.4503212153417706 3.9287832899375039 3.4316432681505904 254 150 130 0.33612269950446749 22 268 8 144 4 912 5 285
773 1.4698453418756128 4.1099253915609903 3.3271500372778724 155 129 99 0.23397431041230185 9 465 8 137 4 453
772 1.4851162186983078 4.1080066304408769 3.3254828821667841 152 132 112 0.17476424565149248 3 485 8 132 4 926
771 1.4839084291294875 4.1101502333464088 3.3283219393854968 152 132 112 0.26754272026338594 3 484 8 131 4 925 11 702
770 1.4956567088566701 4.0023050207892625 3.3859311589334626 255 232 193 0.12912012349840471 23 492 8 130 4 460 11 640
769 1.508979606044984 4.1383452297152008 3.313603721834125 255 222 188 0.20460919379878781 12 1694 8 122 4 932
768 1.5658838005234537 3.9118699901812737 3.4388193989274574 117 107 138 0.10245788049315281 3 478 8 115 4 938
766 1.7235878444114545 3.8350737284547227 3.4873772613956358 144 141 152 0.19094432015141691 23 467 8 80 4 965
765 1.8231581622027839 3.8403045607344883 3.4787882878305556 171 81 76 0.40362029419285012 3 545 8 68 16 93
763 0.62998016723820505 1.9890505613233698 4.8347680761513034 95 100 105 1.695685244720849 23 1710 12 2430
759 1.5299467877874413 4.0371424442742736 3.4228233204129483 254 255 251 0.16781718129377554 12 2433 11 2238
758 -0.98853570617660602 3.3412744699784569 3.9384124634745699 239 231 214 0.74810347775966446 23 1722 12 2429
757 1.1504597959543643 3.1203012575304725 4.1963019332091731 252 255 251 1.8797813681481266 12 2425 19 1691 7 1906 17 1870
756 1.1504597959543643 3.1203012575304725 4.1963019332091731 252 255 251 1.879781368148127 12 2424 7 1907 19 1692 17 1871
755 1.372937595636661 2.6076601952269574 4.4700067083331296 113 119 121 0.13687871295095511 23 1702 12 2423
754 1.3563530919047149 2.5872668338604923 4.536990955195817 113 119 121 2.0040419757719969 23 1701 12 2422 16 1457 14 2273
752 -0.15236631656226812 2.2615339662341176 4.7518059251651152 113 116 119 1.5417935072938489 23 1709 12 2414
751 2.1578319216614905 3.7956918587673663 3.5697564373654114 50 40 38 1.4472417107462914 3 1629 12 2404 8 1702
749 1.926940093860793 3.8774453675019704 3.5293448933977785 213 28 37 0.31334864743145047 3 1611 12 2398
748 1.3545927894815439 1.2625238033362576 5.3632128878516472 109 112 115 1.7946610334432982 12 2388 7 1855 15 1848
747 0.62587829927859751 0.46501074528146535 5.446641210728691 165 191 238 1.8979892429764684 3 1632 12 2385 8 1739 9 1543 16 1438 17 1931
744 1.682375590754122 2.6970971963240413 4.4857916335511305 252 255 251 1.3473719066933654 23 1628 12 2370
743 -0.43693298957337834 3.7738968845948513 3.6138504679165688 127 131 126 0.9407264083844632 3 1586 12 2368 8 1653
741 0.79212477861056407 0.95579819058439541 5.3579623091093982 223 233 246 0.46473475832618383 9 1402 12 2361 11 2079
738 1.6899080599912397 2.6769169746494366 4.4774940212786198 252 255 251 0.98104777463530479 3 1538 12 2295 1 969 20 1181
737 -0.9281808189743771 2.9818717453347343 4.1439771089384827 255 255 213 0.92200284216712802 23 1526 12 2274 11 2141
736 0.57522781671458467 0.91880957887615533 5.2235284865849234 197 220 254 1.0099189585245909 9 1311 12 2270 5 1561 21 1256 10 1967
735 1.8554457010062246 2.9583566107588419 4.2996938159978404 252 255 249 1.2494296567479442 3 1480 12 2239 4 1613 8 1417 5 1291 1 735 20 1179 7 1516 15 1458
734 -0.41302844363293234 4.3176010801471332 3.3169155798481889 142 161 149 0.14258864716021255 3 1470 12 2225 8 1472
733 -0.38985917404815584 4.2612110545135033 3.3220809902326054 48 97 68 0.90481355882886838 3 1383 12 2224 4 1502
732 -0.59214472903628323 3.5463599392767593 3.7890643605152703 189 163 125 0.75902436377482152 3 1449 12 2217
731 -0.55713806961185808 3.546729761775218 3.7514339532317322 189 163 125 1.0716224715683338 3 1450 12 2216 19 1385
730 1.7716088683964362 3.8851938616535517 3.4522968306387076 254 255 251 0.53925349442437243 22 832 12 2167 8 1284 16 792 5 1104 20 621 19 706 11 1820 7 789 13 707 14 1164 2 146 15 931
725 -0.7287724861816598 3.7377714004543501 3.5966705406320667 208 208 195 0.40299689879786388 3 1441 12 2123 8 1490
724 -0.62150665215430012 3.520904657484452 3.7276578878103179 230 232 222 0.57093725677144025 3 1446 12 2119 8 1563
723 0.2788319279665612 1.1622923157125495 5.2194298325190402 250 255 254 0.77627380954398051 9 1113 12 2105 8 1538 4 1707 11 1760 11 1881 16 1089 10 1854
721 0.25795763582352083 1.0468180207013755 5.1418738024414496 250 255 254 0.58623108510297428 3 1352 12 2096 21 831 10 1397
720 1.8094684049232503 4.0440259850695783 3.3952770718472425 157 78 81 0.61264503430983552 3 1126 12 2066 8 725
719 1.8123177612909851 3.8961578892431463 3.4478088677814256 149 103 107 0.50387187988308368 3 1122 12 2058 8 1077 22 631 4 1474 18 758 11 1674
718 1.6022661743275894 4.0225911222600574 3.3747385222757349 152 112 113 0.40046591549507959 3 1107 12 2048 5 820 20 69
717 1.0668314286167713 4.0870021850691476 3.3509849165086738 232 200 161 0.73302703767842881 23 1078 12 2023 11 1424
716 -0.25332430888372598 4.1993955450129423 3.3581555982990281 76 107 91 0.37232935538178968 3 1220 12 2004 8 1189
715 -0.20424520053880524 3.9677302123877678 3.6126528597603484 209 209 203 0.96684338599114394 3 1222 12 2003 16 675
714 -0.49674250252408181 4.3510341428892261 3.2991585758786952 46 58 50 0.56211274148284696 3 1382 12 2001 8 1371
711 0.11428290711875885 1.0776919888195131 5.0693366993029461 151 187 237 0.35242621514504729 9 915 12 1963 8 1353 4 1531 16 961 5 1300
709 1.7846949375097658 3.8643461198186206 3.4663907632226958 173 83 80 0.36351303620185788 3 1116 12 1917 11 1447 18 209
708 1.7772251249120665 3.8443322120409809 3.4842258839540809 255 253 213 0.6891984351065249 3 1111 9 394 12 1915 8 1080 4 1467
707 1.5268200442230024 3.9520595310732385 3.4132373664320732 255 255 205 0.76298748193520061 23 1107 12 1899 11 1441 20 641 1 428 7 190 15 50 18 722
706 1.1734191429322127 4.1765712935505608 3.2957237835785338 153 99 63 0.34454551251357479 23 497 12 1876 8 775 21 265
705 1.1773055933425445 4.1756746671575948 3.2883098767658629 153 99 63 0.13675339271073292 23 496 12 1875
704 -0.16656284683507805 4.0388147375006049 3.5868485697440913 203 212 205 0.76535805570221893 3 1046 12 1835 8 902 4 1354 18 1020
703 -0.44940982826226722 4.2987369270504132 3.3106279532755929 39 80 56 0.94418387883850718 3 1031 12 1828 8 970 4 615 5 1420 23 1230 20 787
702 -0.64963153335747781 3.6770696551778315 3.6306061353674766 113 134 122 0.55532685981218177 23 1208 12 1800 11 1383 2 1115 14 1553
701 -0.77792375344882014 3.2156004541301533 3.9832591699157516 231 202 116 0.41545021186315806 3 972 12 1794 8 1230
700 0.58227837661328641 1.0588892745965142 5.3410714515200945 235 244 255 0.35675669352469347 9 116 4 1405 11 962 12 1782 21 50 10 999
699 0.052357707178127093 1.3191506183899844 5.2389434359780029 95 132 165 0.39392805160173644 3 990 9 187 12 1780
698 0.06968350640493097 1.2164462593787739 5.1252580921451685 184 200 238 0.32484209349317744 9 143 12 1773 8 891 4 1156 11 953 21 108 10 1001
697 0.0099900232754623723 1.2380677018022792 5.1046621176839322 193 206 243 0.20975182792395891 9 650 12 1772 4 1367 10 1004
695 0.15170623350223944 1.0865956744238403 5.0892657138071566 242 252 252 0.58048028545712926 9 642 12 1762 8 1172 11 1337 5 753
694 0.28469689450203406 0.96555964349738321 5.1279751567497138 31 135 229 0.4310701175811118 3 1170 23 977 12 1760 8 1350 16 955 21 827
693 1.7785784104774427 3.9306250540015828 3.4233843365658818 137 102 104 0.74676132024973785 23 908 12 1701 4 1470 11 1462 18 744
692 1.5774147698877461 4.0606715648557055 3.3558141003739026 254 255 248 0.19900282163394342 23 915 12 1693 11 1210 16 159
691 1.5536669697194738 3.854581577995194 3.4899988531761501 237 249 254 0.75188352365482969 3 471 12 1660 4 937 8 116 11 1125
688 -0.17349453195808456 4.026341924963285 3.5650634151444334 124 137 128 0.25841027693150193 3 777 12 1587 8 443
687 0.10930863895517415 1.281152261033343 5.235981112101209 50 97 148 0.30384529495208301 3 696 23 76 12 1521 4 766 11 964
686 0.067255306863428094 1.1972408599891118 5.1065898568667745 242 255 255 0.23219248940756868 9 136 12 1506 11 941 10 171
685 0.096444253353378973 1.1686568460733906 5.1091978042551833 191 202 243 0.35378202422664357 9 128 12 1505 8 890 4 1153 11 929 10 989
684 0.096444253353378973 1.1686568460733906 5.1091978042551833 191 202 243 0.35378202422664357 9 127 12 1504 8 889 4 1152 11 928 10 988
683 -0.019655634924622439 1.2328524950301691 5.0883552247930277 238 254 255 0.20858346241864173 9 150 12 1500 11 939 21 115 10 186
682 0.17365615541868429 1.1001538903505292 5.1072124459762538 171 183 221 0.31492190698267025 9 111 12 1498 8 878 4 1159 11 195 16 140 21 80
681 0.17369416078573385 1.1004089650696436 5.1069889130875206 171 183 221 0.30287705185033886 9 110 12 1497 8 877 4 1160 11 196 16 139 5 139 21 81
680 0.21048112370677421 1.0633190537105051 5.1131395717824706 240 255 255 0.37968375733368914 3 671 12 1492 8 866 4 1165 11 906 16 130 21 74
679 0.12651903650219265 1.1170879106124378 5.0904133252112622 197 211 242 0.49316632034249097 9 114 12 1491 4 1150 5 159
678 -0.13182437510954273 1.2838838686277529 5.0550605003466851 244 255 255 0.4356065223395974 9 656 12 1490 8 467 4 1124 11 935 21 592 3 956 10 1010
677 -0.13147463018375061 1.284992749029386 5.0531524622019903 244 255 255 0.41741273608756946 9 655 12 1489 8 468 4 1125 11 934 10 1011
676 -0.126280536279088 1.2595907301811631 5.0419544506551253 188 201 233 0.22058823885886969 9 154 12 1482 11 918
675 -0.22730345560040296 1.3139451013517132 5.0355123491064457 238 255 255 0.48248890289328639 9 173 12 1481 8 490 4 684 11 930 21 595 10 1018
674 -0.28502786434018046 1.3576852288202044 5.0229303597743185 190 204 238 0.7547037623565499 9 185 12 1480 8 950 4 1096 11 938
673 -0.31270560403913589 1.3571431409113102 5.0019312274908723 239 255 255 0.37011190456592485 9 182 12 1472 8 955 4 1092 11 926 10 1029
672 -0.31324386592603459 1.3199703896820418 4.9788475615382888 247 255 255 0.22086154463631777 9 171 12 1458 11 913 10 1006
671 -0.63375402498406896 1.5042916129987671 4.9457106955901589 198 222 240 0.27768983368676065 23 645 12 1457 9 205 11 1569
670 -0.27511828976522779 1.28030784842011 4.9814269111524405 195 206 236 0.15552250438380602 9 156 12 1455 4 1340
669 -0.2744422213670154 1.283871855552926 4.975790117707664 195 206 236 0.69068057232495705 9 157 12 1454 8 961 4 1339 11 903 16 237 10 172
668 -0.24977938176434034 1.2579220172531804 4.981273147954683 244 255 255 0.64577703792938379 9 145 12 1453 8 519 4 654 11 897 16 231 5 271 10 159
667 -0.38459126638807373 1.3547130912373335 4.9459771355739752 237 255 255 0.37901581232062898 9 181 12 1452 8 552 4 1076 11 907 16 258 5 305 10 1012
666 1.8674039125781412 3.8723128857546727 3.4682617260792679 255 241 211 1.1817823654918207 3 1125 12 1388 4 980
665 1.7099823253411428 3.8084171116989731 3.5004606320830582 111 117 147 0.26503982784566471 3 513 12 1348 8 86
664 1.1171897705915832 4.1644527552557298 3.3034655660323913 148 104 72 0.16556910249342288 23 469 12 1296 11 1175 5 351
663 1.0738086146314156 4.1207257885224049 3.325736443095745 225 198 161 0.22563469004850303 3 379 12 1279 8 207 4 874
662 0.96406186883081901 4.2074694177532459 3.2814117769239015 225 188 157 0.14921557151537398 3 359 12 1276 8 230
661 1.0685121162371594 4.0690995827367429 3.3637311002860426 151 108 71 0.29099347300363942 3 373 12 1275 5 346
659 -0.46894351944781199 3.621752843377108 3.7806024341244675 214 217 207 0.71582820452462925 3 146 12 1149 8 536 4 633 18 751 17 796
658 -0.52004388143093416 3.5610928532168513 3.8479160134383696 128 140 132 0.51665648407337228 3 133 12 1143 4 1075 18 775
655 -0.67547847755862023 3.4540779674687627 3.7694618749762583 131 129 114 0.25075934038329317 3 682 12 1107 8 1011 20 810
654 0.67532427681871532 1.0601710816377152 5.4101167694933681 135 171 208 0.33322192940404083 3 195 12 1076 4 837 11 301
653 -0.90137350660028137 2.9468308756310284 4.1558428196458905 124 114 76 0.38984599074862775 23 165 12 1063 11 340
652 0.48468196131343289 1.0950108899615814 5.3373890127325296 243 255 255 0.51653522040893862 9 125 8 321 4 813 12 1057 11 287 21 60 3 1013
651 -0.95933724537911302 2.9312396956092068 4.1394032170720836 109 103 83 1.0316075969797269 23 158 12 1053 8 1042
649 0.20528584599429589 1.2513160505378753 5.2501512610638139 49 110 165 0.38234928700217408 23 82 12 1039 11 288
648 0.44156247432631196 1.0651317452862101 5.2938938096632704 154 167 196 0.53126935333185321 23 68 12 1037 11 262
647 0.10742726570557881 1.2686101073965426 5.2140767376825936 140 183 217 0.38293894886416135 23 74 12 1025 11 278 4 229 10 238
646 0.81264008229724582 0.81480000120433504 5.2230540700711678 182 211 255 0.85523889599932967 3 154 12 1012 11 177 23 46
645 0.12955067451053098 1.1732157701396442 5.1335288917593651 243 255 255 0.28304189911630012 9 131 12 989 8 392 4 752 11 239 10 160
644 0.46666381718591526 0.87248601465415354 5.1722578761950269 232 250 255 0.4755857419251327 9 77 12 968 16 74 5 77 21 37 10 107 4 777
643 -0.18286896615238507 1.3208497583992478 5.0515184535520357 137 163 209 0.60150639205583656 9 179 12 963 8 927 4 1120 11 242 5 262 21 133 10 1025
642 -0.18297963890383664 1.3216011593334729 5.0504544875885218 137 163 209 0.64400615362976044 9 178 12 962 4 1119 8 926 11 241 16 226 5 263 21 132 10 1024
641 -0.4975580067844107 1.480432940982791 5.0580053319868421 137 179 213 0.45353284782185216 23 53 12 957 10 264
640 -0.0513279316888203 1.2206388710774341 5.0457605131124419 234 255 255 0.24972367386590663 9 137 12 944 8 449
639 -0.19941930532433988 1.3073668184826415 5.0371630024832621 236 255 255 0.37023682348093184 9 172 12 943 8 482 4 690 11 932 10 217
638 -0.39639523071935073 1.4157965309479228 5.0107273290061087 192 209 225 0.21832574214394454 23 39 12 938 11 243
637 -0.27053433765527168 1.3010338621201041 4.9934441863155676 245 255 255 0.1387941498743071 9 165 12 913 4 659 11 189
636 -0.38125352255020456 1.371477391776716 4.9641201595877753 126 156 194 0.37920664265842635 9 186 12 911 8 542 4 635 11 202 10 1028
635 -0.59150721551036689 1.48241504688124 4.9312870748633495 159 178 198 0.34242473526130496 23 17 12 908 11 924
634 1.867021893110713 4.0090844465496858 3.4042091543013711 255 235 211 0.99323260746787001 3 575 12 834 8 60
633 0.83120944125077612 0.94069842992493968 5.390819888785316 177 210 255 0.31790401964981635 3 206 4 1211 12 284
632 -0.89539703802545056 2.9207305069558855 4.1674898394082103 153 155 144 0.42935047451942226 23 704 12 258 8 644 11 977
629 0.63587486057723064 0.92502264829620129 5.2284567128773158 218 230 255 0.7429150428191601 9 908 12 1777 11 1339 21 546 10 973
628 0.18214317534371785 1.077036056667001 5.101432601977522 245 255 255 0.36932685985151575 9 106 3 666 12 964 23 646 8 393 4 750 11 182 21 76 10 135
627 0.33480379187453835 2.4605906750744602 4.6353433365463381 254 255 250 1.3429029470155427 23 1731 16 1470 5 1916 9 1603 19 1811
624 2.0660357008917063 3.0316604184192122 4.2848111153396218 144 147 146 1.0245648213948162 22 1443 4 1903 8 1758 16 1451 19 1780
621 0.62981614089835825 2.1166728774679977 4.8315815389795205 139 142 145 1.916791139259088 9 1552 16 1431 21 1510 1 1176 20 1505 16 1440 19 1764 19 1789 22 1420 7 1947 17 1908 18 1651
620 0.23745540054100675 1.822795526281763 5.0228234991932004 123 129 129 2.0962290369554526 9 1561 3 1635 16 1442 5 1896 21 1521 20 1517 6 1358 19 1805 17 1930 18 1659
619 -0.091882459294927069 1.9470236711348616 4.9846741263909786 123 124 120 0.86689118728252967 23 1681 3 1634 4 1885
618 1.6642163074899221 2.7335832818674182 4.4430907399175981 254 255 251 1.8647342554244091 22 1389 3 1626 4 1867 5 1826 20 1442 6 1274 7 1845
617 0.40190334768776137 2.8565592849797476 4.4117503846790305 127 130 131 2.2007398771246351 23 1653 12 2391 8 1711 16 1419 3 1620 5 1858 4 1846 21 1477 1 1121 9 1498 20 1447 6 1311 19 1743 7 1879 2 1672 2 1701 18 1607
616 0.79615468119424804 1.4732357522368122 5.2193033635046113 136 136 138 1.9384612742933129 9 1524 3 1604 20 1484 19 1748 18 1642
615 -0.24738015835513485 4.2477642591132927 3.3754696177802481 122 149 122 1.1186750419909963 9 1508 3 1603 4 1822
613 0.7447528620683983 0.8083865372057264 5.2477858801446571 250 255 254 0.78792640597310193 9 1398 3 1584 8 1631 12 2325
612 -0.65599757168578787 3.3654985587548327 3.9179931414040214 254 255 95 1.6699636343031807 3 1582 12 2363 8 1678 19 1616 7 1880 13 1744 17 1831 18 1584
611 1.8384593753217908 3.993711067731132 3.4026169618004727 253 252 248 1.2213778511599505 9 1432 3 1571 8 1623 4 1807 16 1274 5 1639 1 973 20 1176 6 1026 19 1469 7 1634 13 1516 14 1871 2 1472 17 1573 15 1546 18 1452
610 1.7106210796536765 4.079853896054094 3.3635896369084906 236 72 74 1.0820491658534463 23 1604 3 1569 4 1806 11 2163 12 2377
609 0.61178785295932481 0.8526970511955605 5.2077488395559692 250 255 254 0.79130656761666429 9 1307 3 1554 8 1599 4 1759 21 1333
608 1.4979308398570792 4.1569216214683911 3.3196570401475873 255 252 194 1.5688911650727562 9 1279 23 1555 3 1543 12 2302 8 1591 4 1667 23 1493 11 2051 16 819 5 1486 21 1193 1 768 20 893 19 670
606 -0.30651021164172332 4.0482946113887239 3.4280185699586734 116 138 115 1.0841325644488495 22 1306 3 1530 4 1695 20 1212 5 1597 6 969 19 1369
605 -0.37341676243355859 4.2053474549376029 3.3368558100297081 233 237 213 0.70933287499769482 9 1435 3 1529 8 1605 4 1692 12 2288
604 -0.43088085090683348 3.6938534902541966 3.6407459147372463 138 147 127 0.65887440576709055 23 1460 3 1519 12 2281 11 2018
603 1.5788464315695787 3.8680680838952477 3.4742556233298241 251 254 253 0.38209912124488499 23 1481 3 1482 12 2245 19 1191 17 1470 15 1417
602 1.0543017183313312 4.3103009385579512 3.2362814541434979 183 113 71 0.70533172723337434 22 1242 3 1478 5 1496 1 636 6 240 7 222 13 140 14 47 18 30 16 625
601 -0.36622720168167555 3.966120560202651 3.4451042817271444 249 241 217 1.8856268178111406 9 1267 3 1466 12 2221 23 1537 8 1477 4 1632 1 925 6 1056 7 1530 13 1404 14 1890 2 1383 17 1464 19 1371 15 1565
598 0.32355068987465663 0.95103668760288118 5.1541962225943383 249 255 254 0.65305497129661982 9 1107 3 1440 12 2093 8 1455 11 1755
597 1.8043088311197171 3.8767627011206258 3.4585947142613853 203 102 99 0.74423094155688596 23 1401 3 1413 12 2250 4 1678 11 1824 16 951 5 1095 1 396 20 882 6 489 19 704 7 1159 13 709 17 1098 15 933
595 -0.21839230310208493 4.2622491779353702 3.3738227723021725 93 121 96 0.59662862855206877 9 1182 3 1392 12 2227 8 1360 4 1637
594 -0.40617225448942956 4.3859906707448895 3.3187477370953018 88 121 89 0.98483133857085425 9 1289 3 1385 12 2143 8 1471
593 -0.32246771581156991 3.9200872454332614 3.4948076989760284 215 175 150 0.24194523068180152 23 1218 3 1379 11 1786
592 -0.3914148713125401 4.0462353036613026 3.4226770199724781 255 245 215 0.90666045814963492 23 1371 3 1377 12 2135 8 1474 11 1787 5 1601 1 819 20 1119 19 1018 7 1232 14 1546 2 1096 17 1084
591 -0.48600886424992001 3.8076543099939797 3.5531051879382867 248 235 214 0.24152591189548125 9 1265 3 1372 21 1300 1 927 20 1226 6 972 19 1214
589 0.23838968960671203 1.2275861452243855 5.2859418958563795 122 164 200 0.39582337589634314 23 1171 3 1368 12 2111 4 1649
588 -0.82553084658036491 3.6977205056635576 3.6398343450048207 105 125 90 1.1576116604720679 23 1454 3 1351 16 1247 5 1778 21 1375
587 -0.87735634394028661 3.6187893217045564 3.6738024727325644 101 120 76 0.59233644239723038 23 1450 3 1343 12 1988 16 1169 19 1219 7 1547
586 1.8353358963732929 3.8601011007234067 3.470267143474361 255 255 247 0.68593310762749782 9 983 3 1296 12 2056 8 1073 4 1609 11 1822 16 788 19 707 17 1106 18 1059
583 1.240823500086687 4.1437308052842265 3.3120806829289338 145 87 58 0.46583617889059609 22 1043 3 1275 16 981 7 815
581 -0.2933099017345917 4.2119666642277087 3.3372122710535903 101 129 106 0.53208753335142789 23 1375 3 1216 12 2140 8 1365 4 1507 11 1928 16 887 21 1134
579 0.33396937022016532 1.1790751143181319 5.2664734054824178 81 139 206 0.64082817542880521 23 998 3 1188 12 1974 9 917 8 1344 9 1114 11 1570 21 836 10 1660
577 -0.75365107485462035 3.5303864360448234 3.7223993869032479 147 145 116 0.55468172055229392 22 998 3 1173 16 1029 21 1113 20 1136 9 1147 6 667 9 966 19 1043 7 1433 14 1558 2 885 17 1142 10 1715
576 0.28498226793334358 0.96718676343631593 5.1267849765919928 81 161 235 0.38313724878649374 23 976 3 1171 12 1759 8 1349 9 632 11 1330
574 -0.8803508453417237 3.5042665605278236 3.7460508401382753 136 137 108 0.80778484109984527 9 1145 3 1160 8 1399 16 1167
573 1.7533209907684084 3.9368235623797587 3.4229089957059151 255 255 246 0.63757325326491299 9 775 3 1114 12 2054 4 1463 11 1826 16 539 19 687 7 785 13 149 14 736 17 700 15 924 18 738
572 1.6002990495831337 4.0245898072573096 3.3771829765790287 134 90 95 0.80971944640062543 23 1292 3 1108 12 2049 5 821
257 0.99100042050572013 4.3222243064668913 3.2329133643118841 186 116 82 1.1231040405286299 9 1438 23 1632 22 1350 3 1565 8 1594 4 1801 5 1662 1 987 20 1188 13 1020 2 1240
256 1.7267869730146368 3.9825741326852664 3.3911913783862473 242 244 247 0.47878990850561559 9 1431 23 1603 22 1300 16 1279 19 1470 6 1124 7 1635 13 1517 14 1987 2 1474 18 1450
254 1.7088117425360034 3.90168132665013 3.4460181197110584 239 74 87 0.70952984249750251 9 1428 23 1599 22 1294 3 1566 12 2374 8 1627 4 1804 11 2105 16 1276 5 1741 1 975 20 1272 6 1122 19 1472 7 1636 2 1358 17 1577 15 1548 18 1453
252 -1.3796173294107219 3.1408115252482176 4.061525675574976 89 110 107 1.40109441840361 22 1270 9 1416 1 1071
251 2.2039254272806699 2.7843231659111845 4.3768717921645361 151 165 171 0.81426110254143691 23 1591 3 1568 9 1413
2608 -2.9605072472528353 12.666519737201558 26.45967412533642 0 0 0 2.2903023740664183 5 1846 21 1489
250 1.6837974004469425 2.6897997607540707 4.4515248272226557 250 255 254 0.88591590268289688 9 1412 23 1536
249 1.6837974004469425 2.6897997607540707 4.4515248272226557 250 255 254 0.88591590268289688 9 1411 23 1535
248 0.39978729828968051 1.1294375999018653 5.2887249461330557 245 255 254 1.2009841703457143 9 1404 3 1583 8 1638 23 1618 4 1797 16 1338 12 2328 11 2080 5 1635 21 1400 10 2069
247 0.79001767130381384 0.95341422886732818 5.366511488044174 228 253 254 0.97229542498378507 9 1401 23 1570 3 1587 8 1669 4 1833 12 2360 11 2078 16 1260 10 2066
242 -0.299766354103842 4.0924185047012021 3.3886336636834034 232 255 252 1.2943085524430433 9 1367 23 1473 3 1469 8 1554 4 1694 5 1696 21 1305 16 1224 1 997 2 1379
241 -0.46675188496409242 4.0055136420644768 3.4481010415855038 254 255 248 0.70697549207056609 9 1365 23 1470 20 1223 6 1068 2 1389
240 -0.57643049426496551 3.9700227972997619 3.4741761302545888 247 245 232 0.50654771743745886 9 1364 23 1468 22 1302 3 1456 8 1562 16 1239 5 1707 1 1011 20 1231 6 1076 2 1395
238 -0.51626008677263258 3.8612550072536407 3.5260737301444078 91 138 126 1.2287617786451159 9 1360 23 1464 22 1293 3 1458 12 2131 8 1560 11 1914 5 1767 21 1368 1 1004 20 1307 19 1482 7 1654 2 1393 18 1362
237 -0.51626008677263258 3.8612550072536407 3.5260737301444078 91 138 126 1.2287617786451159 9 1359 23 1463 22 1292 3 1457 12 2132 8 1559 11 1915 5 1766 21 1367 1 1003 20 1306 19 1483 7 1653 2 1392 18 1361
236 -0.38279302639793789 3.8476798490693933 3.5275409882461597 252 255 245 0.70991955172194754 9 1358 23 1466 3 1464 12 2134 11 1918 5 1685 20 1217 6 1054 19 1374 7 1652 13 1411 14 1896 2 1387 18 1365
235 -0.3845733538916048 3.8503595277513574 3.5270420754368463 252 255 245 0.76795693374158402 9 1357 23 1467 22 1291 3 1463 8 1556 11 1919 4 1689 5 1684 21 1363 1 995 20 1216 6 1053 19 1373 7 1651 13 1410 14 1895 2 1386 17 1471 18 1366
233 -0.48957786329021835 3.7061994517623513 3.6164006958963792 251 255 245 0.47291462077385871 9 1349 23 1458 22 1280 5 1680 21 1289 1 919 20 1229 6 1057 19 1377 7 1539 13 1415 14 1899 2 1397
232 -0.48964623722756379 3.7056011392846515 3.6159026227955482 251 255 245 0.52309332946466991 9 1348 23 1457 22 1279 3 1455 12 2126 8 1558 4 1687 5 1681 21 1290 1 920 20 1228 6 1058 19 1378 13 1416 7 1540 14 1900 2 1398
229 -0.86841194604228622 3.5691397088928727 3.7148995746898943 255 255 228 1.0707504165140838 9 1343 23 1449 22 1275 3 1344 16 1245 20 1324 6 1083 19 1489 7 1662 13 1422 14 1905 2 1511 17 1585 18 1375 10 2092
228 -0.61199075999095021 3.5193361443073403 3.7311639469282984 252 255 249 0.61355470659622113 9 1341 23 1452 5 1679
227 -1.480878542979382 3.0957102076337284 4.0520268376511916 77 100 96 0.82584147084675952 23 1517 12 2195 8 1579 11 2087 9 1337 21 1374 22 1269
226 -1.4805874322399348 3.0958957505561253 4.0497271816550677 77 100 96 0.77370997008282683 23 1516 22 1268 12 2194 11 2086 9 1336 21 1373
223 0.58877125630651916 0.98679933551225452 5.2764167359342435 163 202 240 1.0239262808105642 9 1313 23 1513 12 2273 3 1520 4 1760 11 1991 10 1969
222 0.70194764753737038 0.89433109329525939 5.2395643464401491 179 218 252 0.78332877113494626 9 1310 23 1511 12 2272 3 1522 8 1597 4 1761 11 1990
215 1.0398139018572838 4.2525146383745493 3.2565004781241411 170 95 77 0.9567815829519426 9 1282 23 1487 22 1239 3 1475 12 2243 8 1527 4 1716 11 1946 16 1112 5 1581 1 788 20 1068 6 781 19 973 7 1168 13 1023 14 1181 2 1056 17 656
213 -0.38571540804858223 4.08951795393663 3.3973929180000697 98 134 122 0.50333464631080171 9 1274 23 1373 22 1232 11 1922 21 1227 1 821 20 1219 6 975 19 1207 7 1529 13 1269 14 1754 2 1255 17 1308 18 1170
212 -0.38467964577993197 4.0885946863847655 3.3971265685433423 98 134 122 0.60070150359710983 9 1273 23 1372 22 1231 3 1380 8 1475 4 1501 16 1152 11 1923 5 1602 21 1226 1 820 20 1218 6 974 19 1208 7 1528 13 1268 14 1753 2 1254 17 1309 15 1558
211 -0.62035751112321091 4.0699207690337511 3.4409416465536466 164 122 103 0.31606986760653416 9 1271 23 1370
210 1.6031022987034822 3.92926333216188 3.4263928533908627 192 101 120 0.94990949599840957 9 1269 23 1485 3 1485 12 2247 4 1726 13 1026 14 1496 2 1051 17 1317 15 1197 18 1314
2567 6.1142172144780815 12.636720187766365 18.200985771769542 0 0 0 2.6562758675054527 2 1332 17 1565
208 -0.48330171632672253 3.8067180589939396 3.5528049317608272 247 255 252 0.45843013781972564 9 1264 23 1461 22 1223 3 1371 12 2128 11 1782 21 1299 1 926 20 1225 6 971 19 1213 7 1417 13 1277 14 1759 2 1259 17 1329
207 -0.69594261610944819 3.5458838452221233 3.709555508456392 250 255 246 1.0552268070680979 9 1260 23 1362 22 1220 3 1353 12 1990 8 1489 11 1600 5 1698 21 1294 1 936 20 1233 6 983 19 1386 7 1430 13 1285 14 1765 2 1266 17 1485
205 -0.75955498418832534 3.4726158004762713 3.7565771410373627 253 255 240 1.3186721086873672 9 1257 23 1361 22 1216 11 1592 21 1107 1 677 20 1237 6 1074 7 1548 13 1423 14 1904 2 1409 17 1487 10 1992
204 -0.75665537781292957 3.4260583519487278 3.7890806357182591 129 150 136 0.72139019746248267 9 1256 23 1358 21 1283 19 1491 2 1411 17 1489
203 -0.75582221853714027 3.4275499877800608 3.790621519207825 129 150 136 0.9207725518171278 9 1255 23 1359 3 1347 12 1984 8 1491 11 1776 5 1693 21 1284 1 934 20 1318 6 1071 19 1490 13 1541 14 2108 2 1410 18 1456
202 -0.99829838689057615 3.4219134573146102 3.8055156346527874 255 255 229 0.9378670995380638 9 1254 23 1354 22 1215 16 1249 8 1506 21 1302 20 1331 6 1086 19 1396 7 1664 13 1429 14 1913 2 1422
201 -0.80797071367314077 3.399388556536274 3.7988190536997424 250 255 247 1.1782793683520512 9 1253 23 1447 22 1213 3 1342 8 1500 16 1238 12 1982 5 1701 21 1286 1 938 20 1243 6 1075 19 1395 7 1551 23 1197 13 1092 14 1771 17 1490 18 1386
200 -0.77954985673405897 3.3566590235310478 3.8269679620754911 144 164 158 0.55775411705359568 9 1252 23 1355 22 1148 3 1345 8 1496 21 1211 1 932 20 1241 19 1234 7 1554 13 1428 14 1906 2 1413 18 1391
199 -0.77864193184809183 3.3571303935240282 3.8268713011638389 144 164 158 0.67942265358503229 9 1251 23 1356 22 1147 3 1346 12 2118 8 1497 21 1210 1 931 5 1691 20 1240 6 1070 19 1235 7 1553 13 1427 14 1907 2 1414 18 1392
198 -0.71838538529459217 3.1168282933850309 4.2375593525498303 75 80 89 1.2312786953791317 9 1246 23 1444 1 655 20 1239
197 -0.86532788501049984 2.9704463841063258 4.1746592205382447 89 92 73 1.4345194201452502 9 1243 23 1437 11 2004 19 1500 16 1221
196 0.83085527227125755 0.82302775022103591 5.25210846484676 11 115 190 0.61184405470254899 9 1222 23 1338 21 1179 5 1278 1 354 10 1846
191 1.2270319824388829 4.1752375744025443 3.2947914293018479 139 70 52 0.7770601827297493 9 1178 23 1400 3 1274 8 1431 11 1828 4 1576 20 898 19 675 7 811 14 750 2 184 17 8
190 1.4627535948207906 4.1394010432478394 3.3190983153968481 255 255 214 0.53296284237363512 9 1176 23 1408 22 1042 8 1299 4 1586 11 1951
2547 -0.47193269171920493 3.8231235878202092 3.5452500832479039 245 255 248 0.32298973096444789 17 722 18 1013 10 1733
189 1.6303371829790443 4.1272457770067863 3.3396580436273346 164 61 74 0.76260316224417257 9 1175 23 1494 22 1041 3 1411 12 2253 8 1291 11 2053 5 1129 21 888 1 427
188 -0.38551494614160287 4.1572273970218916 3.3670301321455423 107 128 121 0.47680719723327092 9 1173 23 1225 22 1047 3 1210 12 1826 16 1026 11 1620 5 1537 21 1137 1 679 20 972 6 644 19 1015 7 1226 13 1055 14 1541 2 1094 17 1076 15 1221 18 995
187 -0.38559090453468037 4.1571658927036408 3.3665546583497905 107 128 121 0.46815434584782545 9 1172 23 1224 22 1046 3 1209 12 1825 16 1025 11 1621 5 1536 21 1136 1 678 20 971 6 643 19 1014 7 1227 13 1056 2 1095 17 1075
186 -0.29565175226841245 4.138099527653619 3.363605300276638 110 138 119 0.44446015187305832 9 1171 23 1229 3 1034 11 1625 16 883 5 1526 21 977 8 945 1 499 20 966 6 628 19 741 7 1224 17 668 15 940
185 -0.29582159928332491 4.1382657618355783 3.3636176524262544 110 138 119 0.42960203154963145 9 1170 23 1228 3 1035 8 944 12 1579 11 1624 16 882 5 1525 21 976 1 498 20 965 6 627 19 740 7 1223 13 782 2 843 15 939
184 1.7153580722428785 4.0203122043720922 3.3735312437039395 251 253 253 0.42792442563871497 9 1167 23 1410 8 1420 16 957 1 405 20 888
183 1.6785763717192177 3.9954167016819011 3.3878870775083674 147 107 113 0.60573022059310067 9 1165 23 1293 22 1024 3 1289 12 2165 8 1288 4 1671 11 1832 16 799 16 959 5 1113 1 412 20 626 6 145 19 680 13 147 14 738 2 151 17 687 15 552 18 1187
2540 0.43992710717165312 4.4360649216412202 3.2868029172292945 123 103 107 0.64389184362136631 5 450 10 1309
182 1.5495611707143495 3.9731882522107691 3.4027430952169095 199 103 107 0.43355979277462381 9 1162 23 1396 22 1167 3 1410 12 2246 8 1423 4 1669 11 1941 16 963 5 1324 1 616 20 892 19 982 7 801 17 1087 15 560 18 1188
2539 -0.57897622261812098 3.6870938023960682 3.6231006107765746 233 255 255 0.47311179147760268 18 699 10 1163
181 1.5493430648350015 3.9729028433705933 3.4025126489905446 199 103 107 0.47266682505627516 9 1161 23 1395 22 1168 3 1409 8 1424 4 1668 11 1942 16 962 5 1323 1 615 20 891 19 983 7 802 13 165 2 166 18 1189
2538 -0.97035080668449214 3.3371064211405885 3.8448368312248511 234 255 253 0.54751298593261788 14 885 10 1110 7 967 13 850 6 368 16 910 19 790 21 954 2 912 9 726 20 839 22 576 20 1017 3 5 12 303
180 1.7865808371349738 3.9558106618908604 3.4153128389991845 172 108 120 0.50692633219429983 9 1160 23 1406 22 1021 3 1415 12 2254 8 1419 4 1677 11 1947 16 954 1 402 20 618 6 502 19 978 7 1156 13 700 14 733 2 143 17 1088 15 922 18 1195
2537 2.6973549984785898 -2.8190071143760211 7.7010998098492598 212 135 78 0.62113583799917838 11 840 10 30
179 1.7055568665087411 3.9523255390931173 3.4139978401439253 255 252 251 0.80423043787577575 9 1159 23 1405 22 1020 3 1290 12 2050 8 1286 4 1601 11 1825 16 797 5 1109 1 404 20 624 6 133 19 686 7 150 13 151 14 15 2 150 17 695 15 559
2536 4.200626197126514 6.0566888654063122 10.337223276357003 130 30 21 3.2557200966850219 13 963 18 969
177 -0.63158608722129395 3.8406643788536452 3.5448795366171453 107 134 129 0.42410576552279672 9 1151 23 1213 22 1012 3 1001 12 1556 8 1220 16 1034 5 1544 21 1127 1 685 20 1126 6 830 19 1030 7 1237 13 1069 2 1109 10 1897 18 1008
2534 2.3709861675240331 3.1119689615845134 4.1741127430780534 131 130 128 1.2981007312614805 3 1597 22 1370 18 1558 16 1357 5 1799 21 1441 1 1081 20 1394 6 1179
176 -0.63133226178059543 3.8422890720762868 3.5447727500384816 107 134 129 0.33547255639250811 9 1150 23 1214 22 1011 16 1035 5 1543 21 1128 1 686 20 1127 6 831 19 1031 7 1236 13 1070 2 1110 15 1257 18 1009 10 1896
2533 1.3547315867139649 3.963711094935646 3.6533147816838931 167 155 152 0.99155107748471716 17 1746 15 1779 18 1517 5 1649 1 896 20 1358
175 -0.82565703357285902 3.6470734113591985 3.6645786622235073 255 255 218 0.46984916780709768 9 1148 23 1207 16 1044 22 1160 5 1547 21 1223 20 1139 6 988 2 1130
2532 -0.11117746902817485 0.86759623529261942 5.1401135970762875 69 108 158 0.33194341160581081 19 556 13 1170 18 1132 20 367 6 134 2 590
174 -0.69449534233235033 3.4976342727076242 3.7391564441744634 126 148 141 0.44642797868618928 9 1142 23 1203 22 1154 3 1175 12 1989 8 1381 11 1597 16 1023 5 1524 21 1106 1 818 20 1129 19 1224 14 1768 2 1268 18 1194
2531 1.3539055708680423 3.9655559592655534 3.6519351888763478 161 158 158 0.7881631952322804 6 1240 7 1798 13 1606 14 2157 2 1544 17 1745 15 1778 18 1516 5 1648 1 895 20 1357 19 1561
173 -0.81825385421743813 3.4659881642821184 3.7600937621314152 131 152 140 0.65359971672877981 9 1141 23 1198 22 1150 3 1165 8 1393 16 1163 6 833 19 1227 2 1135 17 1349 18 1315 10 1877
2530 2.9903738023713955 2.6933006570288773 4.4175017248157129 42 47 42 1.7842236338624631 8 7 18 406 4 1298 15 226 3 608
172 -0.81825385421743813 3.4659881642821184 3.7600937621314152 131 152 140 0.65359971672877981 9 1140 23 1199 22 1151 3 1166 8 1392 16 1164 6 834 19 1226 2 1134 17 1350 18 1316 10 1878
2529 -0.13771649604889308 4.0803191752450161 3.5687257419656349 205 219 214 0.94169017420376278 12 2006 4 1528 18 1308 19 269 7 914 17 1473 15 1574
170 -0.62982002255731873 1.5591059182649267 5.0802684408855585 77 126 172 0.83272066485719809 9 1117 23 1424 12 2188 11 1882 10 2073
2527 0.63158545359507867 4.2047513674778028 3.5158280878661969 138 141 146 0.76247414367807564 6 1243 7 1804 13 1691 14 2162 2 1551 17 1793 15 1768 18 1509 20 1368 19 1558
168 0.52265064078328993 4.282770634964483 3.2541006919242426 255 150 141 0.55772847201383935 9 1045 23 1247 22 913 8 818 5 1188 21 921 1 220 19 698 6 275 7 864 2 275
2525 -0.43041075230993769 4.1584598742925927 3.3641232217262838 225 237 222 0.95591308601180958 17 1459 15 1557 18 1299 9 1277 23 1472 22 1235 3 1378 12 2138 8 1479 4 1499 16 1159 5 1611 5 1704 21 1310 1 939 20 1222 6 1069 19 1367 7 1527 13 1401 14 1888 2 1382
167 0.31379039644972828 4.3077123602804708 3.3611260966210179 214 82 89 0.41867542426643944 9 1044 23 1245
2524 0.11998771081491716 0.91682502817533074 5.1162442135786259 79 130 162 0.63604356617972435 1 95 6 745 7 1465 15 1597 18 1339 8 421 4 187 16 558
166 1.1670206347529362 4.241156939567869 3.2596585187149456 252 211 171 0.38625468410151015 9 1043 23 1287 22 1057 3 1273 8 1310 4 1568 11 1679 16 830 5 1340 21 906 1 630 20 904 6 556 19 669 7 812 2 788 17 3 15 535 18 661
2523 -0.82520730483306115 3.6309375092760194 3.676426747031035 207 216 198 0.86108855112039484 7 1661 14 2010 18 1371 19 1384 13 1420 14 1903 10 2094
165 1.0298595716856822 4.2132529961874381 3.2794120762053378 254 211 172 0.44600190275764584 9 1039 23 1273 22 1052 3 1264 12 2155 11 1818 5 1345 1 633 20 672 6 564 19 678 7 830 13 153 14 760 2 795 17 657 15 538 18 662 17 5
2522 -0.068372545087905301 4.1525645524061305 3.4531881908181199 184 198 179 0.44995693256253949 3 246 12 1592 8 416 18 656 17 54 15 599
164 1.1836792020660152 4.1947195285844385 3.2866385498903572 255 216 176 0.51209249414857949 9 1038 23 1285 22 892 3 1092 23 1114 12 1881 8 1115 4 1430 11 1465 16 611 5 1158 21 668 1 445 20 129 6 213 10 1523
2521 1.1197570504829144 4.2396362332074036 3.2571913010599713 253 213 173 1.1349743052155714 12 2301 11 2048 18 1306 8 1665 16 1340 5 1753 21 1414 1 986 20 1278 19 1362 7 1508 13 1022 14 1504 17 1296 15 1188
163 0.95740785327522404 4.1995456799584261 3.2867385070828652 235 193 151 0.41592081908251705 9 1037 23 1266 3 1260 11 1655 20 678 6 246 2 223
2520 2.1790979148047933 3.9518974486675043 3.4498711432927101 155 100 94 0.77201149968216221 17 79 15 48 18 224 23 587 11 1251
162 0.95699337663447737 4.2007493835663254 3.2874334358445187 235 193 151 0.58090613014717718 9 1036 23 1265 22 895 3 1259 12 2153 8 1321 4 1556 11 1654 5 1347 1 460 20 677 6 245 19 157 7 836 13 162 14 766 2 222 17 6 15 542
2519 0.58592193384607638 4.2706945228340532 3.2469520498855298 223 106 92 1.0402435263460916 7 1842 15 1812 18 1540 9 1509 23 1659 22 1396 5 1837 20 1405 6 1244 13 1685 14 2154 2 1548
161 1.0922400182797578 4.1787397350173672 3.2958659179648762 247 207 168 0.39015800594424221 9 1034 23 1106 12 2028 1 455 20 663 14 61 2 205 18 55 21 673
2518 0.33726561846673087 2.4745212453048659 4.6618247040005851 0 0 0 1.6378569574007305 16 1469 19 1812 5 1917 7 1972
160 1.0922400182797578 4.1787397350173672 3.2958659179648762 247 207 168 0.39015800594424221 9 1033 23 1105 12 2027 21 674 1 454 20 664 2 204 14 60 18 56
2517 0.29914569607872882 2.4981810077779363 4.6656199063915675 0 0 0 0.96700065419968384 17 1943 21 1545
159 1.1473869469462288 4.1500397169009613 3.3110210563909859 255 215 175 0.27500277238022769 9 1028 23 1274 22 883 3 1089 12 2029 8 1118 11 1663 21 902 1 449 8 1317 20 655 6 214 7 227 2 195 18 65
158 1.1482448353650638 4.1502157127975883 3.3109097955654918 255 215 175 0.51653485989544923 9 1027 23 1275 22 882 8 1119 4 1567 8 1316 11 1662 5 1337 21 901 1 448 20 656 6 215 19 156 7 226 14 54 2 194 17 12 18 64
2515 2.1606087588932263 3.0053207772700445 3.9694107695848388 0 0 0 2.2984568297783605 3 1675 12 2442
157 1.1041825208474099 4.1383854017941637 3.3165429145397805 238 202 157 0.27255065513018578 9 1025 23 1268 4 1563 11 1656 16 831 5 1339 1 629 20 661 6 220 19 163 7 236 14 66 17 13 18 674
156 -0.27183328492597308 4.1793640872833855 3.3461414990092542 251 255 238 0.62990895389674006 9 1024 23 1058 22 1049 3 1037 12 1581 8 938 4 1090 16 880 21 979 1 500 5 1218 20 772 2 339 6 325
2513 2.5021109822045156 3.0643558408632061 4.1871241521430678 0 0 0 0.36983717341258016 12 2428 15 1858
155 1.594484350963451 4.1143788865248609 3.3362076068378808 255 252 249 0.38235705450126073 9 1021 23 1302 22 872 3 1288 12 2052 8 1295 4 1594 11 1836 21 640
2512 1.0507743419947675 4.2019865124010156 3.3319780556822365 0 0 0 0.95047389415271821 4 1891 15 1841
154 1.0434930809518399 4.1250636256126656 3.3280702543907692 251 213 164 0.3805085998290999 9 1019 23 1263 22 876 3 1263 4 1561 11 1646 16 839 5 1342 21 903 1 456 20 670 6 225 19 169 7 251 13 174 2 216 15 30 18 68
2511 -0.25044285424142287 0.96926712708252605 5.0576114445078195 109 97 135 0.94960929812899586 6 1279 20 1454 18 1613
153 1.1248093855143979 4.0942963516275608 3.3439349681877624 255 222 185 0.32415862483585545 9 1015 23 1089 22 870 3 1266 12 2025 8 1122 4 1565 16 828 5 1156 21 897 1 447 20 657 6 212 11 1651 19 172 13 171 14 70 2 207 15 33 18 681
2510 -0.11547962846968676 2.6332249250979753 4.5268284853644056 252 255 251 0.76447821086808787 17 1842 18 1609
152 1.1248799977757145 4.0942188375485058 3.3434175210793646 255 222 185 0.34127036794589155 9 1014 23 1090 22 871 3 1267 12 2024 8 1121 4 1564 11 1650 16 829 5 1157 21 898 1 446 20 658 6 211 19 171 7 241 13 172 14 71 2 208 17 23 15 34 18 680
2509 -0.11547962846968676 2.6332249250979753 4.5268284853644056 252 255 251 0.76447821086808787 17 1841 18 1608
151 1.5495480811650366 4.076569006666003 3.3494463667722458 255 252 250 0.61187369892609889 9 1013 23 1296 22 864 3 1285 8 1093 4 1454 11 1833 16 575 5 1135 1 145 20 78 6 184 19 143 7 793 13 145 14 740 15 913 18 702
150 1.1536637370918243 4.0604523917952031 3.3634116145581117 253 205 161 0.26264962269806047 9 1010 23 1260 22 863 12 2026 8 1117 4 1428 11 1642 16 827 5 1151 21 894 1 443 20 654 6 552 19 177 7 831 13 179 14 763 2 202 17 676 18 687
149 0.97595599229874574 4.0703011725676363 3.3747564296382402 247 212 190 0.44367305826261427 9 1009 23 1071 22 1034 3 1257 12 1855
2506 -0.36817226963171129 4.1894584054477102 3.3658004755975601 206 214 203 1.733560037240472 19 1734 18 1579
148 1.8484306471013581 4.0197773582313134 3.3830470214042583 255 253 252 0.63364907854237684 9 1007 23 1307 22 847 3 1300 12 2172 8 1071 4 1610 11 1840 16 534 5 789 1 108 20 36 19 134 7 125 13 135 17 688 6 115 15 549
147 1.0444371843830951 4.0446149924565953 3.3876040362406683 244 217 193 0.37795256789404214 9 1006 23 1073 22 860 3 1261 12 2020 11 1414
146 -0.44942976423537995 4.0602735358214161 3.4215138891197494 110 125 122 0.63759802034638979 9 1004 23 1222 22 868 3 1201 12 1822 11 1616 4 1321 5 1534 1 680 6 646 7 920 14 1240 2 856
2503 1.3215269597987322 2.0328656982703275 4.8684535924102166 252 255 253 2.0573040115018575 17 1685 18 1567
145 -0.45063011232211114 4.0589406986112406 3.422580257169094 110 125 122 0.5712900078814529 9 1003 23 1221 22 867 3 1200 12 1821 5 1535 1 681 6 645 7 919 14 1239 2 855 11 1615 15 597
2502 0.56997323485435725 2.2677427708376952 4.7856299089372145 118 118 120 0.44137297662509978 9 685 18 1563
144 1.6181435228519809 3.9644791730125544 3.4113652733292561 143 103 116 0.53076543992269576 9 1002 23 1116 22 647 3 1105 12 2046 8 1091 4 1457 11 1667 5 1121 1 420 20 636 19 694 7 797 13 161 2 156 17 692 18 724
2501 2.3873827953673854 3.098234455926383 4.173127964698442 105 111 111 2.4481955682181242 12 2375 17 1758 22 1369 18 1557
143 1.6180554499204307 3.9645035904269377 3.4108467473166337 143 103 116 0.54852575340543086 9 1001 23 1115 22 646 3 1104 12 2045 8 1090 4 1456 5 1120 1 421 20 635 19 693 11 1668 7 796 13 160 14 741 2 155 17 693 18 725
142 1.5798220134951573 3.9534076772880367 3.4114040423570025 255 254 255 0.42740109138255022 9 1000 23 1279 22 841 3 1282 12 2163 8 1297 4 1592 11 1814 16 806 5 1124 1 424 20 638 6 516 19 697 7 798 13 705 14 1167 2 162 17 696 15 925 18 726
141 -0.40643054469517825 4.0057206100505853 3.4447590003601123 113 127 127 0.4223720059980024 9 998 23 1219 22 1030 3 1203 8 1202 4 1326 11 1612 12 1819 16 892 5 1528 21 1122 1 673 20 974 6 635 19 751 7 917 13 794 14 1237 2 850 17 50 15 119
140 1.6420613213806037 3.9273933472072087 3.4267986919200446 255 247 252 0.53966515117273295 9 996 23 1281 22 839 3 1287 12 2044 8 1293 4 1598 11 1816 16 801 5 1112 1 410 20 631 6 143 19 701 7 795 13 167 14 25 17 1091 15 927 18 1048
139 1.6424564080722419 3.9274424251205744 3.428496592526459 255 247 252 0.45381672922083394 9 995 23 1280 22 838 3 1286 12 2043 8 1292 4 1597 11 1817 16 800 5 1111 1 411 20 630 6 144 19 702 17 1092 18 1047
138 1.4718511588163468 3.9167396727651327 3.4399313172354309 146 66 100 0.42911429297630643 9 991 23 1264 22 836 12 2034 3 1095 8 1099 4 1444 16 811 5 1131 20 644 6 527 19 710 7 810 13 721 14 1174 2 172 17 1094 15 935 18 1044
137 1.6304507941864606 3.898443573041543 3.4462163476568195 133 91 131 0.587904670968599 9 990 23 1276 22 833 3 1284 12 2039 8 1294 4 1595 16 798 5 1110 1 407 20 632 6 140 19 188 2 160
136 1.7704760675667941 3.8836687914892307 3.4533331970351142 255 249 254 0.59271065093783593 9 988 23 1286 22 831 3 1293 12 2166 8 1283 4 1605 11 1819 16 791 5 1103 1 399 20 620 6 499 19 705 7 788 13 706 14 1163 2 145 15 930 18 1055
2493 -0.53455731037008192 3.5253874711757667 3.8890915279036848 0 0 0 0.19455628741722425 4 1691 15 1725
132 1.5895790121166955 3.8232322203170961 3.5113629380289959 78 79 98 0.085103456210419925 9 978 23 1261
131 -0.43759113779286696 3.8345923923019924 3.5412467022340026 113 131 121 0.65193440154277826 9 977 23 1048 22 1010 12 1567 11 1389 5 1393 21 961 1 493 20 976 6 631 19 1027 13 1067 7 1416 2 858 17 1328 15 1575 18 1012
2488 0.56811050876668057 2.2694623328569561 4.7346373930316279 123 124 128 0.26690792660662094 15 1288 18 1332
130 -0.53073229980834735 3.7759935357274981 3.5720388642596239 111 132 133 0.51906673547512139 9 975 23 1047 22 827 3 1006 12 1558 8 991 11 1387 4 1044 5 1399 21 966 1 506 20 982 6 641 7 932 13 811 14 841 2 376 17 735 18 1018 10 1730
2487 0.56811050876668057 2.2694623328569561 4.7346373930316279 123 124 128 0.26690792660662094 15 1287 18 1331
129 -0.53073229980834735 3.7759935357274981 3.5720388642596239 111 132 133 0.51906673547512139 9 974 23 1046 22 826 3 1005 12 1557 8 990 11 1386 4 1043 5 1398 21 965 1 505 20 981 6 640 7 931 13 810 14 840 2 375 17 734 18 1017 10 1729
2486 4.790253211830378 11.448528915872794 16.388977308617672 158 29 23 0.013242035623529888 2 1339 18 1290
128 -0.54834928745476819 3.6904649185562333 3.6214113977313289 90 128 122 0.45554090931436292 9 971 23 1210 22 1003 21 1111 1 667 6 819 19 1035 2 1107 18 1180
59 0.4409994742130896 4.3922749745082541 3.2837117537246177 135 91 101 0.63194873873698054 9 531 23 402 22 718 21 705 5 909 1 223
1167 -0.48318233660839033 3.9752670715604346 3.4587763919765813 252 246 231 0.71037126020517749 3 155 16 415 5 970 21 428
58 0.57255510915211139 4.298817088839888 3.242008528083737 208 70 66 0.42984559753175 9 514 23 387 22 402 4 808 5 420
1166 -0.68458736298278677 3.4863352610183345 3.747445226319305 160 161 152 0.27027600957543063 22 163 16 406 21 370
57 0.54513174774559636 4.2976381475402148 3.2397402100459369 208 73 68 0.6278475905298917 9 512 23 378 22 400 8 816 12 1242 4 802 5 895 21 314
56 1.0934717344236686 4.2761965109157369 3.2441687794236795 157 88 67 0.5753255601431756 9 510 23 900 22 381 3 845 8 202 4 878 11 1478 5 869 21 285
55 1.1519160068613623 4.2644151170965294 3.2499185372975852 151 86 57 0.41847628034221801 9 509 23 531 3 847 12 1886 8 776 4 886 11 1479 5 359 21 277
1163 -0.53353536963201109 1.3850202865519683 4.8858588618282548 245 255 255 0.69422954981598528 4 1042 16 279 5 1149
54 1.0994753489288198 4.2591368998126606 3.2523654115806608 249 192 160 0.40815961104553472 9 503 23 893 22 376 3 844 12 1874 8 200 21 282
2411 0.54272675220586042 16.722173400817301 28.478957036858947 0 0 0 1.1118504825926943 1 853 3 1316
1162 0.94615375033605675 4.36342839968977 3.2166442722047943 183 110 79 1.044459964097723 4 860 22 922 16 278 5 885 21 684 1 205 8 792
53 0.52119452515028963 4.2677642691762845 3.2648158655389872 255 149 144 0.23626401798852484 9 499 23 366 3 804
2410 1.6415532722104027 1.02402414055797 6.1146076078259339 142 33 25 0.7554114281156481 19 1423 15 1524
1161 -0.21299331999730323 1.3351880866489791 5.0400509557901891 137 151 171 0.43526213474488679 11 945 16 228 10 1032
52 1.0502088612055982 4.2378794163724081 3.2637306592229867 164 90 65 0.29822813586071145 9 493 23 887 22 364 3 840 8 211 4 870 11 1192
1160 -0.21261170222953416 1.3319461309886327 5.0434256481740505 137 151 171 0.58385914937961325 11 944 16 227 10 1031 4 1111
51 0.93610109202192138 4.2313080001989976 3.2672657132640155 240 177 146 0.38426602580533709 9 492 23 862 22 697 3 829 12 1629 8 797 11 1170 5 879 18 35 4 1219
1159 -0.14364605096210128 0.9702585661343579 5.0719758551559053 250 251 255 0.27792927708856058 8 496 16 206 14 1645 15 1325
50 0.98989310587714596 4.2143978409797009 3.2770162811282946 240 194 149 0.311288575893158 9 488 23 451 3 366 4 1224 11 630
1158 -0.12347276205320798 0.9437413689351084 5.0842287367479928 146 145 154 0.62223796030899681 8 489 16 196 20 372 14 1376 2 576 18 1122
49 0.9281681270112998 4.215613208123747 3.277342596397383 143 85 60 0.64073669626692442 9 487 23 849 22 352 3 828 8 236 4 851 11 617 5 878 21 289 1 202
1157 -0.12357444146072878 0.94320622369410723 5.085148965279668 146 145 154 0.60807530197486914 8 488 16 195 20 371 19 882 13 948 14 1375 17 940 15 1329 18 1121
48 1.2001828855180268 4.1899750370378239 3.2905005350460383 253 209 179 0.11077662570407858 9 482 23 508 22 342 3 850 12 1318 11 1199
2405 -0.29526875338228514 4.5648481053008325 3.1850087564563112 93 101 91 0.12852967320712483 14 1745 15 1408
1156 -0.080980266913736013 0.87233039799078593 5.1459398436287715 242 245 255 0.20595852578141258 8 476 16 178 7 1311
47 1.041256356066635 4.1916959995630032 3.2912020122353378 177 132 96 0.36514926294831157 9 481 23 457 22 346 3 381 12 1642 8 213 4 869 11 1173 5 368 20 148 14 68
1155 0.1591099293288312 1.1204317825790984 5.1136609706355394 217 231 249 0.50590349192361062 9 120 16 144 21 571
46 1.0413737363261852 4.1913295850258265 3.2918518835088486 177 132 96 0.30686382374772986 9 480 23 458 3 382 12 1643 8 214 11 1172 5 369 20 147
1154 0.17314780697882112 1.0614874344975165 5.0938670630699328 158 171 200 0.25340369805279656 8 883 16 137 5 128
45 1.0028844128739753 4.1855640355451849 3.299250429219466 181 138 95 0.46355146659159935 9 476 23 437 3 834 12 1636 8 791 11 1163
1153 1.7196092362155277 3.7968603613789358 3.5169813971822697 239 214 224 0.35541094465589029 12 1907 16 99 20 53 6 114 19 205 7 186 13 189 14 747 18 782
1152 0.43535916405965885 0.87637918056347919 5.1718910720366784 199 224 253 0.18587715008288552 8 354 16 78 21 39
43 1.1215681871065257 4.115786975780428 3.3307577653857732 165 119 82 0.42268779215280111 9 464 23 436 12 1289 4 880 11 608
42 1.002459120646283 4.1025846668235308 3.3473621192732841 254 224 193 0.38151305233296678 9 459 23 834 3 831 12 1625 11 1121 5 366 4 363
2399 0.1239364666947592 0.86870966146306416 5.11726660208212 110 173 197 0.62478032049819021 7 572 17 952 15 1327
1150 -0.62302384935987298 3.3954843164890036 4.090222713072321 69 69 69 1.6264210390625551 9 1503 20 1456 16 1376 19 1694 3 1601
41 -0.40350150233206061 4.1208050488667229 3.382359310013821 232 250 230 0.56239712058018421 9 453 23 284 22 684 3 759 12 446 8 537 4 619 16 413 5 972 21 761 1 272 20 784 6 341 19 262 18 26
2398 0.23261044796412289 0.84664202612067729 5.1292719523734105 45 181 220 0.36051232092749963 1 77 4 740 15 1323
1149 0.736590691945328 2.6504581990302722 4.4954026455416916 124 127 131 0.56161277627777761 22 780 11 1013
40 1.4798137828309437 4.0620355918832027 3.355856766830549 158 149 150 0.15916482271515225 9 452 23 524 3 474 12 1343 8 133 4 922 11 1463 16 183 5 293 18 108
2397 0.21811485764480823 0.86358291283632316 5.1220005789202387 41 101 133 0.94532936300447756 3 41 15 1321 18 1266
1148 0.13634370012417155 4.0248280750987941 3.6910971549599383 94 96 96 1.8882031116736835 22 1346 12 2337 23 1593 8 1672 3 1592 9 1506 16 1375 4 1828 5 1841 21 1462 19 1564 7 1734 14 2101 11 2152 2 1556
39 1.758479310442812 4.0224198218571221 3.3760071831936878 255 249 253 0.3113340887128147 9 440 23 926 22 662 8 728 4 1279 11 1483 16 110 5 219 18 132
2396 1.0899845238282522 0.82776866445693953 5.2386644870536907 47 72 117 0.48212481394203155 13 896 17 978 15 1299
1147 0.15327793380404625 1.0857008287444549 5.0888819397859617 244 253 253 0.83303474769232611 8 1171 4 1372 11 1336 9 641 23 984 12 1763 3 1167 5 754 21 832 1 391
38 1.7410151158514005 4.0124514590580773 3.379495610139454 135 129 138 0.34825943991911529 9 439 23 557 3 544 12 1704 8 77 4 969 11 1221 16 113 5 228
2395 1.3722763006119612 1.1979316151552206 5.3885515956607781 111 110 114 0.81050164725971974 7 1443 15 1295
1146 1.5040720131894938 4.1031907238550636 3.3331046775433086 255 254 245 0.80478783624479955 23 1295 3 1281 4 1587 11 1834 9 809 23 1130 22 677 3 1101 8 757 16 588 16 818 1 436 5 1139 20 643 19 674 7 794 6 531 13 698 2 164 17 1077 15 908 18 690
37 1.6953622577791898 4.0150260084673501 3.3790916114604399 255 241 249 0.31076265745713522 9 438 23 918 22 658 3 894 8 735 4 1269 16 128
36 1.6953650755035392 4.0149772288287799 3.3782911883755689 255 241 249 0.33335186679323575 9 437 23 917 22 657 3 895 8 736 16 129
1144 -0.79426423317511741 3.0597548385887521 4.2468775321028582 73 84 78 2.2404753329692633 23 1670 11 2197 16 1399 20 1457 6 1296 19 1701 2 1679
35 1.5656641472030626 3.9972597563925238 3.387828863864601 251 254 252 0.57118273165311573 9 429 23 1119 22 653 3 1102 12 2041 8 751 4 1259 16 563 5 824 21 635 20 74 7 167 13 152 14 23 15 554 18 126
34 1.6819218392503317 3.9729613965853825 3.40157115509149 254 248 250 0.53044674462606434 9 425 23 904 22 279 3 525 8 92 4 954 11 1459 18 155
33 1.4621401978850563 3.9741481218210066 3.4032593145406151 184 80 74 0.45238806512900831 9 422 23 1104 22 842 3 1096 8 1100 12 2036 4 1585 16 580 5 1136 1 435 20 95 6 190 18 127
1141 -0.70874839656499922 1.5050249751768099 4.893019269815305 0 108 180 1.4563334468013316 9 1464 11 2133 21 1407
32 1.4275711385809111 3.9656124017057421 3.4111395468255621 255 155 137 0.17327591593633568 9 419 23 440 22 278 3 445 8 147
31 1.4850651097541869 3.9504759674883467 3.4178347764544177 166 81 83 0.4963292009080767 9 418 23 866 22 645 3 1097 8 761 4 1445 11 1151 12 1332 16 166 5 831 20 91 19 180 7 808 13 178 14 39 17 59 15 52 18 141
2388 0.57378206923925346 0.49752447811546108 5.3745949572565701 190 213 235 0.55428701803323821 17 584 15 1153
30 1.5873486845378102 3.9323165992372493 3.4272424677841933 154 89 111 0.40493255098078695 9 417 23 878 3 489 12 1902 16 143
571 1.4357016512661478 3.9052086005340594 3.4518783928206713 251 150 144 0.60346206519437917 23 1085 3 1094 12 1882
13 1.6746276330899879 3.7981159450918223 3.5183117830775688 75 81 102 0.49155484432042074 9 377 23 845 3 881 12 1666 5 205 7 193 13 197 15 84 18 236
2370 1.7233601813110895 3.8011058140511276 3.5151290920263834 241 231 231 0.43872221876469714 11 1429 17 725 15 578
554 0.67647556796426367 1.0243909936371594 5.3565945468396734 239 255 255 0.44005017098182275 23 87 3 746 8 276 4 322 11 283 12 1065
12 -0.86237779556531546 3.6187048834747837 3.6831199614008092 122 128 95 0.30555824659982073 9 348 23 219 22 184 5 614 14 861
2369 1.376133357453549 3.94179590521333 3.4462197479717953 252 194 162 0.32752991584013019 17 70 19 201 15 568
553 0.53720991337229596 1.1244134890119364 5.3841868378062694 165 216 253 0.45211127076960528 23 96 3 743 8 296 12 1530 11 305 10 225
1120 -0.59672522260637584 3.494960354282048 3.7514398784375702 250 255 249 0.48862061659980716 3 1181 12 1797 11 1601 13 1287 14 1764
11 -0.86293199552828737 3.6190008350705765 3.6837741869795444 122 128 95 0.36015002655945133 9 347 23 218 22 183 5 613 14 860 2 444
2368 1.5235384510540715 4.1647273777447271 3.3058506607152132 58 41 41 0.23510999569064672 17 663 15 537
552 0.68597598143239324 0.46264873419886682 5.3983452264349863 226 255 255 1.0629796180089923 9 605 3 699 4 1201 1 349
10 -0.70497250599011752 3.476434429517206 3.7478432815047489 127 144 139 0.30300684907012265 9 337 23 212 22 161 21 372 18 175
551 -0.65604282415158044 3.4348083129034657 3.7708682698076741 255 255 220 0.44299150448592772 23 1034 3 684 12 1543 11 1006
1118 0.24565549378770385 0.98548309890724783 5.1185032639041008 247 255 254 0.30575724313805336 12 2092 11 1563 10 1651
9 -0.65005255943867368 3.4664340423795004 3.7620404445107627 244 253 245 0.3446751240440788 9 334 23 217 3 81 8 608 16 401 6 335 7 415 13 340
2366 -0.045647708414501956 4.2759774261842134 3.532914916370109 104 93 77 0.33309911697426625 17 87 15 150 18 61
550 -0.10489716488611039 1.2880480315430323 5.0711632633010835 215 230 231 0.29462257022659272 9 166 3 653 12 1499 8 912 4 1130 11 946 10 1017
1117 1.6947944294618817 3.9895257632056671 3.3931200909035795 161 116 119 0.35225071626395293 23 913 11 1469 18 721
8 -0.72669166610928015 3.295933304062348 3.9193530249045225 158 133 106 0.16633933843595641 9 320 23 206
2365 1.5046221040623895 3.9123429340673792 3.6679727716640809 138 139 130 0.0135491133030766 14 124 15 148
549 -0.14202782195190636 1.3079563109863985 5.0641073935996221 210 219 225 0.30400522764897037 9 174 3 645 12 1496 8 461 4 1127 11 949 10 1021
1116 1.1786944081986122 4.1930104592379971 3.2950937322941005 255 233 198 0.17670165848651231 12 1880 11 1464
7 -0.72258013051081615 3.2945469397643179 3.9132546637993588 158 133 106 0.44221360158903478 9 319 23 207 11 372
2364 1.6889097703461229 3.8601328711761345 3.4715084649512873 215 212 215 0.31304835540374104 11 1152 12 1682 15 68
548 -0.14231169329076529 1.3068197764193741 5.0659131269726414 210 219 225 0.1995633276091644 9 175 3 644 12 1495 4 1128 11 948 10 1020
1115 1.093501901155532 4.2027678717700008 3.2846137989787585 0 0 0 0.081193499965053609 12 1872 23 880 11 1454
6 -0.80614693066509024 3.265957770413789 3.8856047750240279 133 151 147 0.43518332057266546 9 312 23 199 22 573 3 42 12 1086 8 639 11 366 16 713 5 944 20 494 19 365 7 445 13 852 14 878 2 464 17 222 18 249
547 -0.89477363109245411 3.3152136417863391 3.8529583658158892 148 147 114 0.71392333117195428 22 575 3 641 12 1081 19 789 9 951 13 848 2 487
5 -0.80614693066509024 3.265957770413789 3.8856047750240279 133 151 147 0.43518332057266557 9 311 23 200 3 43 12 1087 8 640 11 365 16 714 20 493 5 945 19 364 7 444 13 851 22 572 14 877 2 465 17 221 18 250
2362 -1.5320325486265338 7.3871353024735464 11.004102041272899 0 0 0 2.0631282392162316 12 2076 21 1156
546 -0.067184363129905902 1.2006249255357972 5.0456979217673652 177 193 218 0.30074209984835149 23 18 3 640 21 585
1113 1.6607489279737178 3.8685929269131187 3.4631598437994846 247 255 255 0.3187464226005578 23 870 11 1436 17 83 18 196
4 2.9968165690221804 2.6922758541415392 4.4052784729352386 93 106 110 0.75440556847013851 9 261 22 533 23 349 14 125
2361 2.2305012703288951 0.69267280304341394 5.6008025196375826 97 96 88 0.057505463656770825 1 342 17 1431
545 -0.067699261404175967 1.2033220086583418 5.036626603576825 177 193 218 0.44414288024697557 23 19 3 639 12 1473 21 584 4 1349 10 987
3 -0.41973348338793559 1.4900704341846336 5.1593969580562895 97 148 186 0.48457936956963898 9 208 23 995
2360 1.1889564822284246 4.0313237312282588 3.6111883704466763 70 70 74 0.40811559760130939 5 332 14 1211 2 240 17 748 20 142 19 234 7 855 6 546 13 752 15 969 18 761
544 -0.089618439077578008 1.231478573141872 5.0401983111606201 250 255 254 0.3428099999423373 9 141 3 638 21 587
542 1.6969686922440339 4.0332587941773292 3.3705649414492029 161 79 83 0.31471479416181575 9 443 3 538 8 84 4 960
14 1.7196238471378931 3.7961043518319175 3.5161986485622356 246 237 251 0.36222422156727951 9 378 23 853 3 886 20 52 6 113 7 187 14 748
555 0.62687032504407214 1.0809621877794529 5.4013623276166669 185 209 241 0.52187962481278538 23 99 3 753 8 279 4 833 12 1075 11 300 10 208
1124 1.6271586432851186 3.8986760081346894 3.4460400876148607 154 115 139 0.32175719735525787 23 1277 11 1653 19 187 7 800 17 705 15 562
15 -0.67193479254240529 3.8678756843456243 3.5308362852035127 84 104 87 0.51334223905001297 9 379 23 763 22 634 11 415 16 437 21 755 20 476 3 711 2 394
2372 0.94696482258560211 4.109998264436622 3.5608422108929316 46 32 32 0.2838662117959892 17 728 15 608 18 149
556 0.84905784630837766 0.96885318891230421 5.4033493187763248 210 242 255 0.50686833822617527 23 95 3 767 4 1214 11 289
1125 1.5111423814558989 4.0154471817791642 3.3812983071605105 167 117 113 0.36601797027288019 3 1099 11 1666 19 160 17 683 18 710
16 -0.67285479160044226 3.8682325819726144 3.5325249221258725 84 104 87 0.59476480718116709 9 380 23 764 22 633 8 616 16 436 21 754 20 475 6 361 19 290 7 388 13 310 14 1249 2 393
2373 1.4203400753149256 3.9571999379986007 3.6891967245969481 80 63 57 0.35639116028475176 14 787 17 169 15 635
557 0.52374667760624694 4.2674592567839413 3.2608003614518775 255 149 132 0.10520120599667832 23 365 3 803 11 541
1126 1.6296419635910382 4.0885242205382344 3.3428511836032317 119 82 83 0.26431294377238895 23 924 11 1685 16 148 5 270
17 1.6124500158160726 3.8378442411229541 3.4973407693477929 224 229 255 0.63644490354342509 9 387 23 847 22 232 16 124 5 804 1 123 20 67 13 193 12 1897 14 753 18 214
2374 1.7681322256221006 3.8232840096601373 3.7455067635020001 148 146 131 0.89429809866166476 7 240 17 781 15 642
558 0.97508487743429739 4.0921998031410824 3.3590759935480943 179 127 86 0.16296533433356986 9 455 3 826
18 1.5815531047742653 3.8464264663422592 3.4871688569552348 220 226 251 0.20939631545129123 9 390 23 423 17 96 15 573
2375 -0.22902566642325667 3.9245653320390241 3.6075393929330386 164 148 140 0.45280458932821982 17 745 15 648 18 693
559 0.97253241519676581 4.0926887092643156 3.3546253788449656 179 127 86 0.63434493946674964 9 456 3 827 4 858 5 371
19 1.7792871612796251 3.8424355788542974 3.47815614267458 255 245 218 0.70816241502628585 9 393 23 882 22 620 3 1110 12 1914 8 1079 4 1466 11 1162 16 533 5 1093 1 103 20 41 6 105 7 157 13 176 14 21 18 218
2376 -0.041401897237929246 0.93110440636072034 4.9282000174928067 149 161 175 1.0091912515423838 14 512 15 734
560 1.0415534052535877 4.11628291461611 3.3354265709513138 246 205 151 0.83452195829831655 9 463 3 835 12 1631 8 212 4 374 12 1277 11 577 5 362 21 272
20 1.6422776529251415 3.8594222963448348 3.4699298029575729 105 123 173 0.31086240723722419 9 396 23 446 22 240 3 877 12 1673 8 745 4 1265 11 1137 16 121 5 226 18 201
2377 0.65846059282751246 0.67148859144767603 5.2453841856197636 176 71 87 0.12555676420008013 17 540 15 784
561 1.0267483419429158 4.2020040170520065 3.2846371182808944 255 216 172 0.45638047530689296 23 869 3 836 12 1641 8 219 4 1225 11 1174
21 1.6126667529899035 3.8673756220712123 3.4677547321159419 101 116 155 0.42001199669409406 9 398 23 860 22 245 3 873 8 747 4 1455 11 1434 16 133 5 809 20 68 19 198 7 189 15 73 18 191
2378 0.79538728480498622 0.60729427265036506 5.2926593135942746 10 100 171 0.07749089014062277 17 558 15 791
562 1.4412221530875389 4.1237606520971504 3.2938418049898104 182 34 36 1.5126821643655222 3 868 12 1676 8 143 9 472
1131 1.5981514288649001 4.0309324665534501 3.3687874282971562 165 125 126 0.88264417158256181 23 1291 11 1831 16 807 20 70 3 1106 19 679 7 792 18 1035
22 1.7114446313499549 3.8637620709070593 3.4669106282540429 126 86 128 0.51071819296075427 9 399 23 879 22 244 3 887 8 734 4 1271 16 105 5 207 18 202 17 82
23 1.5107624086936893 3.8717265431804622 3.4742228988730672 235 254 255 0.81632300191251472 9 401 23 841 11 1122 7 209 14 49 4 463 17 85 15 571 18 185
2380 1.7130859804731109 3.8476589592541668 3.7321135143922479 143 141 129 0.24805474540327144 14 1199 17 182 15 996
564 1.7806616630542591 3.8623811663604783 3.4735630311614889 174 81 75 0.68244983398437142 9 400 3 896 12 1916 8 727 4 1280 11 1448
1133 1.7154465075002865 4.0210272465037331 3.3732388765393551 253 255 249 0.42865546913273683 12 2252 11 1950 16 958 1 406 20 887 6 511 19 974 7 1157 13 697 14 1160 2 775 17 1081 15 915
24 1.6380085196227192 3.876781264672323 3.4583019370568371 226 245 255 0.50909576220424313 9 404 23 868 22 250 3 880 8 744 4 1264 11 1149 16 125 5 805 20 61
2381 -0.40714192891424089 3.6905492374860063 3.7288077085187763 175 179 172 0.3659128097483782 17 178 15 1016 18 163
565 0.11799994949850626 1.0835215111378003 5.0688018590141493 189 205 224 0.44091793157357267 23 979 3 970 21 569 5 759
25 1.4821287651444919 3.885798538603761 3.4705405485987573 231 242 255 0.37539187589398243 9 406 23 840 22 627 11 1423 16 161 5 827 7 212
2382 -0.5803540116348711 3.4660825890580282 3.866741598379583 188 187 171 0.29285514482708952 17 214 15 1038 18 241 4 607
566 0.25668030496115929 0.98029421976870423 5.1028041968370115 249 255 255 0.65596361087207333 23 973 3 974 11 143 16 794 8 1459
26 1.5617536556320091 3.886502841985211 3.4543185260073317 96 114 144 0.44820466274178483 9 408 23 857 22 254 3 872 12 1894 11 1433 16 141 7 196 17 75 19 197 15 566 18 181
2383 0.71192002393880494 0.63952303398363974 5.2562805116144711 250 210 211 0.30360632771264429 7 535 17 545 15 1093
567 -0.52722562041853605 3.9861281517512093 3.4655042601554151 131 130 105 0.6482103078390512 9 993 3 1015 8 1211 4 1053 1 515 6 660
27 1.5617002391854589 3.8865158206558075 3.4549297565849586 96 114 144 0.48183994464450408 9 409 23 856 22 255 3 871 12 1895 11 1432 16 142 7 197 14 38 17 74 15 565 18 182
2384 0.051874894551327336 0.78367027746623008 5.2036304112325329 78 153 193 0.5496410516390372 7 622 14 1386 15 1112
568 -0.34578728157611183 4.338983418973184 3.3144678856140901 93 121 94 0.29387108410748025 9 1048 3 1039 12 1834
1137 -0.66732791694950055 3.7150007737415733 3.6158603823748896 114 147 135 0.30312109627904088 23 1584 11 2016 6 1149 13 1613 14 2105 2 1563
28 1.5154055028596836 3.9057875485212197 3.4442350821794978 95 114 154 0.31198044741336711 9 412 23 851 22 637 12 1888 8 758 4 1251 16 154 5 822 20 81 7 202 14 751 18 168
2385 1.7349007907292082 1.1668073061993638 6.1775357445355352 164 59 55 1.3097766803699984 19 864 15 1138
569 -0.26356290685288236 4.2948767509640895 3.3487950033207174 92 118 88 0.49157702266891506 22 914 3 1043 12 1840
29 1.5143860380370127 3.9045945852123385 3.4438416280182542 95 114 154 0.37317741593504378 9 413 23 852 22 638 12 1889 8 759 11 1428 16 155 20 82 7 203 14 752 18 169
570 1.095505852220835 4.1087837135431515 3.3364656559204722 146 94 50 0.10481787320208563 23 844 3 1079 11 1435
60 -0.44702785589077371 4.4476618616750034 3.3119474774981237 163 175 151 0.30205630870486594 9 538 23 800
1170 0.11605956249070888 0.67974911341464705 5.2332365366795264 82 114 148 0.47798755531516435 9 56 16 543 5 735 21 45 1 81 19 914 14 1960 17 1416 15 1622
61 0.85801918367538232 4.4248219874144912 3.1946284847562705 98 32 12 0.027669697087553839 9 545 23 909
1171 0.037332615297190022 0.8220787500685357 5.1871705919131239 252 251 255 0.38831647494512 8 446 16 560 21 55 5 1075 1 386 20 746 19 897 2 1173
62 0.57182763039944606 4.5062998343436709 3.1382479969813466 223 86 88 0.51205125506567772 9 563 23 890
1172 -0.28024046107865319 0.89436759327865478 5.1125462149853274 96 221 255 0.73762230107051985 8 541 16 603 20 780 14 1968 18 1259
63 0.86122926202707373 0.92765806847322407 5.3961757124541618 4 89 159 0.43691051241057266 9 636 23 1001 3 1212 21 33
66 1.1486690997842528 2.477174722773706 4.6084429878656197 156 161 167 0.41784947795271465 9 695 22 47 23 226 21 135
67 1.8725605576746351 2.9689792216477278 4.2794383404964416 252 255 254 0.40099770761418368 9 709 22 543 23 785
1177 -0.79946434699726898 3.6728371065213317 3.6478815841518921 91 105 83 0.61292856426316256 3 677 22 598 16 738 5 1417 20 822 6 675 7 951 2 882
68 1.8725605576746351 2.9689792216477278 4.2794383404964416 252 255 254 0.40099770761418368 9 710 22 544 23 784
1178 0.3068782593570335 0.49182012021518962 5.3552074769349378 177 250 255 0.54141738155726149 9 29 16 779 5 1046 6 894 7 1596 17 1649
69 -1.4885877209733778 3.1305783424755913 4.0521211848245322 102 125 123 0.70777169771354254 23 692 22 797 12 1515 9 716 21 752
1179 0.30449547260226906 0.4965006030537214 5.354991625839066 177 250 255 1.0525417455715507 8 863 9 30 16 780 6 895 7 1597
70 -0.69154247540668012 3.354017011124653 4.1228575299858994 100 90 58 1.6167168580285298 9 727 23 744 22 135 5 502
2427 -0.20412309650957006 0.98128189015294132 5.0701411217346219 244 245 241 0.64546839748979767 17 1618 15 1739 18 1419
1180 0.30509552170689003 0.52329464332206566 5.3299020538009687 35 173 217 1.3562266923201964 8 380 9 31 16 781 5 1049 21 539 6 726
71 -0.79900896499660101 3.3538826011678116 3.8292175167489195 138 153 151 0.77316488817350371 9 728 23 730 22 804 5 955 16 416 13 1096 17 1160 18 771 10 1458
2428 -0.13328701238144769 9.8837878083298545 15.384005209679945 0 0 0 1.2429186403435828 1 1105 9 1513
1181 0.18674911266678332 0.5443519358937029 5.3277639501279959 195 255 255 0.58984883240214003 8 893 16 790 20 1094 6 905
72 -0.79932976280369661 3.3540698722696529 3.8288971880618776 138 153 151 0.74659590359384798 9 729 23 731 22 805 11 997 16 417 5 956 13 1097 17 1161 18 772 10 1459
1182 0.14304130062989748 2.4458840073941253 4.6356393253955446 124 120 128 0.35721379783126217 9 690 16 835 5 847
73 -0.57640780688430981 3.4817077565959829 3.7782999466683003 170 154 127 0.18735943101684926 9 739 23 749 16 878 20 464
74 -0.64614453809500194 3.5486877231840657 3.708481373403925 113 139 135 0.51297362681345238 9 741 23 1039 22 812 3 991 12 1547 8 1007 11 1378 5 1394 21 716 1 502 20 807 19 327 13 334 6 346 2 873 18 720
75 -0.57516365690911164 3.682591860596149 3.6263286131037415 232 255 255 0.46690958084721484 9 749 23 757 22 600 11 407 19 307 7 935 13 326 2 390 18 698 10 1162 17 141
1185 -0.77732839363774975 3.641054091851998 3.6649096129422123 107 111 100 0.56998572111601276 22 816 16 907 6 674
76 -0.62828317107020559 3.7156169625053073 3.6122701518046316 229 241 200 0.4225920492261081 9 751 23 759 3 708 8 1001 16 723 21 968 19 305 17 136 15 656 10 1505
2433 1.7503289989919055 1.1385458071125478 6.1850802562050475 150 41 35 0.28874460218291786 19 1634 15 1802
1186 -0.98857259223282778 3.3756078885944141 3.8304023422009923 109 110 103 0.48543464422155597 22 806 16 912 21 963 20 841 19 785 2 913 17 207 18 760
78 -0.68899116331371413 3.7469130574658926 3.5972515248530383 229 255 255 0.3516012006895794 9 754 23 755 22 822 11 410 5 1228 21 973
2435 1.7503289989919055 1.1385458071125478 6.1850802562050475 150 41 35 0.28874460218291786 19 1635 15 1803
1188 -0.65523979507032382 0.87196428190485431 5.1575657959902754 75 207 255 0.92530621204522456 8 1024 16 983 5 1485
79 -0.52484347328636283 3.8396191406873039 3.540400498000138 104 131 123 0.19761547975254459 9 760 23 767 3 725 12 1148 16 716 5 1221 5 1403 21 740
80 1.6457809875656149 3.8070820492727515 3.5114834117301545 86 85 109 0.70845549669654506 9 761 23 842 22 608 3 876 11 1419 5 796 20 62 16 111 6 129
81 1.5188369798252537 3.8532862074226011 3.4887000139825006 93 89 116 0.38222866281300011 9 764 23 1082 22 624 20 83 17 97
1191 -0.034171456282619611 2.9173191001818437 4.3520501982735658 252 255 250 0.47552012625927781 11 1377 16 990
82 1.7552489543352916 3.8595643310142895 3.4701608759313007 146 91 116 0.32382887237481695 9 766 23 885 22 625 3 1109 12 1911 8 1084 16 535 5 788 20 46 18 211
1192 3.1591916004376923 2.6012211434518995 4.4682548445629005 129 131 122 1.6494298234157907 3 1130 22 1128 16 1070 9 1124 21 817 20 874 7 1164 19 1046 13 1075 15 1043
83 1.5443178202931418 3.9063799030735944 3.4430660879008657 239 255 255 0.34558957315663186 9 767 23 1099 22 639 3 869 12 1892 8 754 4 1255 16 562 5 818 1 132 20 76 6 164 7 194 19 192 13 180 17 72 15 564 18 737
84 1.7572592652395842 3.9087273784110348 3.4434768109630101 158 91 102 0.36744286200266352 9 768 23 894 22 265 3 1112 12 2051 8 1082 4 1464 11 1453 16 536 5 791 1 112 20 623 6 119 19 174 13 163 2 148 17 73 15 53 18 190
2441 -0.24769038060339774 3.8771384751588314 3.5876091415856148 168 150 121 0.70196248939992656 17 1795 15 1822
1194 1.8296740844218271 3.9408508374318245 3.4123509845600672 255 255 248 0.60350148635693024 3 1488 16 1083 1 753
85 1.501510592911113 3.9234401651460478 3.4343617171183158 242 255 255 0.41094463930333031 9 769 23 1095 22 837 3 1278 12 2035 8 1098 4 1447 16 571 5 1130 1 138 20 88 6 168 19 191 7 201 13 182 17 65 18 731
1195 0.026526841980478121 0.83739171090898401 5.1782322006119328 252 255 255 0.6112231015226316 9 1097 16 1091 5 1466 21 1036 1 750 20 1203 19 1436 7 1685 14 2190 6 1120 2 1431 17 1533 15 1795 18 1430
86 1.6680837193863169 3.9461388022123249 3.4197011278840317 128 103 111 0.63255391556390772 9 776 23 1120 22 642 8 740 12 1910 16 554 5 808 20 57 19 168 7 160
2443 1.7992164499806416 3.9403545797060477 3.4430590365672686 228 225 211 0.54003190167845572 13 1774 14 2235 15 1842
87 1.7586630953662805 3.9880631573675602 3.3950181206280017 253 254 255 0.4980041948874197 9 781 23 1298 22 651 3 1120 8 1081 4 1465 16 541 5 797 1 116 19 151 18 730
2444 0.073741901982853214 2.3634642369462209 4.6550303143696157 83 87 80 0.074085245264405533 17 1843 15 1846
1197 -0.70765639510223199 0.93891107376008542 5.117681506427961 1 185 248 1.278670604409637 8 1029 16 1115 21 853 20 1238 2 1524 6 1138 17 1700
88 1.7774854600280756 4.0027613610831052 3.3864118668281016 118 101 118 0.39637258079899701 9 782 23 922 22 654 3 900 12 1926 8 1078 4 1472 11 1481 16 540 5 795 19 142 18 723
1198 -0.37977067814134735 4.2622653998649174 3.3291784384214007 87 123 105 0.88574537766260908 23 1479 16 1158 21 1314
89 1.5346792157337417 4.0123202704987406 3.378700255457511 255 255 251 0.60620733907342117 9 783 23 1117 22 656 3 1100 8 756 4 1453 11 1671 16 573 5 830 21 220 6 178 19 158 7 172 13 148 14 26 15 553 18 708 18 709
1199 -1.000185381816425 3.4790944674926969 3.7690920940267065 94 122 86 0.40924011029391627 22 1152 16 1172 21 1222 20 1247 6 1088 19 1229 7 1559 13 1426 14 1911 2 1419
90 1.5100036799138592 4.0156018791846702 3.3785560351877049 150 101 114 0.36833964900531574 9 785 23 1112 22 659 3 1098 8 1096 4 1449 11 1665 16 576 5 834 21 223 1 147 20 84 6 186 19 159 7 177 13 157 14 28 17 684 15 556
91 1.509730658788657 4.0155984666820999 3.3815405412071984 150 101 114 0.19248572266746825 9 786 23 1113 22 660 8 1097 4 1450 16 577 21 224
1201 -0.85043394969861652 3.2460467174141048 3.9044321756976594 252 253 247 0.57482326696478125 8 1573 16 1231 5 1690 21 1356 20 1323 19 1494
92 1.5766811420036475 4.027047746060199 3.3792927970728979 254 254 245 0.57633097172442638 9 789 23 1125 22 664 3 882 12 1909 8 748 16 564 5 825 21 217 19 154 7 166 17 40 15 555 18 123
1202 0.13091253265212704 0.88693301238446898 5.1180480579725387 97 125 157 2.2030380344472031 8 1545 16 1281 19 1581 15 1829 14 2221
93 1.495170359701143 4.0329939405477351 3.3706624018101263 254 254 254 0.82102340740149926 9 791 23 1118 3 870 8 760 4 1446 11 1672 16 175 5 1138 1 150 20 90 19 155 7 178 17 34
2450 1.2989560739528383 2.181313634556703 4.7789949987458602 238 245 237 1.3550942011009859 17 1924 23 1699 15 1899 12 2420
94 -0.42498512448366138 4.0933193301731752 3.4010282593584789 233 254 253 0.87982052863711691 9 792 23 280 22 308 3 754 12 1173 8 1203 4 1070 11 436 16 902 5 1224 21 758 1 512 20 785 6 347 7 368 2 852
2451 2.0661896477220494 0.51534689053089222 5.7268637262570481 200 204 202 1.7356009171055267 1 1037 2 1632 15 1870 9 1452 16 1354 13 1798 17 1881
95 1.1112524674611162 4.0493126679448181 3.3728281772732398 245 204 160 0.31612003626228474 9 793 23 1077 22 667 3 1077 8 781 4 1234 11 1421 12 1861 5 1154 21 663 1 173 20 660 6 210 13 187 14 80 2 212 18 89
2452 -0.046182178473335875 0.91806735084379221 5.1184948402651562 248 254 255 0.56687223735810843 19 544 7 1070 2 561 15 1480 8 920 4 694
97 1.7202909055752862 4.0332450649529124 3.3689927395329033 255 252 249 0.32271730406380195 9 795 23 1134 22 852 3 1117 8 1085 4 1458 16 552 5 810 1 124 18 713
2454 -0.16093652076609416 0.94021278893492199 5.0864803916353631 248 251 255 0.39544195766199469 6 160 7 1306 13 951 15 1478 8 510 4 119 16 207 20 388 17 1219 18 1254
98 1.7201589818863763 4.0329294819768444 3.36820950689166 255 252 249 0.26571509904635132 9 796 23 1133 22 853 3 1118 8 1086 4 1459 16 553 1 125
2455 -0.2180815966291095 0.922774634633171 5.0971234630348246 98 96 125 0.88211256452972753 8 525 4 643 16 599 20 770 6 526 7 1097 13 1169 14 1965 2 971 15 1333 2 612 17 941
99 1.7897813887045164 4.0421452727961915 3.3733017006650186 255 255 251 1.014307609260926 9 798 23 1306 22 857 3 1298 12 2063 8 1282 4 1607 11 1838 16 793 5 1108 20 617 19 673 7 779 18 1038
2456 0.64012087358551084 4.230280132557442 3.5057341482653772 129 130 120 0.018217020545785799 17 1104 15 1235
1693 0.77321612725268174 4.1654489697206794 3.5345648103489125 97 86 85 0.48268702621599924 20 194 6 581 19 229 7 882 13 769 14 1531 2 816 17 1112 15 1237
1694 -0.60501382258766501 3.3171532749525969 4.1324775241029323 73 69 70 1.2350414959287837 9 950 20 988 23 1038 6 625 13 1434 6 1051 14 1776 14 2015 2 1146 1 485
1695 -1.0796882407435058 2.5008558367764815 4.6295045930655272 132 136 127 0.41400170807588754 9 693 11 975 6 638
1699 0.59451669680417574 0.67025520738109579 5.2527359713682893 193 134 168 1.1544434917338364 20 927 6 720 14 1798
1700 1.3316579615730566 2.7733165947121057 4.7377662775228249 158 148 144 1.9575126934414513 9 934 6 737 13 865
1703 0.087642451234907784 0.88789275077504515 5.1434409023946035 249 255 253 0.28277985033180919 5 1073 6 746 7 1290
1704 1.1734090087685085 4.0378982486724793 3.583713710927976 197 189 177 0.38219823194835667 20 665 6 771 2 803 18 1053
1705 -0.37815320307529465 3.8054188096473975 3.5578457439704509 166 137 113 0.26798296223942308 11 1605 20 970 6 812 14 1550 2 1099 12 1997
1709 1.3286734780887819 1.9964872854048052 4.8841257935833298 252 255 251 0.71023630366504842 4 1580 8 1429 6 897
1710 0.19067098191370979 0.54518924196589236 5.3373700223949037 202 255 255 0.59189819733936111 20 1093 6 904 17 1717
1711 -0.21276777455481502 0.82851845342982178 5.1551701653074415 96 99 102 0.29662851971548848 9 621 6 916 2 1302
1713 -0.24852633073777536 0.96690915097777741 5.0640599668428807 117 118 162 0.43816147392284888 5 1317 8 1199 6 926 13 1475 9 630 18 1421 1 614
1716 -1.2294319910536746 3.1730915693421125 4.009041474556871 152 139 127 0.35932707953662962 20 1148 6 992 19 1072 14 1926 2 1295 17 1359 18 1068
1761 0.86643738650478586 4.1345016976146631 3.5290284633215183 145 145 149 0.37330651060313197 20 181 19 221 18 707
1774 -0.15007169294385786 0.83468361756777565 5.1650049978398176 106 123 144 0.47352573486911737 6 137 19 572 7 1108 13 959 14 1418 18 917
1775 -0.33248603009507216 4.0547966452404287 3.4155537423122393 82 114 106 0.75038170831786866 22 1036 19 748 7 912 13 788 14 1234
1783 -1.0330642099133891 3.4541347383233769 3.7933504637202282 98 111 80 0.50750858356451178 16 1050 19 1058 13 1295
1789 1.0105335526231103 4.1002479776824767 3.6138813674418326 138 122 121 0.45572706268495994 6 935 19 1200 7 1512 13 1257 2 1241 17 1475
1791 0.71695366455246035 0.63571983436003887 5.2499907282717979 244 203 223 0.56629675428446236 6 888 19 1315 17 1641
1797 0.060586306638280102 0.8954397988746623 5.1473989881498978 246 255 255 0.92393035961404812 5 1569 19 1518 15 1794
1798 1.942143904331058 3.90797109101926 3.5302526321947929 197 33 41 1.334923361323177 16 1337 19 1553 7 1790 13 1519 6 1117 2 1235 20 1175 18 1551
1800 1.6894097785720554 2.6803643127944654 4.4675708654614068 250 255 254 1.6066794739809365 5 1629 12 2294 19 1566 1 970
1801 2.176974377720974 0.76632631035585552 5.5883466513180409 44 51 58 1.1878062385572072 16 1187 19 1574 15 1732
1803 -1.0504601201100203 3.2845551458175404 3.8843762504486885 209 221 225 0.5674580301482115 6 1258 20 1428 19 1620 2 1642
1804 -1.2049892408917797 2.0594083202802258 4.8614486454928647 250 255 254 1.2840563042614686 22 1363 19 1629 7 1891 14 2262
1805 -1.2077323011364238 2.0615437909962031 4.8687254953006471 250 255 254 1.4422381237290092 22 1364 19 1630 7 1890
1808 -0.0031428613217542689 2.8292932411659497 4.4073894846435406 250 255 254 1.6931228258602449 5 1860 19 1700 7 1881
1809 3.1311903797750524 2.7234031479790675 4.3795250840389697 81 95 97 1.7081780148601837 3 1660 19 1740 7 1900 17 1888 15 1861 18 1638
1811 -1.30663344991927 3.192790615730853 4.045527467220098 158 170 175 1.5770338387887115 6 1333 19 1745 7 1931 13 1816 14 2281 2 1746 17 1836 18 1603
1812 1.5770176633556838 4.0119363591322834 3.4092364675741211 158 125 127 1.8490032666245302 3 1674 6 1326 7 1902 13 1811 14 2236 17 1885 15 1855 18 1637
1820 -0.070832376304257039 0.89821947297361604 5.1226889360336321 134 136 174 0.45850238307875674 8 1185 4 1109 20 954 6 754 16 816 19 1313 9 78 5 1088 21 78 7 1594 13 1472 14 2051 2 1177 15 1742 18 1426
1821 -0.30699764508071758 4.0455750904426768 3.4278665044906291 108 136 114 1.1175197137687709 22 1305 3 1531 19 1368 5 1598 20 1213 6 968 7 1649 13 1402 14 1889 17 1463 15 1564
1822 -0.039904986618941977 0.94023634787738641 5.0949880248337438 128 147 173 0.31608993111111222 5 163 6 127 19 877 8 469 4 691 7 1293 13 1154 15 1477 18 1260
1823 2.3664897460073098 3.1073102075276688 4.1746741087875616 129 128 127 1.129884357638717 3 1596 9 1501 19 1614 16 1356 4 1857 5 1798 1 1080 20 1393 6 1178 21 1440 7 1796 13 1694 18 1586
1825 3.1311903797750524 2.7234031479790675 4.3795250840389697 81 95 97 1.7081780148601837 3 1661 19 1741 7 1901 17 1889 15 1862 18 1639
1826 1.1065274813139063 4.267669273926078 3.249132330521912 198 163 142 0.35658023692217278 6 229 7 216 14 754 2 193
1827 1.8024780279450445 3.8077775890010619 3.7459051710458722 156 160 160 0.43524378497932309 6 98 7 233 13 767 14 1192 17 785 15 1255 18 308
1828 1.8011673808722002 3.8070447568006909 3.7448376652252287 156 160 160 0.32128965894455352 6 99 7 234 13 766 2 178
1829 1.7421045206349535 3.8329955507378162 3.7374085416201108 164 164 164 0.31331929899014394 6 117 7 244 13 255 14 1196 17 777 15 997
1830 1.6201751870219849 3.8665409068503025 3.6661068866090023 163 161 161 0.2936479048361586 6 138 7 246 13 224 14 777 2 186 17 763 18 269
1831 1.5735536334552644 3.880700324046706 3.6565410750982985 155 158 156 0.26745720660753503 6 153 7 255 13 225 14 780 17 761 15 976 18 263
1832 1.5404679747025192 3.8949951208503379 3.6500658772274179 163 157 157 0.28568454606634563 6 162 7 259 13 226 14 781 17 759 15 973 18 259
1833 1.4629688230038975 3.9344331636901386 3.6649601107003771 93 94 97 0.22259404497943996 6 185 7 270 14 784 17 158 15 624
1834 1.4248456214657321 3.9372273204963957 3.6541580855745255 94 96 98 0.2742383837104177 6 191 7 271 13 237 14 786 17 154 15 620
1835 0.94715164649095451 4.1271186585477242 3.3504434215207919 132 89 80 0.6625777347617573 19 189 7 272 15 44
1836 1.0140228924072672 4.0863200830844875 3.5765131775805199 68 68 74 0.34675847403465809 6 228 7 293 13 245 2 254 17 737 15 963 18 166
1837 1.0140833032416832 4.0872990677153194 3.57714031501787 68 68 74 0.36578541823745536 6 227 7 294 13 244 14 1216 2 255 17 736 15 962 18 165
1838 0.94838005093475619 4.1065271461033728 3.5622311573744545 62 62 64 0.43649887339811394 6 567 7 298 13 249 14 799 2 262
1839 0.79143076129718815 4.1511975504701963 3.5566714883048465 155 154 154 0.57526130938251474 6 253 7 315 13 258 17 113
1840 0.65639985996209615 4.2201692805524171 3.5439892237279085 88 74 81 0.63127840883999864 6 262 7 319 13 264 14 810 17 101 15 128
1841 0.30708592561873921 4.3010914619586114 3.4599980954534804 93 57 61 0.5875624039010573 6 289 7 333 13 772 14 1226 2 306 17 694 15 951
1842 1.519976074314239 2.2794973824140761 4.712543554749435 96 110 114 0.99244673556225804 1 366 8 129 7 375
1843 -0.37881773732098106 3.6566537763928819 3.6895528865235381 230 233 223 0.21455584833317817 3 161 7 386
1844 1.0921660295571372 0.82827630140716335 5.2161150485394598 243 253 254 0.67669243332419993 6 9 7 493 13 894 15 731
1845 -1.2270250861250813 3.1587417429672926 4.0512173960918592 110 113 116 0.3915444660661393 6 387 7 500 13 421 14 1279 2 600 17 264
1846 -1.2270874897765482 3.1586803526512233 4.051313574617196 110 113 116 0.44264248825580105 6 388 7 501 13 422 14 1280 17 265
1847 -1.2189939893351684 3.1502717807523801 4.0669196827141736 200 207 201 0.37325882321393439 6 382 19 405 7 504 13 879 14 1590 2 603
1848 0.62984077548925688 0.8373748752227117 5.2120528918924478 216 255 255 1.0555013109711253 19 866 13 498 15 1315 17 974
1849 0.69614333537469997 0.62800469388456859 5.254876895983962 255 211 230 0.38617824751909163 8 314 7 537 17 547 15 788
1851 1.6528511275486162 3.8658425100201743 3.6895133322242288 62 62 66 0.35961326467780552 6 135 7 832 13 230 14 1194 17 770 15 989 18 279
1853 1.5246372197680929 3.9018558372807237 3.6733897759687664 70 69 75 0.1886019314034264 6 519 7 840 13 232 14 1202 2 201 17 764 15 987
1854 1.4793034797941254 3.9499761572590373 3.6473605564135312 157 160 163 0.38358662997901494 6 528 7 841 2 793
1855 1.0044460560460384 4.056011027344935 3.4473868252688988 105 57 41 1.48149703738677 19 722 7 848 18 1310 5 1168
1856 1.2764938753168249 3.991455991928424 3.6257404784842917 71 70 77 0.35797415991813586 6 197 7 850 13 240 14 1207 17 752 15 974
1857 1.2256073116631148 4.0134599501703718 3.6141324414644451 73 72 76 0.50908027295382685 6 541 7 853 13 751 14 1209 2 236 18 766
1858 1.1415954162928565 4.0374123426870794 3.6546442771844636 69 44 49 0.63223758786239792 6 551 7 863 13 268 14 800 2 809 17 755 18 1203
1859 0.902359500266812 4.1318611163454309 3.5580983166972744 78 77 85 0.55645175488949405 6 570 7 871 13 764 20 175 14 1527 2 267 17 1116 15 1240
1861 0.7983155933871493 4.1491561579081839 3.5324061554407269 71 74 75 0.51364677353108268 6 577 7 878 13 761 2 281 18 704
1862 0.79130964713997798 4.1370019074127793 3.528942972173017 71 74 75 0.42469704214261855 6 578 7 879 2 282
1863 0.31897816061685047 4.3221712564100923 3.4351415162449599 185 156 156 0.33599071055706997 19 728 7 890 14 1225 15 946
1864 -0.34074863969382674 3.9810277034571095 3.2784339262449809 98 121 113 0.74636669160892199 4 1049 7 906
1866 1.5021791706475671 2.3213320222984537 4.6851095710448565 113 120 124 0.1458638690439838 20 106 7 925
1867 -0.72449836370373089 3.7909658624080604 3.5866214557365539 116 120 94 0.25627485087874996 19 767 7 941 17 116
1868 -0.72863436135582327 3.4826357755558308 3.7517975956511895 235 254 250 0.32026276087035888 6 655 7 958 13 834 14 1257 2 888 10 1481
1870 -1.030037486306639 3.379825196912678 3.8303598753510619 119 124 91 0.63619997128946715 19 787 7 968 13 849 2 918 21 969 10 1119
1871 -1.2467932364470151 3.1663450377679938 4.0645257651919806 184 192 193 0.44685021472188136 19 407 7 996 13 880 14 1592 2 968 17 831
1872 -1.2469382019791282 3.166949789178557 4.0651288494846334 184 192 193 0.54345258009381525 19 406 7 997 17 832
1873 0.80461083598674199 0.7929068781977876 5.2235780324877457 158 216 255 0.66990063668054267 6 33 7 1004 13 903 15 1313
1874 0.70800661680703303 0.79846931422670864 5.2208774859615525 223 254 255 0.44707421131133085 19 868 7 1014 17 984
1875 0.67598341469306122 0.8162745330709319 5.2103557657064412 219 252 255 0.44411802986974064 6 42 7 1015 13 910 15 1314 17 979
1876 0.72917946684493351 0.64641090022322789 5.2525064299003512 255 223 247 0.33143819479967612 19 887 7 1018 17 1248 15 1331
1877 0.68873143709504825 0.60508843739786444 5.278085153083552 208 89 119 0.46037664867785372 19 559 7 1029 13 538 17 1255
1878 0.66984313164583131 0.58239380320701717 5.2796705683037723 255 212 236 0.72552087969619616 6 30 7 1034 13 947
1879 0.65582018019664878 0.58381940279445932 5.2898832647169227 193 86 122 0.57200192039967157 19 575 7 1038 17 1256 15 1342
1880 0.63091224970269522 0.48021032987222684 5.3851318049918406 227 255 255 1.7053239598487917 8 328 7 1052 15 1152
1881 0.59743720649337684 0.48495556783523569 5.3668539159772584 229 255 255 0.54983062525461268 16 35 7 1053
1884 -0.082664427112667277 0.85815358788214136 5.1595713370772458 45 106 169 0.55237116339994885 20 361 7 1088 13 955 14 1657 2 586
1885 -0.16135744747937095 0.89564583523051433 5.1383125035038457 43 91 154 0.53601762423456256 20 393 7 1093 2 605
1886 1.4585683967502103 4.1354304968865101 3.3198912224714556 239 225 196 0.6705863236742563 6 767 7 1160 13 1021 14 1493 2 782 15 1409
1887 1.047091071678165 4.0532900550128099 3.384997264214094 255 246 209 0.89439143517907616 19 991 7 1177 15 1201
1888 0.9758507075985835 4.0804929328618398 3.371205249479722 254 249 220 0.47580321636050665 19 711 7 1180 15 928
1889 1.3101412975344349 3.9879563940768543 3.6897856166409664 68 46 56 0.099138873409071099 6 770 7 1186 2 801 17 1128
1890 1.1645160739398182 4.0438632428110957 3.631307199779084 176 173 172 0.35259395039409597 6 772 7 1188 13 1052 2 806 20 144 17 1336 19 1008 15 1435 18 1056 18 1199
1891 1.2282492037035793 4.0315961616620353 3.6737166538855193 64 48 50 0.67650884204154471 6 542 7 1189 13 776 2 805 17 760 15 633
1892 0.86059888911333327 4.1212320344818023 3.5212489832702665 146 154 154 0.39194904908246953 6 573 7 1197 13 743 2 264 17 1111 15 1233
1893 0.63953262507786923 4.2048168230012815 3.5066344607452105 148 158 161 0.42007219704900151 6 592 7 1200 13 1047 14 1532 2 820 17 1103 15 1234
1894 0.44403065368106159 4.2623765108182514 3.4425580743968149 179 172 177 0.45369629451101179 20 933 7 1204 13 1255 2 823 19 214 17 1315 15 1222 18 1005
1895 0.49113143815350335 4.2632225185713812 3.4807665747177925 152 158 158 0.22760569152432497 6 800 7 1206 17 1095 15 1427 18 677
1896 0.37896382174351839 4.3016277936296996 3.4609626115022123 175 182 183 0.42676059319017967 19 729 7 1209 13 1050 14 1743 7 1394 2 1078 17 1090 18 671
1897 -0.52604164026853695 3.536713835891153 3.8711979116208544 194 204 196 0.25654617570564081 19 781 7 1241 13 344
1899 1.0349606466228531 0.90736770926972499 5.2703468417613966 12 87 162 0.81429763143329148 6 882 7 1261 13 1319 14 1933
1900 -1.4493059829640444 3.2327577995065511 4.1020753107616272 137 141 134 0.5639162891669216 6 405 7 1269 2 988 17 837
1901 0.57459009923844917 0.88228526928675632 5.1818195704475549 196 235 255 0.37516336989092069 6 469 7 1275 13 909
1902 0.66028841594409948 0.45652065431945921 5.3824078643470639 20 164 242 0.30777805085597687 16 500 20 196 7 1287
1905 0.27982956940591625 0.52558839675761404 5.3344137444353636 11 180 232 0.18410954973309612 20 287 7 1308 17 1428
1906 0.27982956940591625 0.52558839675761404 5.3344137444353636 11 180 232 0.18410954973309612 20 288 7 1309 17 1427
1907 -0.13174587194636569 0.84630529089154205 5.158083617595338 58 85 116 1.3530258687509653 6 136 20 385 7 1323 14 1659 13 563 2 965
1908 2.1002152463882782 4.0312311320602801 3.5305413264438452 203 67 68 0.79978489889680715 19 979 7 1371 15 1211 17 724 18 240
1909 0.34205588617737887 4.3278818328412116 3.3330029286688361 167 11 20 0.26553463380282988 19 1193 7 1392 13 1246 14 1735
1910 0.37577374069021757 4.2802961636695045 3.3903822806899839 144 35 41 0.41377563545046153 6 804 7 1393 13 1043 14 1739 2 824 15 1551
1911 -0.010720754409489145 4.2453063235112518 3.527663455865119 65 66 72 0.96324208622657381 19 1016 7 1405 14 1543 13 1059 2 1090
1913 -0.73441666667524019 3.3542921318182159 3.8214114389105776 192 177 131 0.62340127255274491 19 1231 7 1436 13 1294 6 976 14 1769
1914 1.3571749186422051 1.1610396702641115 5.3650164663490454 129 137 152 0.78547646330426035 8 1109 7 1442 15 1294
1915 0.76490530525308942 0.58999575982968766 5.2970696668560109 184 242 254 0.46122548306717098 19 1324 7 1458 17 1546 15 1685
1916 0.33060266296583918 1.5642142572250899 5.3837071724990757 64 77 91 1.2478977713654091 7 1459 2 933
1917 -0.27255371238203691 0.8440265467737208 5.1446783330843466 117 145 170 1.0366494436516096 16 823 7 1482 13 1362 18 1263
1920 1.183765259609485 4.1661473714374804 3.2982256908193084 176 149 116 0.54786110389164067 11 2107 7 1507 13 1240
1922 -0.25499607873878416 4.1457576985314475 3.3658745869500097 211 241 233 0.97442344337242215 6 1052 19 1204 7 1524 13 1399 18 1301
1923 -0.68358854645038702 3.8257902117900859 3.5616701510530913 221 236 231 1.0558980511428233 19 1376 7 1542 13 1414 14 1901 17 1474 15 1577 18 1367 10 2101
1924 -0.19296202606023219 2.6254243483894513 4.5450286022780073 249 255 251 0.49094703888264374 21 1195 22 1130 7 1570
1925 0.63534488317001991 0.6772316985903154 5.2451434044614826 249 192 212 0.51782353464584785 6 1021 19 1428 7 1581 13 1559 2 1412 17 1638 15 1744
1926 0.15782864449035647 0.93799131302761096 5.1104540268131062 0 187 250 1.1680363633447879 19 1418 7 1588 15 1674 17 1527 18 1483
1929 0.29502006539582665 4.3164487698318768 3.3861887314869006 164 31 31 0.92023508746132821 6 1047 7 1644 13 1391 14 1993 15 1552 18 1174 17 1307
1930 0.56654284446738423 0.87652925861598963 5.1935500273981718 219 250 253 0.37944798764771853 6 1022 7 1676 13 1557 17 1701 15 1736
1931 -0.023849520056939664 0.91497434357414065 5.1160367317977196 250 255 254 0.92960457360553073 6 1029 19 1424 7 1683 13 1565 2 1293 14 2043 15 1793 17 1628 18 1482
1932 -0.088259801389473619 0.94041219632527329 5.0951049066356688 249 255 254 0.11411939917694498 19 1422 7 1684 15 1740
1935 1.4770851327643446 4.0989107047631848 3.337061974542384 175 167 153 0.81930775397741584 19 1552 7 1720 17 1667 18 1508 21 1453
1936 0.495396707843754 4.2609726171111078 3.4749237570770357 160 164 163 0.49181523548905692 6 1209 7 1726 2 1552 15 1720
1938 0.3737680641000885 4.3019786460833638 3.4510257189140132 179 182 185 0.32601765789895182 6 1045 7 1730 14 1994 17 1735 15 1718
1940 -0.025299731487193406 2.9174152735260197 4.374047729804853 252 255 254 1.413971887081459 19 1403 7 1743 13 1308
1942 0.75184642401316282 0.79759456834021014 5.2208786471437438 249 255 254 1.0045464083787967 6 1109 7 1753 13 1636 14 2182 2 1507 17 1776 15 1792
1943 0.61591322658259029 0.85724805855157393 5.2011712836122932 221 250 252 0.99867005192315161 6 1111 7 1754 13 1637 14 2184 2 1510 17 1775 15 1789
1947 1.6806589938938528 3.8528241917182506 3.7113517313033291 115 120 125 0.39852790475431588 6 1236 7 1794 13 1604 14 2152 2 1541 17 1747 15 1780
1949 1.1612113281100636 4.038185480209858 3.6099721163485801 138 143 148 0.57413574692619429 6 1197 19 1559 7 1799 13 1607 14 2158 2 1545 17 1744 15 1774 18 1514
1950 1.0422042113768524 4.069195026588952 3.5879320309081764 148 153 158 0.67520516079727944 19 1560 7 1800 13 1689 14 2160 2 1546 17 1742 15 1772 18 1512
1953 -0.36574296804097706 4.5553024171834533 3.1871024503773784 93 109 106 1.4307424531547446 19 1604 7 1809 13 1601 18 1446
1954 1.4032854682655098 0.99276996545024454 5.4612836822525352 252 255 254 0.75147529680266867 8 1628 16 1328 7 1817
1955 1.4032854682655098 0.99276996545024454 5.4612836822525352 252 255 254 0.75147529680266878 16 1329 7 1818 8 1629
1959 0.58810861496823053 4.2791940505167645 3.2509724748610682 207 124 114 0.76987243305779796 19 1655 7 1841 13 1684 6 1245 14 2153 2 1547
1966 -1.1231327233162547 1.8951647094843203 4.9875315171799297 46 62 72 0.16106523498166908 19 1751 7 1924
1967 -0.42920521673677658 4.0792088850474792 3.4083793509649145 164 186 173 2.0549232125734718 23 1703 7 1929 13 1847 14 2288
1968 -0.018752298406950117 4.1519735720665398 3.6865967593889346 252 255 254 2.3790491791250794 6 1344 19 1760 13 1849 7 1942
1970 1.3614996253034697 1.0415379890388878 5.3879362804746584 252 255 254 2.0177143905929915 6 1321 19 1794 7 1948 17 1914 15 1901
1971 -0.29378399370262576 2.915401213290187 4.3406992013219119 114 126 126 1.626796469790704 19 1786 7 1957 13 1865
1972 1.2654803174479383 3.0353951707352413 4.3543505727358394 252 255 254 1.3674634029133914 6 1370 19 1809 13 1862 14 2301
1974 1.1068404198994033 2.8099615065152368 4.6387323659693616 252 255 254 0.87360984892922877 6 1382 7 1974 13 1882
1975 1.1907643418825642 4.1143464762343527 3.3287972970126734 239 206 162 0.33033563326805854 20 651 6 207 7 223 9 807 19 162 18 79
1976 -0.8172660522986237 3.2436870370688777 3.8997864040975032 249 255 247 0.38580710635371468 9 308 22 568 5 1212 21 697 19 371 7 965 8 1242 20 827 3 36 13 369 14 882 2 472 17 813 18 789
1977 0.089939786605658684 2.162708870345972 4.8172874850073226 254 255 250 2.2435294283169043 3 1619 4 1842 6 1310 7 1917 16 1367 21 1446 1 1120 20 1450 19 1706 21 1475 13 1819 2 1677 12 2362 15 1866
1979 0.34956160300158612 2.0515866365399509 4.8685822468165494 201 204 201 1.8683045767237962 16 1389 23 1621 3 1588 4 1844 6 1305 21 1442 1 1088 19 1666 7 1884 13 1794 14 2259 2 1705
1980 1.4031092250919637 3.9308111659739198 3.4469478151400073 252 151 132 0.91279993871886578 9 1430 23 1597 22 1298 3 1542 5 1647 1 765 20 1275 7 1641 12 2344 6 1130 13 1520 14 1877 2 1363 13 1388 18 1451
1981 -0.0707921455936915 0.89819686808441446 5.1226101858795525 101 105 134 0.47646601066414351 8 1186 4 1110 7 1595 9 79 5 1089 21 79 19 1314 16 817 20 955 13 1473 14 2052 2 1178 15 1743 18 1427
1983 0.78395377074345363 0.62518475994335021 5.2679378065641922 208 243 255 0.99193888913463446 3 1191 8 1329 4 1550 7 1578 11 864 16 927 5 1271 1 351 19 1433 9 616 2 1126 17 1642 15 1679
1984 0.7464817683426298 0.61762337262184164 5.2628085429476137 159 134 182 0.7720961392743696 3 1003 8 1331 4 1547 7 1455 8 1143 6 714 19 1318 5 1035 2 878 17 1542 15 1681
1988 1.5540365967244782 3.9664489974167862 3.4041317223245553 122 105 110 0.31657484120430024 6 522 13 164 14 742 2 165
1989 1.0050852687235803 4.0514560905131924 3.3742774909820201 151 119 81 0.29580207805089737 20 150 13 192 17 36
1991 2.0419353266362599 3.6503607702036311 3.6843437338710463 83 20 21 0.35008724495161037 6 74 13 214 14 756
1992 0.3206385740001918 4.3717239483390058 3.354249106280593 164 12 23 0.20378661751639693 6 608 13 215 14 164
1993 1.7258036717509084 3.8251628296094466 3.6593499097634417 118 51 56 0.59195242069921572 20 60 13 217 2 173 17 165
1995 1.7769632345336632 3.8338993169060083 3.691370237856479 164 156 154 0.63572441214920006 7 225 13 223 17 172 15 622 18 289
1996 0.52259281732035734 4.2341841266726723 3.4499394734900446 173 149 151 0.44134393209906947 7 320 20 254 13 229 2 295 17 60 15 588 18 71
1997 1.4847261604438995 3.9205159260533744 3.6656450115960109 84 96 103 0.35255417282538543 6 174 7 265 13 233 2 210 18 256
1998 1.2757421485423257 3.9908770060519299 3.6256407540433253 64 63 66 0.35093722110285175 6 198 13 241 14 1208 17 753 15 975
2000 0.9862978690836498 4.0927050582550146 3.5704737557765363 51 53 61 0.43165389319867753 7 867 13 246 14 1217 2 257 17 732 15 960 18 157
2001 0.98633898675073006 4.0899597217671095 3.5693414555115628 51 53 61 0.38814372630154942 7 866 13 247 2 256 17 733 15 961 18 158
2002 0.94732276678764693 4.1042485401985465 3.5606505669538104 52 57 64 0.40672272426473377 6 566 7 297 13 248 2 261 17 729 15 609 18 148
2003 0.91586800048195049 4.1036852080086472 3.555263423902864 52 57 64 0.33968754541100815 7 869 13 250 15 958 18 718
2004 0.91429217679340402 4.096556594502573 3.5551644300319585 52 57 64 0.32729014476093393 7 870 13 251 15 959
2005 0.87705617615401943 4.1307453407328607 3.548770432693459 56 61 66 0.47823718332414594 7 302 13 252 14 801 2 273 17 110 15 605 18 129
2006 0.87705617615401943 4.1307453407328607 3.548770432693459 56 61 66 0.47823718332414594 7 303 13 253 14 802 2 272 17 109 15 606 18 128
2007 0.91794015851515465 4.1316387838707289 3.6123991835204872 70 43 48 0.37838335984934485 6 244 7 877 13 269
2010 -0.62588581368405327 3.9525397900130752 3.4883822558024429 89 104 80 0.34993086203105234 7 383 13 302 10 1223
2012 -0.8901586186523569 3.371403442123341 3.8136877716061695 210 224 224 0.3095460307527339 7 439 13 359 2 467
2013 -1.1808194487027253 3.1819755924376851 3.9725586153457106 213 210 211 0.35055162780580612 6 381 7 491 13 406 14 1267 2 562
2014 -0.84725607995024821 3.0848802813659963 4.0877812284740829 207 215 195 0.4301910135491761 7 472 13 410 14 901 17 838 18 817
2015 -0.86469924462578152 3.0842697710891569 4.0841638450447935 127 123 70 0.55661481659283629 5 505 7 477 13 411
2017 -0.19182720747210538 1.654859336329388 5.1590443010282048 235 251 255 0.41764292092595123 6 216 13 484
2018 2.1034434166699896 0.45089474176723254 5.7653268543376157 136 143 147 1.1177770552110717 7 972 13 504 2 835 15 1119
2019 0.085157496902249358 0.93003023763281301 5.1204657104917288 57 100 141 0.29518372746743615 7 575 13 532 14 1008
2020 0.068851404539495037 0.93102300018969109 5.1228342166795917 127 187 231 0.29841480033245221 7 580 13 535 14 1353
2021 0.62940791032403609 0.6355825659381209 5.259912068507238 174 87 116 0.50187456666543762 7 1032 13 537 17 1250 15 1336
2022 -0.031625708054514701 0.82861731230869606 5.2021230060986348 17 73 117 0.15880919386557535 6 110 13 564 14 1399
2023 -0.09985214693742113 0.81571137043472675 5.1932941106050059 114 125 143 0.51356530662957156 7 651 13 575 14 1412 18 565
2024 -0.13342065226996291 0.81718907572839294 5.1837750279834953 125 136 153 0.3350332079389976 7 660 13 582 14 1428 18 927
2025 -0.72593079047959563 7.0868208256901628 1.875852881707224 197 139 92 0.80193112714597714 19 922 13 634 2 818 6 685
2026 -0.89974070983017884 7.0515959729997268 1.9329349074222786 62 73 69 1.8945803746459142 6 995 13 645 14 1161 2 1074
2027 -0.83967707396475344 6.9397072816200396 2.0167806135386854 109 28 4 1.6896905408180185 19 33 13 655 14 1169
2028 1.6468070857194734 4.1198300372829415 3.3314658499734042 52 50 57 0.29245116061648235 6 758 13 692 2 777
2029 0.36307147732594325 4.2783082537422654 3.3554715112862263 194 70 69 0.52463904557979346 7 885 13 729 14 1220
2030 1.6893467183274309 3.8633900637998706 3.6539507782992713 107 34 41 0.81945432634786786 6 505 13 732 14 774 7 230 17 762 15 968
2032 1.0968566914469811 4.0602668197474916 3.5913532631341374 63 69 77 0.22774941976884278 7 860 13 754 14 1213 2 247 17 742
2033 1.8738073101795312 3.7975284729651158 3.7565627837594917 200 194 191 0.33285119750419007 6 88 13 756 17 792 15 644
2034 1.3805040079066222 3.9523093554602209 3.6490680157193043 72 82 87 0.27620801177964605 6 534 13 757 14 1206 2 220 17 757 15 979
2035 1.3805040079066222 3.9523093554602209 3.6490680157193043 72 82 87 0.27620801177964605 6 533 13 758 14 1205 2 219 17 758 15 980
2036 0.31783684610232055 4.3157461450071768 3.4348868606029952 176 139 136 0.25806876319366856 7 889 13 762 14 1224 2 302 15 947
2037 1.6347051198015108 3.8675579530402877 3.7119047863958796 151 158 162 0.081423396569186915 6 510 13 768 2 192
2038 0.83933812029706201 3.8668989851289726 3.5330853430473401 137 143 147 1.8408776441706154 2 260 17 730
2039 1.0885337898352709 4.0616538709173611 3.6470337160441355 75 52 56 0.84360747567185035 6 774 13 777 2 810
2040 1.0395652588669677 4.0592569659830113 3.6354514944308858 67 46 52 0.49540564312933333 6 778 13 778 2 1063 15 1251
2041 0.059631111185998072 4.2227424377569145 3.4371895366903242 35 52 53 0.27557719395790575 7 1216 13 780 14 1537
2044 -1.2546972842664117 3.2063089903323205 3.9921879710780224 209 213 216 0.45724148902890299 7 989 13 869 14 1272 2 954 17 242 18 265
2045 1.0958728193168972 0.80495029279370411 5.2508817104278389 235 254 255 0.72791301649292917 6 8 13 897 15 1066
2046 0.72546281515299516 0.8380694938208556 5.2100068793748635 194 223 250 0.6047517078688035 6 41 13 904 14 1600 15 1310
2047 0.060052593262723337 1.0997639683492448 5.0512732678924612 224 249 255 0.21923521687719122 6 125 13 913 14 1618 15 1065
2048 0.64712139489392073 0.82152737702592837 5.2062634854536132 213 246 255 0.618705751385764 7 1016 13 915 2 428 14 1604 17 977 15 1472
2049 0.59096214561199323 0.84360933716865538 5.2060752631290228 224 255 255 0.54589891456709383 19 1104 13 919 14 1306 2 443
2050 0.097241269179384429 1.0496442681971343 5.0633787517892372 209 250 255 0.45825158634886654 7 1046 13 920 17 929 15 1303
2051 0.073101095789655138 1.0633179270476223 5.0616189783870897 215 252 255 0.4225772308879811 7 1047 13 921 14 1619 2 524 17 928 15 1304
2209 -0.63828420219271498 3.5778821572340034 3.6926207382792122 104 135 123 0.85539448110133409 9 1344 23 1453 3 1444 21 1287 1 998 20 1313 6 1066 19 1383 7 1659 13 1418 14 2007 12 2211 8 1610 11 1907 2 1501 17 1482 15 1581 18 1377
2210 0.10259987587754887 0.86408280923995495 5.1502503468841718 138 146 176 0.676232053117929 16 557 21 562 1 383 20 949 6 743 14 2039 8 899 4 725
2211 -0.51322651581097423 4.1219894337211782 3.4071446287185307 109 117 76 0.3508738164251069 13 286 14 264
2468 -1.1994049055914082 3.1404062660965772 4.1612070649216442 178 168 163 1.7306469302659162 17 295 19 1078 18 331
1359 1.0101762703011752 4.2280492266102803 3.273007026077237 104 66 48 0.54560277942666002 3 378 12 1645 11 654 5 375 4 365 22 357
2212 -0.63196159919161632 2.8587942423300174 3.6624723571367048 57 58 50 1.845130245280878 13 832 14 848
2213 -0.62658368378592422 4.0831217358435206 3.4356290991381084 143 135 106 0.22212477902502203 13 1273 14 1897
2216 1.1221656476947011 4.0532217440988161 3.5719777804597661 153 151 154 0.33849517766830345 14 1522 2 242 18 743
2218 0.83658672954067348 4.1296655660581489 3.5406911448541152 73 79 81 0.019506463049200735 13 760 2 278
2475 1.5538229262116443 3.8941606520204788 3.6776073491531029 61 52 51 0.14463164980823009 17 1127 19 240 18 792
1366 0.54567208513223298 4.2972961037893391 3.241641032091005 195 53 40 0.7224828450562224 12 1243 8 815 5 896 23 377 22 401 11 1120 21 313
2222 0.12475432897951122 4.0708278744942854 3.6623427638296784 107 118 128 0.15624525202051212 3 1234 2 838
2223 0.11821462048397346 4.0547889947804583 3.6559472480636708 107 118 128 0.34730811186020516 5 1508 2 839
1939 -0.3833562604083694 3.7377409287135324 3.7179866489836857 215 222 216 0.60968774776835477 8 1652 7 1737 14 2001
2480 1.7829734549280518 3.8044027235584843 3.7134925023877794 96 80 73 0.3223481711923577 17 1140 19 243 18 1079
1371 0.066171931151090144 0.62672383056084946 5.2673197775832179 113 252 255 0.61774632751015046 16 547 21 44
2224 -0.49087177735961141 3.7618074713720406 3.5834736927428121 102 123 121 0.39320154446812711 13 1071 2 863 17 739
2225 -0.81335475727561379 3.5619266997612908 3.7072528427246603 101 120 113 0.21320540933486373 13 829 23 1035 2 890
1687 1.5250092716412766 3.9016672450082206 3.6737602541842445 95 86 81 0.24316080299646664 20 99 6 518 7 839 13 231 14 1203 2 200 17 765 15 988 18 790
2228 -0.81400802532803418 0.95975774204916464 5.3518535766703526 140 159 182 0.94720114134648437 6 576 2 1021 17 1000
1692 0.78744816994293199 4.1560577841147337 3.5085121842158546 197 187 178 0.53129284917272579 20 191 6 579 19 219 7 873 13 744 14 1526 2 279 17 1108 15 1232 18 703
2233 -0.94449733338723108 2.1234628641116085 4.8639801993588154 123 133 145 0.63884015784795756 6 961 20 1248 2 1187
1701 1.3316579615730566 2.7733165947121057 4.7377662775228249 158 148 144 1.9575126934414513 9 935 6 738 13 866
2242 -0.7965491786111577 6.9095177608701794 2.0261647019635904 207 124 41 0.58353540973907714 6 1156 2 1482 19 1458
2243 2.095379873204986 0.70851534165488417 5.5969406605698779 137 146 144 0.91573421059365534 7 1746 2 1488 15 1787
2247 0.68328838695173777 0.66944867493519256 5.1936690892408839 0 108 190 0.38136196410486889 13 1640 14 2218 2 1566
2248 0.28155824965606535 0.57337136815526135 5.298742994450496 228 249 249 0.51576200749300705 6 1182 2 1584 17 1817
2249 0.28155824965606535 0.57337136815526135 5.298742994450496 228 249 249 0.51576200749300705 6 1183 2 1585 17 1816
1712 1.5214317880759998 3.9155931421469559 3.7107146588283602 179 166 155 0.55143884181998581 20 895 6 922 7 1382 13 1256 14 1733 2 1057 17 1341 15 1442 18 1211
2253 -1.3159497260248723 20.384810408393086 8.7813068677864621 85 24 16 2.7228721607765705 16 1320 2 1654
1714 1.1512500490316655 4.272567122533979 3.2274869328312166 93 57 43 0.85708520202451 20 1185 6 933 7 1505 2 1054 6 779 18 1305
2255 0.71420129442956692 4.5121174364746404 3.1104943143908232 46 51 52 0.49257480487149002 6 1313 13 1772 2 1694
2258 -0.39261342736506222 4.121766187520203 3.3776449744773385 148 178 165 0.85850352284328912 6 1367 2 1758
2259 -0.67669577522860114 4.3078180686737353 3.4637046492715284 33 41 39 2.3576249558161444 6 1369 20 1523 2 1760
2260 -0.0083078098542642941 1.9435452761966721 4.9933114385015873 0 0 0 1.1972877546626082 5 1900 16 1446
1720 1.4887311735743924 2.2992579903793904 4.7124334219648789 252 255 251 0.10118056349822582 4 1591 6 1024
2261 -0.2762425607787492 3.9299009724019416 3.719916831153709 0 0 0 1.078616385897216 1 1198 20 1542
1721 -0.13517422365438406 0.8660468848775783 5.1528713815362188 113 156 182 1.1106155194626408 20 1208 6 1033 13 1656 19 1526
2262 1.6830748285728396 4.040588401183614 3.3705165449618177 190 108 110 0.81556723811189169 23 1409 22 1032 3 1292 8 1287 4 1600 16 802 5 1119 1 419 20 625 6 150 19 676 13 142 14 734 2 149 12 2251 11 2050
1722 -1.2482340323181951 2.0429093040259914 4.8679130339782759 252 255 249 0.2729198901690611 20 1253 6 1063
2263 0.94609463826719109 4.0635474337479174 3.4008240174835835 113 71 51 0.72981943572882846 5 1172 1 457 2 238 6 235 13 200 17 1082
2264 0.902359500266812 4.1318611163454309 3.5580983166972744 52 51 56 0.55645175488949405 6 571 7 872 13 765 2 268 14 1528 20 174 17 1117 15 1239
1724 -1.2947561902684714 3.2169872143279439 4.007495954999138 196 192 182 0.59408787401252294 20 1252 6 1092 19 1250 13 1440 2 1439
2265 -0.70942300456708296 3.714856940111205 3.6218210082326023 89 123 116 0.64936032747910866 7 1427 13 1078 14 1556 2 1120 23 1044 11 1022
2266 0.45452829423386193 4.5373230144566339 3.2313227671307052 200 38 47 1.7922070169030591 6 1046 7 1511 13 1385 2 1369 9 1440 21 1419 1 990 20 1286
1726 0.35512415880790099 1.9837947497391892 4.8832776709650174 254 255 251 1.0460310174978871 20 1289 6 1127 13 1630
2267 0.024097588459591774 2.1347395812607832 4.819197477555015 252 255 248 1.824727832390336 3 1460 14 2181 2 1516 8 1167 14 1931
2268 -0.67210641449542385 3.6976945505373919 3.6179293493542568 102 151 131 1.0553357128298295 8 1567 21 1364 1 1010 6 1148 19 1486 7 1741 13 1614 2 1564 9 1420 22 1339 20 1376 18 1369
1728 0.16065832879673894 4.2939045423036468 3.3582780665761227 71 50 46 0.7567086829258125 20 1198 6 1141 13 1602 7 1805 14 2093
2269 -0.63238211491216456 3.638051436973873 3.6544478474075937 160 162 159 1.3452749377707525 11 1909 23 1530 3 1447 8 1565 5 1697 1 1002 2 1499 12 2213 3 1517
1985 0.39985855717776109 2.4804294157907818 4.7087888794056747 252 255 251 1.4535093712139795 6 1378 8 1764 20 1540 13 1876 1 1197
2526 0.37388043997266035 4.2971513435585109 3.4518585238329162 169 167 166 0.59958336245713717 20 1369 7 1729 18 1506 17 1734 15 1719
1417 -1.6020278195873037 17.909674895264587 34.315684436255836 149 52 47 2.8707743828899712 4 1487 21 1249
308 -0.85252135614636604 3.297955636774097 3.8620640642595498 170 169 146 0.49693208154807406 9 323 22 130 8 647 16 421 21 712 20 833 2 473 17 215 18 783 10 1103
1729 -0.60988317290355509 3.5270070005639509 3.7364895382710985 254 255 241 0.66535150255904019 20 1311 6 1144 19 1488 13 1537 7 1660 14 2106 2 1503 17 1588 15 1658 18 1383
2270 -0.78657077464095948 3.2639481569975559 3.8937187951822376 124 140 110 0.8626560589303558 8 1495 20 1138 6 978 19 1241 7 1560 13 1301 14 1912 2 1275 9 1250 16 1227 17 1496
1730 -1.1051395823930461 3.4720012529657112 3.8459192351721807 194 170 113 0.39582871224782484 20 1332 6 1154 2 1581
2271 1.5280747703334159 3.8760177783217276 3.4680435630476345 223 237 238 0.60198321386872045 9 1155 23 1390 22 1013 3 1408 16 960 2 1053 13 1031 14 1502 17 1323 15 1418 18 1317
1987 1.6095736195201331 4.0979161772134498 3.3413376214281469 194 201 204 0.42204375842482467 6 167 7 787 13 139
2528 -0.59786563878964294 3.4375838591305197 3.8853717355216171 140 134 118 0.51754797064610347 7 423 8 985 4 1062 17 811 15 1039 18 1063
1419 0.10903517864388408 0.77807726819496237 5.1901121167956532 250 255 254 0.86271221330628445 9 1221 21 1258 1 879 20 1294 7 1760 17 1706
310 -0.72168807142930935 3.5266449380709517 3.7197615202766974 255 255 222 0.46958744449733048 9 340 22 170 12 362 21 723
1732 -0.15403902085407947 1.8084234480760299 5.0326995750444219 124 127 128 0.54306328792462288 5 1650 6 1201 19 1572 7 1755
2273 1.6031661543539579 3.9291553604517113 3.4263431193833505 185 102 116 0.97045624942798059 9 1268 23 1484 22 1164 12 2248 4 1725 2 1052 13 1025 14 1495 17 1318 15 1198 18 1313
1734 0.47558727637481024 4.4227201156643394 3.2329011946011303 213 184 172 0.66712425894352345 22 1374 6 1210 13 1518
2275 -0.71085057019301789 3.5030359784551646 3.7357987936801087 103 125 120 0.17613982948319667 23 215 2 418
1735 -0.89686467978849094 2.992260143769184 4.1102817428535614 242 238 115 1.2422235767651151 20 1378 6 1217 7 1859 19 1663 13 1701 14 2175 17 1837
2276 0.86421408081224937 0.44398722251480877 5.537006531543696 0 76 167 1.2215536106943059 20 1279 2 1512
1736 -1.1227082737535068 3.2634519528453994 3.9317188326767818 122 110 86 0.6951746539596908 20 1380 6 1222 19 1496 13 1698 14 2174
2277 0.038022797822346306 2.7244745398586718 4.4895019781479508 113 114 112 2.2736632381697408 9 1582 22 1438 3 1664 8 1755 16 1463 5 1908 21 1534 20 1532 6 1363 19 1800 13 1867 2 1762 7 1956 23 1698 12 2416 14 2299
1737 -1.2175700751314733 2.0631056669577328 4.8725160799922183 252 255 249 0.77665879946245131 20 1429 6 1252 2 1650
2278 1.1763103805533122 4.2560441688956372 3.2406780931820238 66 48 41 0.80612004941093529 7 809 17 1 15 11
1994 2.0438510033907775 3.7027978392533702 3.7268679625708092 96 18 20 0.5697155073207778 7 805 13 218 15 627 19 734
2535 0.73122969076297262 4.1757993381759348 3.5227346103652444 74 69 65 0.31356222244423859 17 91 18 109
317 1.6794832923527145 3.8743694224593765 3.4590279340945655 157 112 149 0.46769845132927912 9 405 22 247 3 884 8 738 4 1266 16 112 5 217 20 56 18 194
1738 -1.2175700751314733 2.0631056669577328 4.8725160799922183 252 255 249 0.77665879946245131 20 1430 6 1253 2 1651
2279 0.37444737921067012 4.2967094419854961 3.4186352926349977 191 147 141 0.29634757873984297 7 329 14 180 17 41 15 92 18 44
2280 0.97492975110652846 4.0538777250222608 3.4256963699906784 150 112 77 0.38444129929494603 13 207 14 112 17 53
1741 -1.0842216061018957 3.1493146345797145 4.0038032227894886 179 122 113 1.4215723878868216 20 1478 6 1319 7 1915 13 1814 2 1713
2282 0.5029776312267441 4.2643774329681374 3.5136910609410541 81 65 58 0.41214781557012053 14 813 17 81 15 607
1742 -0.85340329849928309 2.9791075873028925 4.28765989289787 68 72 66 0.68283787058604328 6 1332 14 2279 2 1728
2283 1.79974549002263 3.8446084088399313 3.4787923010257589 246 186 159 0.24588197783294843 11 1168 17 89 18 221
1743 -1.3083011488288911 3.1820519662692139 4.0406734684394285 175 172 159 1.3823019868516098 20 1510 6 1334 7 1932 13 1815 14 2280 2 1747 17 1835
2284 1.1536759432685582 4.0459738150266293 3.6013393594892276 70 66 60 0.28869204020792394 14 791 17 128 15 615 18 198
1744 -0.15603302540996183 0.71590508694900623 5.3049997543305834 104 116 126 0.16429656030375811 1 1139 6 1342
2285 -0.44868251214951888 2.8120074580649712 3.6262244908322701 211 224 207 1.6692344941404755 8 1698 15 180
2286 1.6706469946422073 3.8562104605715506 3.6975614518334732 184 176 169 0.096954612815175298 7 245 17 175 15 628
1746 1.1972409967140598 2.970598439680967 4.3147428021524172 250 255 254 1.6985956149851416 12 2438 23 1728 7 1965 17 1933
2287 1.6525896519982644 3.8736237062605761 3.7252986229620135 179 174 166 0.32081324995915528 14 782 17 180 15 640
1747 2.273156250540203 3.6166101230449996 3.7186819298662317 73 75 67 1.8343529048998555 4 1913 13 1873 14 2309
2288 -0.50416015903661726 3.5659392346786984 3.8070170566922936 193 199 186 0.36067126203283489 7 405 17 195 18 763 8 544
2289 -0.7238213704664006 3.2913439039133543 4.043296120092295 112 101 47 0.27087311544800374 4 31 17 251 18 301
2290 2.4353783887257667 3.1246204844284109 4.1579659933582036 131 131 127 0.217032608091273 9 295 17 300
1750 0.34956160300158612 2.0515866365399509 4.8685822468165494 196 198 195 1.8683045767237962 21 1443 3 1589 4 1845 1 1089 6 1306 16 1390 23 1622 19 1665 7 1883 13 1795 14 2260 2 1704
2291 -0.015578999125834891 0.97168390423843931 5.0781369826049536 48 103 134 0.14470364329435689 19 524 17 476 15 1082
1751 1.2156448020504984 4.0482927010774086 3.3708691278477372 147 66 55 0.62679197970843625 9 794 23 1091 3 1269 8 1112 4 1575 5 1150 1 166 6 203 12 1871 11 1647 20 649 7 232 14 65 15 40
2292 0.66754185535916721 0.56283325972573772 5.2989740812703525 164 81 91 0.25091747923485058 14 967 17 566 15 1116
2008 -0.45246366608353533 4.1974207655208513 3.3508331382295107 93 112 88 0.60591618076719189 19 742 13 275 10 1771
2549 -0.23156150314211274 11.901386079596689 20.15916200960169 0 0 0 2.2047687588178708 1 851 4 1483
1440 -0.50258721160903641 3.6198811199315672 3.7298189188495372 162 156 148 2.1350840398475026 5 1878 21 1482 1 1142 20 1487
331 0.94541496626408961 4.1322261951142414 3.3254888939820573 166 99 63 0.16458404285099926 23 1076 22 323 5 872 8 795 20 158
1752 0.9625193673610335 4.1572102397280135 3.3131749635504852 254 224 183 0.55724995806933986 23 1257 11 1644 6 241 9 1026 22 884 3 1258 12 2152 8 1320 4 1557 5 1346 1 459 20 675 19 695 7 260 13 175 14 85 2 226 17 10 18 665
2293 1.458288624737488 3.8938315538569057 3.4775403407292438 124 60 67 0.11946380837076466 19 204 17 711
2009 -0.041452531169600938 4.1999028524083437 3.4944625316452531 166 187 177 0.68161313070754792 7 1219 13 280 14 827 17 1319 15 1430 18 1178
2550 7.9082376624899275 4.4646765704992601 15.188225119454035 156 70 66 1.7506190711541914 23 1315 10 1799
1441 -0.26542814845562412 4.002966839621398 3.4255928520369476 162 173 141 1.6629908844726955 9 1532 22 1394 21 1483
332 0.94668456073104879 4.1326399726600433 3.3260849024795074 166 99 63 0.3459876717224285 23 1075 22 324 12 1624 5 873 20 157 18 60 8 796
1793 -0.12818412340819754 0.89252011556760735 5.1146625262415029 249 255 254 0.52000607837802781 20 1207 19 1431 14 2134 13 1573 2 1435 18 1481
2334 0.4979695280288044 4.2530297465298652 3.4748898407623519 152 144 134 0.97539592986676205 20 1285 17 1575 18 1368
1225 -0.51078798997642705 0.64735679648807987 5.1935910348925054 45 52 53 1.814089066656819 8 1756 16 1461 21 1515
116 0.49569083956776433 4.4442073850775792 3.209808209515864 227 201 204 0.89754692004853565 9 843 23 850 22 931 11 1187 5 1365 21 929 1 471 20 711 6 278 2 276 14 120 10 1928
1688 1.3322245129341663 3.9364423006999605 3.4483516941589345 255 136 116 0.71097887503183543 20 113 6 536 13 724 2 187 18 1039
2229 0.82720180321966608 4.1498162215884253 3.5742053922080217 136 126 130 0.35198198758583848 19 1006 2 1068 15 1431
1815 2.0750868226079673 3.0105910782851262 4.242294849095428 0 0 0 3.0938104280065639 9 1586 16 1452
2356 0.96774480685866726 0.96958959775236608 5.194752021256436 252 255 254 1.0034228899166078 7 1919 17 1898
1247 -0.010298970417718812 2.871843794653012 4.4011222701807817 252 255 251 1.25355235289157 9 1470 16 1370 20 1453 19 1624 14 2212 2 1675
2099 2.1180978314103758 3.9072415503591293 3.5450407369046486 182 58 61 0.70237665637396096 6 1275 13 1735 14 2200
1756 -0.63847516344601152 3.5713657189036132 3.6907676837597561 101 131 113 0.71920788472468788 1 999 6 1067 9 1345 21 1288 19 1382 7 1658 13 1419 14 2008 2 1502 20 1312 17 1481 15 1580 18 1376
2297 -0.33994548357189985 3.778976616453817 3.6984659983981119 148 141 130 0.4120769816942968 4 672 17 767 15 1010 18 134
1794 -0.055611733744221001 0.86835460176523804 5.1447761424833818 249 255 254 0.39182687182739484 20 1100 19 1434 7 1688 13 1575 14 2133 18 1428 16 967
2335 2.1076985309587939 4.0064454111292056 3.4753463111055356 54 48 40 0.681529445443115 19 1188 17 1578 15 1713
1792 -0.44071516757911805 3.6686695972375483 3.640733065705184 85 93 82 0.86620054529714585 8 1557 19 1379 18 1372
2333 0.42451661919401967 24.040858246826787 41.316729509297076 0 0 0 2.7674094279571193 1 962 3 1430
2076 1.656384282743024 3.8108843788996469 3.5367601066703998 148 71 88 0.41539846454490409 6 1031 13 1389 18 1393
2460 0.7013680131382467 3.0044750382222145 4.3995387002640989 85 89 83 2.2825507042309394 6 1373 7 1952 15 1894
2203 0.11740018376705626 4.221236534319825 3.4780171739158026 0 0 0 0.81405082026373699 6 1329 13 1779 18 1600 17 1865
1691 1.0342302658119671 4.0789495262437878 3.5589388837456006 199 189 177 0.41207616663567026 20 156 6 558 19 227 13 741 2 808 18 732
2232 -0.28611766450960313 0.9212537686850425 5.0926700508823544 21 99 163 0.21470106843505371 1 134 2 1183
1818 0.65426916946496771 0.62171758627706808 5.2554887321132968 153 121 124 0.95946510987001588 6 459 16 511 9 47 4 795 19 1119 7 1281 2 438 15 1606
2359 1.0472951197750977 1.9811783465196486 4.9328319051191976 113 120 116 2.1066042276900752 8 1732 4 1863 16 1430 5 1870 1 1163 19 1766 7 1930 6 1339 17 1929 19 1790 7 1946 15 1892
1250 -0.56997779064182497 1.400988616433009 4.9166352177633277 172 186 219 1.7039031283312667 8 1717 16 1421 9 1549 5 1857 21 1499 1 1122
1759 0.39985855717776109 2.4804294157907818 4.7087888794056747 126 127 125 1.4535093712139793 8 1765 20 1539 1 1196 6 1379 13 1875
2300 -0.45287083888110985 3.6354753853547983 3.7672589603592583 191 193 184 0.36209981015196707 8 532 17 790 15 1023
2230 0.57348107030002404 2.2748954988034229 4.7327217728648892 115 124 140 0.2405725332112163 4 1207 2 1104
1816 0.30030425059749838 2.498412657695734 4.677323357366328 252 255 251 1.5730105479197707 21 1546 17 1944 15 1909
2357 1.6610897946123311 2.2757836213810223 4.5986580514045485 104 113 104 0.30788553299287491 17 1937 15 1905
1248 -0.010298970417718812 2.871843794653012 4.4011222701807817 252 255 251 1.25355235289157 9 1469 16 1371 20 1452 19 1623 14 2211 2 1674
2100 1.0794108162140392 4.0352896095313566 3.4724507706140622 146 46 46 1.3024192234299568 6 1283 13 1737 2 1615 17 1791 18 1546 18 1582
1788 1.2724272740783906 4.2201501399773456 3.2779136064089287 175 66 61 0.56714428427036923 1 774 19 1186 7 1163
2329 -1.29907724779149 13.375738861936853 24.028163445376407 0 0 0 1.5470447698759786 4 1620 9 1380
1220 1.593692798246473 2.0510787167921189 4.8265142665868082 117 117 117 1.3062481239041881 9 1566 22 1416 16 1437 5 1883 21 1508 1 1159 20 1499 19 1788
2072 1.9421376644163426 3.7705638718043062 3.7247511546287844 131 38 42 0.84525623635466351 6 736 13 1253 14 1879 2 1238 17 1346 15 1569
1690 1.0720697863170896 4.0584564263388634 3.5636400278747407 200 185 177 0.41571657434938108 20 151 6 555 19 226 13 740 14 1523 2 807
2231 -0.70750047664727467 3.7099803212053479 3.619308635785174 87 124 115 1.0355007256011266 7 1426 11 1021 2 1119 10 1892
1817 0.72843949525765417 1.873403436883861 5.0109109144018937 98 115 120 1.9524441983003249 16 1468 20 1538 19 1814 17 1947
2358 0.67913828886031857 1.8910250848280592 5.0199000606627671 0 0 0 0.55192255772045773 7 1970 9 1601 2 1784
1249 -0.17275054943381762 1.8507889302849605 4.993146031951075 106 109 112 1.62393495099094 4 1826 16 1393 5 1856 19 1709 7 1922 17 1878 15 1880
2101 -1.04891390301953 3.2873546051331939 3.8873600082666502 206 216 221 0.57299868171350032 7 1853 13 1745 14 2213
2281 1.6823831209513265 3.9677042506302898 3.4059224205176748 227 216 204 0.17081279821261397 11 1460 17 56 15 43 18 154
1758 -0.24837794263478705 0.96818867242690532 5.0660908812411876 124 120 161 0.43423765057966374 8 1198 4 1333 6 925 16 976 5 1316 20 1112 7 1599 9 629 13 1474 14 2135 2 1299 18 1420 1 613
2299 1.8354436963608525 3.8044892146790859 3.7530549429250422 177 172 158 0.20901782551769221 7 828 17 789 15 1001 18 315
2227 -0.26586928722880698 0.87760620728895389 5.1268545317097258 97 140 170 0.45243719361900175 14 1852 2 974 18 1127
2354 -0.76968558985987212 3.6101749036487716 3.686753163407317 210 204 192 1.4393669953733488 8 1718 17 1868 18 1621 5 1879
1245 3.1272908309400016 2.8721357226291477 4.2914516287645075 89 89 85 1.2384306831424199 3 1548 16 1072 5 1269 3 1494 18 1403
1733 0.94348928989447478 4.3000851915849729 3.2406789579408857 196 126 87 1.4853095809367467 20 1399 6 1203 7 1723 13 1598 14 1990 2 1543
2274 0.1363433056901418 4.0187234863513108 3.6914605246281553 112 120 127 1.9553809554868957 23 1658 22 1347 8 1671 16 1374 9 1505 3 1606 5 1840 21 1461 1 1125 20 1448 6 1249 19 1563 7 1733 13 1693 2 1555 14 2100 23 1592 11 2151
2237 1.468227856975485 3.9184716946628892 3.7324989469768148 53 60 64 0.51724513512464942 13 1395 2 1364 17 1586 15 1576
2077 -0.25495834522808547 4.1479900019738603 3.3721166407159053 192 220 215 0.22255146942430085 7 1525 13 1398 14 1887
2618 0.2987971433804269 1.1640085564877121 5.2417429800220496 231 244 255 0.49053543639484432 12 1030 4 782 10 203 12 1778 21 83
1509 -1.3905066382392843 3.2460736504704246 4.0587669101747519 242 223 182 0.98798652200134518 16 1052 21 1229 1 952
400 1.8039465607640939 3.876773166588793 3.4582489400293062 221 118 120 0.75792345560551011 23 1402 22 1014 3 1414 12 2249 4 1679 11 1823 16 950 5 1094 1 397 20 883 6 488 19 703 7 1158 13 708 14 1162 17 1099 15 932
2104 0.023943455327175515 1.1207095053035094 5.1616243679837774 12 173 233 1.2761561304980529 6 1237 13 1759 2 1643
2323 0.31104264890304778 0.48179951627067308 5.5945917700712151 98 121 129 0.041106117499055378 7 1117 17 1440
1214 1.3184301945373447 1.2870284489682473 5.3346499562939016 119 117 114 2.2179377806898435 8 1730 23 1645 16 1414 19 1750 7 1912
2066 -0.063977219466396951 0.94398945857413941 5.0910824457347434 234 255 255 0.49112568461970008 19 880 13 1156 18 1123
2221 6.5970760038238483 4.298244875963209 3.3827969959207409 182 121 70 0.20474561478026956 13 661 2 731
1807 -0.0031428613217542689 2.8292932411659497 4.4073894846435406 250 255 254 1.6931228258602449 5 1859 19 1699 7 1882
2348 -1.2237056082762099 7.1782385000381819 10.894588484231235 0 0 0 1.6919230296410188 1 1131 12 2351
1239 -0.78417034159263321 3.3049198587975237 3.8591030904374581 242 239 231 0.64253087312834256 3 1340 8 1498 16 1153 9 1138 23 1193 22 1146 6 982 19 1240 7 1558 13 1299 14 1773 2 1274 17 1166
2091 1.4861893211633765 3.8906658353296444 3.6664869512135945 126 137 146 0.89002481086453977 6 1239 13 1605 14 2155 2 1542 15 1776
2088 -0.81860457523570762 3.708806195862782 3.6336122351171394 65 113 91 0.73203115586623568 6 1152 13 1536 14 2009 2 1509
1766 1.738587475249461 3.8279649876711579 3.6855454722401251 171 168 168 0.19528110957911657 20 59 19 236 7 827 2 177 17 771 15 982
2307 0.08723232689336903 1.0858330800905682 5.0561257575557361 189 209 222 0.50062369955449104 7 554 17 926 15 737
2220 0.061939047929721484 1.1003942353529901 5.0503499975841262 220 245 254 0.1736455696237976 7 1044 2 523 17 923
2474 -0.67456509660359487 3.4538165432443808 3.7679907703476565 115 112 99 0.32957152510358878 17 188 22 583 18 750
1365 1.0730410281186171 4.2004649007130084 3.2853293176626983 153 102 56 0.35115315994283303 8 784 4 1420 5 866 23 478 3 387 11 1178 16 250 21 278
1806 -0.77111436679716872 6.9872963316538845 1.9338961160603481 217 125 35 0.2498179335244031 6 1261 19 1644 13 1673
2347 -2.115819174876771 28.552582296379043 10.908561076637083 0 0 0 1.7955969160922431 2 1659 16 1353
1238 -0.57095513665683084 3.9133078807449122 3.5063264023360947 98 112 103 0.94991091303460373 3 1369 9 1153 8 1373 16 1031 9 981 23 1050 22 1018 3 1007 5 1545 21 1225 16 1160 1 825 5 1609 20 1124 6 829 19 1024 7 1419 17 1102 15 1253 10 1902
2090 -0.61604192493003551 3.4645587445166615 3.802598044433497 103 103 94 0.63671197236778132 6 1060 19 1392 13 1540
1697 -0.86823367881746971 3.6161308527519571 3.6813637324306354 126 129 80 0.24787232585109642 20 834 6 676 13 826
2238 -0.45736187773671921 4.0107458671767908 3.448651766688132 210 221 221 0.71402220771338376 11 1921 13 1406 14 1757 2 1388
2078 -0.45245671533868276 4.0168277830476864 3.4554391270482419 205 217 221 0.79341923944177728 7 1532 13 1407 17 1316 15 1429
2619 -0.22968847704237075 1.4206523301955387 5.1687937537232926 96 140 174 0.7461334864772593 12 2102 11 1761 10 1665 23 1165 3 1162
1510 -1.0417303604710422 6.8156714105448541 10.274255750944265 125 31 28 0.74330413713039822 12 1933 1 954
401 1.5923158254007481 3.8844493177309545 3.4608071035185639 246 255 255 0.47746543942764869 9 987 22 1015 5 1320 1 417 20 890 6 515 7 1162 13 720 14 1172 17 1100
2105 1.148230580481602 3.1702583473810773 4.2010300776568998 250 255 254 1.8728027301266224 3 1645 20 1470 13 1786 14 2256 2 1695
1951 0.40485118495377093 4.249471106451054 3.3418633871400818 151 32 37 1.3331581490332696 6 1247 19 1607 7 1802 13 1687 18 1504
2492 -0.57225184105534421 3.9706477555330282 3.4779477949325228 222 212 206 0.37901931927260407 19 1372 18 1358 10 2109
1383 -1.4508633383117469 3.2199668898855456 4.0781151986568167 183 181 173 0.24611663362343314 5 678 21 435 1 317
1773 0.66138510541010442 0.636635959780809 5.2380106598503513 175 86 118 0.72743100889144541 5 45 19 554 13 523
2314 1.1839055098568851 4.2154773554658203 3.6683894664023255 68 36 34 1.5735595653968164 14 1218 17 1125
2057 0.42185955863963748 4.3919067212722291 3.2940542011790512 157 118 119 0.32617483420706539 6 947 7 881 13 1035
2219 0.60012050634811476 4.2036344252626696 3.4639503900829602 160 148 148 0.24538566162272019 7 883 2 290 17 64 14 805 15 589
2086 -0.33730929042929442 4.1650746008798007 3.3531997196566605 198 217 217 0.63160385760439863 7 1648 13 1527 14 1997
2305 -0.71864490923681523 3.3051140869207964 4.0228471045626435 206 201 161 0.16589981891201847 7 450 17 824 15 1045
2108 -0.90884433885796834 2.1034227187694787 4.8258822075268295 112 125 131 1.3361762952536513 6 1293 13 1797 14 2250 13 1754
2327 1.4217536852567136 3.9193564762389639 3.4545541151354766 246 169 142 0.4109892739877628 19 1192 17 1466 15 1416
1218 1.9419536385814715 2.6887417772725728 4.4761051112583523 113 115 114 2.0629006401413612 16 1435 21 1509 1 1161 20 1497 18 1648
2070 -0.9495897953260457 6.9668685979180207 2.0485338589506088 175 109 48 1.2687316188130522 6 1094 19 1156 13 1222 14 1876 2 1247
1757 1.7085539769185123 3.8240958951723907 3.4998096974029971 231 240 246 0.82988889329873483 16 1275 5 1740 1 974 6 1028 9 1427 23 1545 22 1342 3 1544 12 2348 4 1803 8 1625 20 1271 19 1473 7 1639 13 1386 2 1360 17 1579 15 1550 18 1457
2298 1.771370607522559 3.8355239928403071 3.7465261041810396 157 150 141 0.69967369517435873 7 239 17 780 15 643 18 304
2011 -0.56821243630528784 3.2932163811111659 3.4319336783656076 93 110 94 1.6816104050016465 3 631 13 304
2552 7.9082376624899275 4.4646765704992601 15.188225119454035 156 70 66 1.7506190711541914 23 1316 10 1800
1443 -1.098552698566821 3.2068610592629523 4.0061526519344044 168 137 125 0.55102924692709565 22 1450 21 1536
334 1.0047882834777564 4.143957265830374 3.3199509329008214 187 129 80 0.20747442434471605 9 471 22 329 3 362 8 223 11 1141
1754 1.233719604152131 4.0798091430254884 3.3491015501431116 189 152 111 0.55654464547527183 22 1038 23 1391 3 1271 16 980 1 626 8 1307 5 1492 6 544 11 1658 12 2157 19 690 7 220 13 710 14 1178 2 789 17 24 15 32 18 1021
2295 1.2960312288159095 3.9796960606072287 3.5816781186305624 108 29 28 0.56431018728468896 13 220 17 740 18 208
2214 1.2497084866785484 4.0029090242694139 3.5959413175338222 149 150 154 0.20848769811701251 13 739 2 233 18 762
2272 0.17697947679514359 0.77184339755868037 5.1711760852029469 118 125 173 0.44305163187117452 5 1634 1 876 6 1188 19 1585 14 2224 2 1583 16 1199 20 1292 17 1777 15 1833 7 1757
1772 -0.0024219352688451407 0.88648569778859476 5.1504880008567682 233 252 255 0.16547640378455339 6 497 19 547 7 1297 13 1163 5 141 2 944 15 1484
2313 1.8696744118746635 3.9195878759529386 3.4366567321287342 154 81 68 0.033731501525341261 11 1949 17 1097
2056 -0.059905599933790174 0.77785531502766936 5.2264764172125346 109 127 141 0.30877515850239234 6 109 13 966 14 1669
2226 -0.13506590933450888 0.86084589996497007 5.1689907166823552 56 79 113 0.55434739306451197 7 1324 20 386 2 964
1762 0.49307409408170871 4.2576773624275486 3.4811475814317014 142 149 155 0.47205479093764469 6 799 19 224 7 1205 13 770 14 1533 2 822 17 1096
2303 -0.62152997037800617 3.4661267340456772 3.9763009236564915 196 168 45 0.67347844337567586 19 357 17 816 15 1279
2328 -0.46838592100513848 3.5927538148605001 3.8375003368546938 177 182 166 0.96010033383803606 4 1504 17 1492 15 1583 18 1321
1219 1.6016515083724112 2.0541789425777219 4.8065199459231494 117 117 117 1.1275350232209513 9 1565 22 1417 16 1436 23 1700 6 1351 7 1945
2071 0.42345887586123082 4.642694366693795 3.1962113183234409 204 72 73 0.64208799024470686 6 952 7 1510 13 1241 14 1883
1912 -0.22819967165271482 4.0979153923297007 3.3835033075718721 86 130 115 1.1600738304223364 6 966 7 1407 13 1263 2 1253 15 1220
2453 0.66259219354284893 0.46250852568588874 5.3882818047637588 38 163 231 0.3703902306020333 20 197 7 1288 15 1525 6 443 14 1805 1 43
2196 0.36313228247720436 2.0095252521189932 4.8870985523780481 254 255 249 1.2730686107118476 3 1467 14 2176 2 1568
2326 1.7598527274907907 4.0497939322426779 3.3441096345215344 55 52 47 0.48677068935108231 7 1499 17 1460 15 1540 14 1489
1217 1.9389669054046204 2.6828190580088487 4.4422073291081956 113 115 114 0.45354234526523252 16 1434 1 1162 20 1496
2069 -0.88652272173875601 6.987322512486343 1.8928693304411455 55 40 39 0.75942464096943718 6 1093 19 1151 13 1213 2 1246
1781 0.66849376331067101 0.58012132282285322 5.2779312918224077 255 210 234 0.60631631243769291 6 29 19 901 7 1033 13 946
2322 0.077033441986572096 0.71938924183844877 5.2258663876663283 70 76 90 0.39844753560693197 1 380 19 1132 17 1413
2065 0.13783877552855836 1.0542397649187083 5.0765408784092614 214 242 255 0.61528916891515806 6 751 7 1587 13 1136 15 1590
1780 0.72868145369019421 0.64022369229998488 5.2484199676179104 255 216 253 0.43074170805963524 16 29 19 888 7 1017 8 820 17 1249 15 1332
2321 0.53277812961494642 0.8730384145162674 5.1781434750467534 221 246 255 0.44329881957082112 7 1456 17 1400 15 1470
2064 -0.88505542698661621 3.0920037661193027 4.047893580292901 143 101 70 0.25816050013814512 19 394 13 1104 14 1575
1779 -1.2846160240791766 2.0426746073192326 4.8636153458589018 60 67 88 0.51378614380924048 22 17 19 827 13 922
2320 -1.3296589091212403 3.2291179025463363 4.0117489890782645 208 207 202 0.72034843896542078 7 1576 17 1358 18 1065
2063 -0.51317101517716202 3.5636526089919025 3.7311287065198302 116 113 78 0.12857429673305212 6 815 13 1084 2 397
1778 -1.1929782138992928 3.1608005565047921 4.0006765911522955 210 210 214 0.50361480452024376 6 682 19 809 7 1257 13 1106 14 1781 2 1179 17 825
2319 -0.59267843250114038 3.4784737774495769 3.9452487803707186 194 188 160 0.28876874360636878 4 1500 17 1356 18 1210
1777 -0.42013063990607763 4.0357133271103125 3.4316120529301322 217 233 226 0.46276721928835418 21 1130 19 750 7 916 17 44 15 600
2318 1.5974778829504024 3.8759491216832127 3.7507007980860338 57 48 42 0.47977961400153041 14 1520 17 1348 15 1259
2602 -0.73430609679878966 9.5697174464135504 16.196274201778827 0 0 0 1.8809778076238171 1 1129 23 1635
384 -0.45418640433556601 4.1608479426437279 3.3699357490500677 255 255 198 0.55047966180990293 23 1057 22 888 6 652 19 747 7 1231 2 849 17 22 14 830 18 635
2061 1.2567360536817715 4.0096205818102399 3.6552012687825055 155 153 157 0.55639808563694615 20 1067 13 1051 2 1059 17 1337
1776 -0.33554238716400769 4.0582575503501683 3.4159337251277231 82 114 106 0.3096607559327994 22 1035 19 749 7 913 15 596
2317 0.72367303605220701 4.1915382368145835 3.5398608765021851 101 93 80 0.26885372778943151 6 788 17 1324 18 1032
2060 0.32218054925520889 4.3978936234582999 3.3258279900226806 217 74 78 0.18065735293118487 19 992 13 1039 14 1736
1771 -1.1996072085760436 3.1451091980003385 4.0187260864165681 205 201 204 0.71159788791191858 20 557 19 401 7 988 13 872
2312 -0.068925142621444419 4.1548604839971874 3.4803852309907568 128 144 123 0.37477750159944256 7 902 17 1093 15 1242
2055 -0.090930921705152143 0.79391050523432183 5.1986684863511199 70 75 95 0.31316742370904177 6 120 13 962 14 1421 2 604
1770 -0.85323171870354064 3.0767300848748231 4.1062163071747708 116 124 99 0.38019339880624387 5 503 19 400 7 978 13 414 14 1265 17 288 18 339
2311 1.0416182013171791 4.0396661437862535 3.4209656058020381 114 51 26 1.3133225619409721 5 858 14 1513 17 1086
2054 -0.05731462798304382 0.78221444066321455 5.2083000473426928 63 71 87 0.35554833523546614 6 106 13 961 14 1664 2 595
1769 -1.0975138957534962 3.2645530422385449 3.9332580876451964 73 100 86 1.6725822960387409 20 545 19 382 13 387 2 536 18 254
2310 0.57023819997974079 0.88695888106405951 5.1835178214186692 211 234 254 0.13684096107538307 7 531 17 964 15 1073
2053 -0.029316141891057117 0.95531830519965033 5.086312299677707 122 182 222 0.41174438524763568 19 529 13 943 17 938 15 1090 18 906
1768 -0.94672707569751302 4.3689541488836676 4.0914540376186475 210 223 203 0.52392156288080527 3 213 19 332
2309 0.49918992806131079 0.98168884459136763 5.2208224763448623 48 61 70 0.74853730900433058 14 1312 17 955
2052 2.1248720184789809 0.62217455799843968 5.8565527925196781 159 163 166 2.3437766695046727 23 686 13 923
1767 1.303223552893509 3.984117207964327 3.627448560324356 65 67 70 0.24415414874719668 6 195 19 238 7 849 2 229 17 754 15 971
2308 -0.161631232839935 0.97969529290360235 5.0511743239436084 144 185 210 0.18300355625356404 7 610 17 932 15 1320
1765 1.8164317153868745 3.8065259917064558 3.6988958641437475 163 158 161 0.29367427762151127 6 95 19 235 7 218 13 222 14 772 17 774 15 986 18 804
2306 3.2373332757874627 2.7672483376166674 4.379091406463778 118 123 117 1.211007791733457 16 3 17 858 9 265
1763 1.5080927833426332 3.9030006573480507 3.6482104989724777 147 150 154 0.32935360483423265 20 100 19 233 7 1175 13 736 6 524 14 1515 2 792 17 1124 15 1245 18 1064
2304 -0.64892809028744847 3.360600565308614 3.9823359336352535 192 166 36 2.3509338113399956 14 341 19 363 17 822
2301 -0.59372026624692431 3.7452828465842694 3.869538089942957 195 198 181 1.0831240145093703 4 1086 17 808
1755 -0.54780051966619303 3.6614718241355813 3.6405546127552477 88 101 88 0.78502690672220055 21 1362 22 1278 23 1455 3 1453 11 1911 6 1064 7 1655 13 1531 14 2003 2 1401
2296 -0.33994548357189985 3.778976616453817 3.6984659983981119 148 141 130 0.4120769816942968 4 671 17 766 15 1009 18 133
1753 -0.91130901534884212 3.2471739499953909 3.8956720000322034 135 163 143 0.83323637382191562 6 1079 2 1420 5 1700 7 1562 9 1249 13 1433 14 1914 19 1398 20 1326 22 1143 23 1189 12 1976 1 1008
2294 1.1544154819379346 4.0405231692008741 3.5749689299670071 157 154 139 0.32259353490540321 7 854 17 738 18 747
2208 1.6084993215199903 3.8736327408301734 3.6911029458765148 65 62 70 0.23616596318229199 19 245 7 833 14 1201 6 512 13 750 2 190 17 1134 15 991 18 796
2207 -0.82542373530645596 3.2220165433561241 3.917517558059902 113 134 123 0.37792723408178053 9 301 7 966 14 887 3 33 16 405 17 228
2206 1.2466006435225436 4.109181935107773 3.3303618361507485 143 82 51 0.72845754070129975 9 805 22 678 3 852 8 1110 16 222 23 876 11 1449 1 167 20 117 14 755 23 1394 3 1404 16 978 6 545 13 702 2 787 17 666 15 19 18 83
2205 -0.63140349904344473 3.3274377928221397 4.0521223394370978 54 55 44 1.03576130553906 6 1318 14 2258 2 1708
2204 -0.10737526483443759 0.92883834620322492 5.1150954576113934 254 254 254 0.59212933935623879 6 1238 14 2251 2 1646 20 1414
2201 0.24580755505098859 0.7530081142445828 5.172807834158113 254 255 249 0.28559577910476064 1 875 15 1832
2198 0.6135621954511995 0.85216614884019692 5.1978527477696099 251 255 248 1.1048898421960598 13 1638 14 2185 15 1790
2195 -0.032612523442039687 4.2900605771786866 3.4347235727743044 183 173 65 1.8275492378272775 6 1251 13 1609 14 2163
2194 1.1605063504032833 4.042662710578024 3.6092491193043315 131 124 114 0.84840449676226259 6 1198 14 2159 15 1775 18 1515
2192 6.8782386463684064 0.87217989376244576 16.767497836829957 0 0 0 0.28312662061430127 3 1580 11 2120
2190 6.8782386463684064 0.87217989376244576 16.767497836829957 0 0 0 0.28312662061430127 3 1579 11 2119
2189 2.6943027316442212 8.7367890633910132 11.667827707706188 185 83 81 2.5559748547293815 3 1507 14 2082
2187 -0.44454455878520094 3.777596036851488 3.5682116162406436 103 110 79 0.74230892604695942 9 1424 11 2022 14 2000 2 1496
2186 -0.44389611134956042 3.7811719059092046 3.5679646397805942 103 110 79 0.62927157970183989 7 1735 11 2023 14 1999
2182 -0.65663353678613379 1.3919099848688248 4.8744113531960656 250 255 251 0.74943134889366458 6 941 13 1328 14 1955
2181 0.0089667997216115077 2.1292595674594601 4.8252444885477734 252 255 247 0.84962746380097431 8 1166 20 957 14 1932
2179 -0.74382053647525359 3.308764149061735 3.8641621342595256 99 118 80 0.62818001526130807 13 1296 14 1909 17 1493
2178 -0.93671546471110745 3.495865639889026 3.7573850800353368 229 216 192 0.6310505165072281 13 1425 14 1908 10 1997
2176 -0.81484881702543321 7.0525285980029944 1.91054681343935 211 131 57 1.2989246783372332 13 1214 14 1870 2 1244
2174 -0.03198776171243671 0.76432099874749582 5.224684671336651 80 71 74 0.35341822382457683 6 96 14 1850 2 955
2173 -0.95767096899919546 2.1077420897408268 4.8521766298428801 120 115 110 0.10753901137598548 22 526 14 1827
2172 -0.95767096899919546 2.1077420897408268 4.8521766298428801 120 115 110 0.10753901137598548 22 525 14 1826
2171 -0.45755485919134103 1.3331697050490454 4.9065567998395156 193 211 233 0.52824449497759218 13 1324 14 1816
2170 -0.46031326154078311 1.3282557922778833 4.9033671259616893 193 211 233 0.43058224375469401 13 1325 14 1815 15 1466
2168 0.68703417769994468 0.45411727571375637 5.3906223934264919 250 255 252 0.33523772171018001 20 687 14 1804 15 1634
2167 0.31024127185063172 0.91767295581265418 5.1280707586498036 237 243 242 0.4032017610446465 6 733 14 1799 2 909
2166 -0.91249813593784357 6.9104377526270104 2.102518355161008 73 43 26 1.201555085789912 6 994 14 1724 19 1158
2164 -0.024870888314403566 0.78391841795874517 5.2208525178043388 109 106 103 0.27166650849176971 13 577 14 1660 2 587 6 100
2163 -0.95916732613091216 1.7054877511802391 4.7920518415149669 244 255 255 0.85992518752327651 13 901 14 1655
2162 0.0040158791511956454 0.8223843571349525 5.1945573099083084 77 87 140 0.49052773988473142 16 149 14 1652 18 1138
2161 0.13318785366558561 0.86262976148017556 5.1389362688132341 79 119 159 0.49550457837992368 5 112 14 1626 18 919
2160 0.083095279278345716 1.0322257939990058 4.9681173777876539 253 255 249 1.036585162750091 6 498 14 1611
2159 0.14007564498391473 2.4369310543995466 4.6362578383291035 116 110 100 0.089948097580415429 20 745 14 1579
2158 -0.29577279026399106 3.8460459806610983 3.6827677166558246 215 215 195 1.0969132440953895 7 1537 14 1551 19 1215 17 1584 15 1656 18 1374 4 1747
2157 0.87719334171297936 4.1329389826058707 3.5808804527645899 155 145 131 0.57999622110984106 13 1053 14 1530 15 1244
2156 1.2098683533767558 4.015762855256332 3.5859670212336465 150 147 132 0.49708674795246549 7 852 14 1521 2 234 15 1238 18 756
2153 -0.046201571081449504 0.75979401827450765 5.239805351804705 129 131 134 0.55200472088284569 13 593 14 1432 18 582
2152 -0.13340478338154724 0.81717970446630861 5.1837513109716564 136 130 133 0.44096879804186434 7 659 14 1429 18 926
2151 -0.17582016286060423 0.83815101062974906 5.1565101742885702 165 159 161 0.22177317027426249 7 663 13 569 14 1426
2150 -0.85000852037573071 1.7053814032258472 4.821723744828696 40 104 166 0.951698847777393 13 477 14 1378 2 991
2149 -1.3380132423686937 3.2199680591178299 4.0498964731716232 215 212 197 0.21657409923238086 20 576 14 1288 2 622 17 262 18 277
2148 -1.3389318377134942 3.2203677017243164 4.0493358598103644 215 212 197 0.28436445719417142 13 424 14 1287 2 621 17 261
2147 -0.57083684236174859 3.5726122760087153 3.7194139050134396 124 117 100 0.38668417615176764 6 634 13 1085 14 1251 2 869
2146 1.0974952524516977 4.0612668224339386 3.5910245018851019 74 64 50 0.3066074561970128 7 859 14 1214 2 246 13 753 17 743 15 613 18 186
2144 1.457900076574252 3.8926007925351622 3.4646277894643243 96 73 93 0.4607417797882013 7 819 13 723 14 1180 2 174 18 740
2143 1.4001535982365987 3.9728420129284405 3.4125131010802066 210 117 90 0.40053543106699557 13 714 20 1061 14 1175
2142 -0.12512676311988308 1.0194879728926047 5.0532726228590166 50 94 115 0.37927268635186245 7 597 14 1028 17 467 15 1079
2141 -0.74948406344403906 3.6407362464330242 3.6584655288580219 215 211 160 0.16942362578380721 7 407 14 856
2140 0.60568736697327963 4.2351140870070267 3.5350119242021103 88 61 55 0.41803970896349191 7 323 14 811 17 98 15 610
2139 0.82568638779268566 4.1420468893621214 3.5386654390370924 65 50 45 0.25047014950591634 7 308 14 803 15 603
2136 -0.34079510446474204 3.9162921668271458 3.4855136042941663 122 141 113 0.14435580281184157 11 1032 14 262
2135 1.8163732643667387 3.8100088538083732 3.6810877163524518 117 56 51 0.3136470979593638 7 214 14 88 15 143
2134 1.3701195380122162 1.0844676180574924 5.4296187544459062 253 255 251 1.6815338559972013 3 1641 8 1728 4 1879 16 1427 5 1868 1 1156 20 1502 19 1767 3 1655 9 1546 5 1881 21 1495 19 1793 7 1949 17 1913
2133 -0.69463816595622319 4.1800660761239703 3.3833115282923534 35 46 44 2.3710754018156344 22 1445 13 1834
2132 2.4887947415446883 1.9108017225734764 4.0386635864285916 45 56 56 1.2252326175227295 7 1792 13 1741
2131 -0.030211472240785318 2.913465713317744 4.3674716518091667 252 255 251 1.4993361293791456 11 1376 16 989 5 1351 13 1307 19 1402 7 1744 14 1918 2 1405 8 1542
2130 -0.061341199115416273 0.94227159681349359 5.0914865550783537 241 254 255 0.57834926654028662 4 145 6 131 13 1155 19 881 7 1067 2 560 18 1124
2129 0.021195112033453159 2.1334043627225845 4.8278898817616467 252 255 254 1.4228024236686223 3 1459 1 983 6 1134 13 1632 9 930 23 1179 16 1109 22 971 5 1489 21 1271 9 1325 20 1102 19 1269 19 1503 7 1454 7 1671 13 1447 2 1515 18 1405
2128 0.697267041909017 2.682197465062552 4.4597655896395043 84 87 88 1.4517266190084743 5 1806 1 1091 13 1749 6 1281 20 1403
2127 -0.71407865620776367 3.1230326231358809 4.2542504306800373 68 61 75 1.1735488286046414 22 796 20 997 6 813 11 1001 13 1310 19 1254 7 1253 14 1780
2126 -0.85624245693488399 3.0573367422263527 4.1011819739681359 60 56 40 2.0243144594595881 5 504 16 387 13 415 8 635 16 383 14 1264
2125 0.047758846973242126 2.3885545047400019 4.6618788912948972 110 121 124 1.8913883845235759 23 1668 22 1400 3 1618 12 2364 8 1713 4 1859 9 1528 20 1474 7 1913 13 1792 16 1394 19 1704 2 1706 15 1863
2124 -1.273850406834107 3.2155403958847453 3.997095469688726 166 161 155 1.0024177855194834 5 1008 1 310 20 567 7 498 13 871 20 565 6 397 14 1587 2 962
2123 -0.57927754309876245 3.4790992834500836 3.779893247946482 157 141 92 0.65748269238108614 20 463 6 817 13 1290 23 748 11 1012 16 879 3 996 19 1047 15 1453
2121 0.020656269991824436 2.7257137522597343 4.4898971425631631 0 0 0 0.738146695774899 6 1362 7 1955 23 1697 14 2298
2120 1.1994165439826054 2.9553923529835435 4.3249906625621435 252 255 254 2.1126836507681572 6 1371 12 2439 13 1863 14 2302
2119 2.1281237254259069 3.0380015421848947 4.2983931097775727 93 112 112 1.8039493219050091 6 1353 13 1852 14 2266 2 1738
2118 0.60435565230578037 2.156248740087706 4.8091635628568836 88 105 111 2.1046012150701903 3 1638 4 1860 6 1324 8 1734 13 1839 14 2275 2 1726
2117 0.60163830330281598 2.1657919323074935 4.8128466862818664 101 106 94 2.0509184595907981 4 1861 6 1325 14 2276
2116 1.6728636858140498 2.8604657706071581 4.3681997505085732 254 255 251 1.0254760341313938 6 1338 12 2432 14 2269 15 1887
2115 1.6721921282240906 2.8615875785455107 4.3670555147528027 252 255 254 1.178473710534415 6 1337 12 2431 13 1835 14 2268 15 1888
2114 -1.0070966826584382 1.8078854245507059 4.8075879210620531 226 247 251 1.899489276356644 6 1330 13 1829 14 2285 2 1733
2113 -0.73870206198983002 1.6085294974298847 4.7806546755975603 245 255 252 0.064154802011851933 7 1935 2 1730
2112 -0.74063682718461876 1.6174494576890683 4.8027591994901506 245 255 252 2.0506461828547273 6 1314 7 1934 13 1827 14 2284 2 1729
2111 0.97083166785880459 0.98103557844977074 5.2189574654488569 250 255 254 2.4937445041100208 7 1918 13 1826 17 1897 15 1881
2110 1.2214032635095551 1.1475295452898431 5.2277933116022188 98 108 118 1.6264793212013586 13 1821 2 1670
2109 1.3271773378004723 1.2930546326200303 5.3165436701979152 98 108 118 1.6175947633999117 3 1621 6 1322 13 1820
2107 -0.89609650752363434 2.0893898667319699 4.8063162759989906 112 125 131 2.1619744352753552 6 1292 7 1886 13 1796 14 2283 2 1731
2106 1.148230580481602 3.1702583473810773 4.2010300776568998 250 255 254 1.8728027301266224 3 1646 20 1471 13 1787 14 2257 2 1696
2103 -0.86223125312197912 1.6453386884388483 4.8394796607334394 0 90 176 2.0697124955017414 7 1825 13 1757 14 2252
2098 2.0171438340201333 3.9749331346781522 3.4153169898940163 48 57 56 0.34958918736827865 6 1276 13 1734 2 1614
2095 0.40351399454677367 2.8074404968896771 4.4112724567413961 75 91 99 1.1017743521510148 7 1852 13 1699 15 1786 17 1678
2094 0.75663457118641986 0.81156463836249559 5.2298077973052548 239 255 255 0.47932704216069028 6 1110 13 1635 15 1791
2093 -0.7536405094458003 3.044317083347889 4.2487094200609228 47 57 64 1.0150641893306105 7 1748 13 1625 14 2112
2092 1.7730545166295029 2.8856968751654506 4.2825472543014724 250 255 254 0.057631316151949163 6 1185 13 1617
2089 -0.61317467329778907 3.472698592269265 3.8025370507018894 103 103 94 1.0414355719913644 6 1059 19 1391 13 1539 14 2107 18 1389
2087 -0.45332810039435367 3.6570699533768964 3.6472902740606052 129 107 88 0.43971556585091581 6 1143 13 1530 14 2104
2085 1.8608062816656159 3.7706760033699589 3.6470537320577439 138 38 39 0.8043282134689772 6 1118 20 1177 13 1524 14 2086 2 1477
2084 0.42292731149915025 4.6304009489192008 3.1432905701833378 41 44 47 0.93497372414270352 6 953 13 1515 14 1991 2 1368
2083 -0.8577073970453758 6.9490394510719957 1.9918341169694334 92 59 55 1.0601977484656619 6 1157 19 1455 13 1506 14 1988 2 1483
2082 0.035583628643675827 1.0851330244408977 5.0490782107651446 241 255 255 0.69381522996326583 6 1032 13 1451 2 1424 7 1680 15 1664
2622 -3.5420150426431989 25.372192210730894 46.825222752481714 0 0 0 0.42159195354753726 4 1814 9 1520
2081 -1.0018264639439101 3.5927834353388848 3.741062640481251 185 178 148 0.53914613957837465 6 1089 7 1556 13 1424 14 2013 2 1514 17 1343
2079 -0.56857458511709158 4.0158997462026278 3.4768181050257643 203 218 211 0.74005034386242652 7 1536 13 1409 14 1898 15 1567
2075 -0.81677187035016752 7.491357607645293 1.7765240756393477 45 56 61 1.9988997788635299 6 1158 13 1379 2 1550
2074 -0.47193707025693632 4.4285063960954885 3.3610271246242083 105 150 131 2.1229091701703755 6 985 13 1264 14 1756
2073 0.24692023282485034 4.3554957882921501 3.3794448605165925 209 66 68 0.13862704965071174 6 956 13 1254 14 1534
2068 -0.02834305569576466 0.7677374441434458 5.2291475158273464 64 74 94 0.35539252275433575 6 97 13 1179 14 1849 2 956
2600 -0.73430609679878966 9.5697174464135504 16.196274201778827 0 0 0 1.8809778076238171 1 1130 23 1636
1491 -1.1039739612108341 22.951213797078662 44.204209142226674 0 0 0 1.2111599633178356 3 1311 5 1430
382 0.9918682376936514 4.1609178996882328 3.3098223273702043 255 235 188 0.28563471079083341 23 1088 22 885 11 1437 6 237 19 166 14 79 18 666
2059 1.8050068878995791 3.776505359068103 3.6148700190902794 156 52 54 0.80740026240773943 19 1002 13 1038 14 1725
2058 0.42185955863963748 4.3919067212722291 3.2940542011790512 157 118 119 0.32617483420706539 6 948 7 880 13 1036
1686 1.6078738268296697 3.8692538952603228 3.6905426695166574 89 79 71 0.33286705017709267 20 86 6 513 19 246 5 246 7 834 13 749 14 1200 2 191 17 1135 15 990 18 797
1685 1.71732596226568 3.8374727784651377 3.6820518796837338 237 217 208 0.4078094797724216 20 65 6 504 19 237 14 1188 2 179 18 799 5 794
1684 0.010883678533710472 0.90087977862405932 5.1367194951854831 143 144 165 0.63150609605500352 4 164 20 748 6 494 19 1114 7 1468 13 1343 14 1949 2 1169 15 1599 18 1341
1683 1.3547564360751758 1.1599913951622545 5.3696983423634537 160 156 154 0.28061798869954402 8 1108 6 439
1682 1.353307904505088 1.1590397584010903 5.3685479151481088 160 156 154 0.29757533329382557 4 1442 6 438
1681 -1.3047014824278045 3.2610312971584285 3.9750119577528755 245 238 220 0.36506297897424728 20 572 6 401 7 992
1680 -1.3081402869407044 3.2301083538878732 4.0064996964929449 159 153 139 0.53968697929236231 5 1013 16 466 6 400 13 418 7 502 14 1278 2 610
1679 -1.2907748279553746 3.201049091493144 4.0328636669472226 145 137 125 0.36807952695274559 20 571 6 398 13 875 7 507 14 1281 14 1591 2 613
1677 -0.74798836488020015 3.3583804011685978 3.825968518200614 222 204 148 0.21008441040198617 9 329 6 348 19 352 13 353 14 869
1676 -0.84281629096271726 3.082042806568841 4.090281603082242 253 246 211 0.19483823934607325 20 509 6 339 2 516
1675 -0.631013597600386 3.4833201106067726 3.7510412653707026 147 149 133 0.20067303619739174 23 746 6 331 7 952 13 831 14 1253 11 1010 17 791 19 339 15 1025
1672 -0.16020730709950828 0.93884104356589027 5.0851700493831604 251 251 255 0.45322208067666514 20 387 6 159 7 1307 13 950 14 1829 2 951 15 1479 18 1255
1671 1.5469075215149888 3.8554092734910546 3.4830664443617363 254 244 248 0.54632745627568846 5 816 6 156 13 194 7 207 15 572 18 1054 17 1109
1670 1.6278184609314528 3.8967447364303389 3.4478449475882647 136 115 141 0.33088074755052954 12 2038 6 141 7 799 13 177 14 746 2 158 15 563
1666 -0.10908465217126526 0.80183962133685649 5.2032906582642875 97 103 109 0.48219776983596885 20 370 6 124 19 908 2 609 18 1270
1665 -0.014706826505466177 0.80266687411285653 5.2130638698014229 69 90 99 0.75686840172464087 16 151 6 102 14 1844 2 950
1664 0.015042898870757299 0.7759070142336304 5.2121789622627137 64 96 114 0.44401745470650644 5 122 6 93 13 1175 14 1838
1663 0.14093750394273985 0.88240338249090189 5.1224821527703579 99 131 152 0.29988507433779721 5 111 6 83 17 951 15 1326
1662 1.8854334302368865 2.9459544188240461 4.2961019737188524 141 134 136 0.61995482619596776 4 984 6 55 5 87 1 65 8 719
1658 -0.40444329499131026 3.7142044245741341 3.8158075677290952 84 81 78 0.15037690457236591 9 352 20 435
1657 -0.05630971208535638 1.945065813107498 4.9548607009516195 123 131 135 2.0691598553067614 4 1886 1 1187 20 1521 9 1563 23 1680 3 1633 21 1524 6 1361 13 1870 14 2305 2 1766
1656 -0.84395318352881932 3.3589701301635508 3.8204796596323458 248 240 231 1.383489809939394 8 1614 5 1765 20 1424 9 1477 23 1580 11 2008 6 1220 14 2167
1655 -0.94037699547497733 3.2879235974119716 3.8736703522010849 109 153 137 0.42297472296407096 9 1474 23 1578 22 1372 20 1426 8 1656 16 1348 21 1418 6 1256 19 1617 7 1814 13 1696 14 2168 2 1641 17 1752
1654 -0.63064578561656193 3.4845629862137368 3.7510234672760898 122 121 113 0.28076055514126425 3 690 12 1117 20 804 8 1003 16 707 2 413
1653 -0.44977489509406904 4.1879841016297954 3.3516370572520491 94 117 80 0.44815323458014727 9 469 23 777 22 350 12 1177 8 545 4 610 5 606 1 276 20 786 3 757 16 732 5 1416 2 353
1652 0.65756822518730229 0.44499713360128607 5.4143946961870508 46 94 138 0.93492419924306314 3 697 8 830 20 691 1 40 21 5 15 1703
1651 -0.68998028189229155 3.612479201904907 3.6715701491709747 124 124 112 0.70867319970519105 12 378 8 624 20 478 11 401 16 724 2 412
1650 -0.78548880539775068 3.3085278838503664 3.8600870466937027 246 244 235 0.83578631945552961 9 1139 22 1145 5 1596 21 1207 1 930 20 1242 3 1341 8 1499 16 1154 6 981 19 1239 7 1557 13 1300 14 1774 2 1273 17 1165 18 1061
541 1.7304025460822945 3.944733560037025 3.4194502617323179 128 91 94 0.38568212098387161 22 272 3 536 18 172
1647 -0.32624532544023693 2.8693627536713358 4.3847278706484127 128 134 132 0.95559206283736009 5 1902 20 1522 6 1364
538 1.691305497209183 3.8312545081923925 3.4905183633037513 146 143 166 0.40317195711453363 23 449 3 510 12 1678 8 90 4 956 11 1138
1646 0.70888906429688481 4.4672856182116885 3.0860007298037933 56 53 50 2.3192231976476183 5 1887 16 1433 20 1504
537 1.5775104783331582 4.0583006310776728 3.3557248917609517 254 254 248 0.26565614409214594 22 294 3 509 8 108
1644 -2.1264703712984176 4.9601608408716382 11.653136451051063 177 43 39 1.8369094467514802 11 2184 20 1481
535 1.5579042712531821 4.0559335886861669 3.3606581241430904 153 142 140 0.60213698558173301 23 537 3 504 12 1362 11 1203
1643 -2.1264703712984176 4.9601608408716382 11.653136451051063 177 43 39 1.8369094467514802 11 2185 20 1480
534 1.5570028828309823 4.0562902891324804 3.3643368615205702 153 142 140 0.5159939116345208 9 449 23 538 3 503 12 1361 8 113 4 939
1642 -0.28594066634270654 3.9608577543688597 3.4849535545374786 134 149 120 0.38501628118017833 20 1477 6 1294 13 1780 2 1669
533 1.5560102640740567 4.0197963403764376 3.3775422921365572 169 157 151 0.23389904759742269 23 520 3 498 12 1354 8 752 4 1257 11 1194 16 157 5 274
1641 0.0072057587537219933 4.3309527715705416 3.363464469233743 121 118 115 2.5485419688878754 5 1863 20 1473 13 1777
532 1.5560102640740567 4.0197963403764376 3.3775422921365572 169 157 151 0.23389904759742269 23 521 3 497 12 1355 8 753 4 1258 11 1195 16 158 5 275
1635 1.112274906743451 4.3233404336019055 3.1969563343419543 58 51 43 0.75867468365689783 5 1836 20 1443 6 1241 14 2151
526 1.5789943408647611 3.9010187154253786 3.4459126221230783 241 243 255 0.21973277047519477 23 453 3 482 12 1339 8 111 4 941 11 1146
1633 2.0399092574341267 0.58866113730692371 5.5549819237652613 254 255 251 1.819777522428496 9 1453 13 1822
524 1.5459785843100595 3.9454058136526422 3.4213887724480503 157 114 93 0.60847594735249599 23 480 3 477 12 1340 4 470 11 1164 18 147
1632 -0.39020633029880769 4.4937971888888004 3.1763213836944271 107 114 106 1.7380841665209132 1 1148 20 1416 6 1254 14 2094 2 1558
523 1.5352531065692061 3.9239290992137366 3.4314380682311034 141 135 150 0.2734413335623917 23 452 3 472 12 1334 8 117 4 934 11 599
1631 0.90579151851407547 4.0808928050604774 3.4385940548147005 97 53 43 1.4226208991426348 1 1052 20 1400 6 1284 19 1608 7 1840 13 1738 2 1667 15 1817 18 1544
522 1.2737457274233324 4.1452493918373223 3.3146697692747296 200 114 89 0.18443760430971554 22 327 23 504 3 435
1628 -1.1889504123759893 3.3526779879187676 3.8946724115324276 162 109 105 1.0381491090539192 5 1786 20 1381 6 1155 19 1399 7 1667 13 1543 2 1586
519 1.2158599912959265 4.0839486843112649 3.3472369553233774 255 219 172 0.17197757712473993 23 443 3 413 12 1301 8 181 4 893 11 616
1627 0.065405803802474266 0.73079103759576747 5.2085638274648733 134 140 155 1.9097380249207743 8 1551 20 1370 6 1114 5 1566 2 1588
518 1.1598074208436233 4.1891102035637342 3.2899876583943559 245 199 148 0.37731080671211104 23 498 3 409 12 1309 8 191 11 1193
1626 1.1227074090270921 3.2456231166691274 4.145390092770592 252 255 251 1.411289866350951 1 979 8 1525 20 1361
517 1.1833536750271532 4.0909781074963911 3.3458026279401905 175 122 64 0.49933838308372491 9 458 3 403 11 609 5 850 21 256
1623 -0.83120996474632303 3.8213759687391748 3.5973071108457071 170 158 140 0.46990953474548569 5 1781 16 1171 20 1320 6 1085 13 1417 14 1902 2 1508
514 1.1068512813674392 4.1254941936260838 3.326216317284413 231 182 123 0.33943033025165081 22 318 3 388 12 1646 11 613
1622 -0.32230384343751883 3.8500761468945699 3.5504157152048905 152 126 101 0.46689739323766255 1 813 20 1304 6 1050 2 1385
1620 0.23101859923136059 0.72111302232450925 5.18821965397058 252 255 254 0.72493728609908359 8 1544 20 1291 6 1186 19 1588
511 0.96507611266517535 4.1796739168309536 3.3006009579966689 166 114 61 0.34117018279854228 22 338 23 424 3 354 12 1272 8 229 11 604
1617 -0.33256522497511554 3.9517008689561042 3.4656280326411433 108 132 114 0.63868286301573807 9 1157 20 1214 19 1210
508 -0.29747748400048785 4.1929844443075348 3.3391961472063767 114 132 107 0.57680854321532982 23 294 3 219 12 1188 4 644 5 561 21 756
1615 0.49742225981500665 4.2728757280349496 3.4199721241607524 176 56 59 1.5142930605092388 1 806 20 1195 6 1043 19 1365 13 1390 2 1371
506 0.70859766491725207 1.0456036617626463 5.4136778731219399 154 192 225 0.50215104265304156 23 101 3 201 4 841 11 298 12 1077
1611 -0.74135780860056544 3.3241577715639039 3.8684357445944721 116 125 88 0.41628852465281951 16 1019 20 1135 19 1238 13 1297 14 1910
502 0.57428746348365134 1.1078187754751754 5.3890679844452567 157 202 236 0.41565476356608799 23 97 3 178 4 825 12 1072 11 302
1610 -0.66257756923479449 1.3722374702946447 4.854238098932024 235 255 255 0.010744890315838964 1 787 20 1132
501 0.55229043398826327 1.101603499755067 5.3786355748537469 58 114 169 0.43370104967137113 23 94 3 171 4 822 11 297 12 1068 10 211
1609 -0.20052251240555391 0.97132390763216236 5.069860359301205 250 255 255 0.34857922018219845 5 1312 20 1110 7 1690
500 0.49168244215737222 1.1553349170425797 5.385912114972454 46 71 95 0.39369431101816788 23 102 3 164 10 233
1608 -0.20061714977187445 0.96942515319654166 5.0687832337902812 250 255 255 0.43065565728776806 16 974 20 1109 7 1689
499 0.51904971165862568 1.1181002885493863 5.369652405602749 86 143 207 0.46902636511915663 23 93 3 163 8 307 4 818 12 1067 11 296
1607 0.37822120868193526 4.3978932293821558 3.252867364487007 203 33 42 1.4027201233476725 16 1004 20 1086 6 949 2 1243
498 0.36447774353919771 1.1689793053724631 5.2813721039739336 223 255 255 0.40737518801027078 23 83 3 125 12 248 8 341 4 790 10 214
1606 1.3197489222472931 2.7611023068602112 4.4234612200649677 150 150 154 0.47126052416052849 1 747 20 1066 5 1471
497 0.2040105750128669 1.2464039969940217 5.2603920244856957 71 119 163 0.28981687606381734 23 81 3 102
1605 1.0285000583186796 2.5402612476037891 3.935456589392635 0 0 0 1.2150597248277311 1 748 5 1472 22 973
1603 -0.59703116212372631 3.492342753941494 3.756259818357345 252 253 239 0.59383734283031098 9 965 20 984 2 1123
494 -0.46510978334098163 1.5148363039836343 5.1428784053276955 136 170 202 0.39688928002533397 23 663 3 8 12 996 11 290 10 277
1602 0.36751464411421747 1.9749114179039697 4.9131138147489155 252 255 254 0.17137507938513455 5 1116 20 943 6 763
1601 0.95388562118671694 4.1019116462868039 3.368405052363038 137 82 52 0.21507645182029478 5 1344 20 908 6 782 13 1032 14 1510 2 800
492 1.3912637434758466 4.316204220323292 3.2530235699337422 156 33 26 1.5337857992331785 9 1589 3 1673 8 1747 4 1896 21 1527 20 1500
1600 1.2327118480354966 4.0802148417797293 3.3497154529361448 247 200 163 0.52218455651415874 12 2156 20 897 6 543 11 1657 13 711 14 1179 2 790 17 25
491 1.3783178444934592 2.5784753616887075 4.543722198710971 147 150 153 1.60121000516635 9 1580 22 1424 3 1669 8 1748 4 1897 16 1456 5 1895 21 1520 1 1175 20 1514 6 1340 19 1785 7 1943 2 1741 17 1907 18 1646
1599 1.5765447257537712 3.8948348956118539 3.7217295375899346 187 169 171 0.8016888398806129 5 1125 20 894 6 917 19 1011 7 1379 14 1732 2 1055 17 1342 15 1441 18 1213
490 1.3748659101948735 2.5821866466145149 4.5454632159249764 147 150 153 1.6071220033944131 9 1579 22 1423 3 1668 8 1749 4 1898 21 1519 1 1174 20 1515 6 1341 19 1784 7 1944 2 1742 17 1906 15 1890 18 1645
1598 1.6826053133175249 4.0936138509957614 3.3360675237203354 93 47 51 0.94853708329414743 5 1321 21 883 20 889 7 781 13 691 2 776 17 671 15 539
489 0.25558507652848456 2.1713251263129596 4.8092063420786646 254 255 251 1.4736575908758767 3 1653 8 1740 22 1422 4 1887 9 1577 16 1444 5 1899 21 1523 1 1179 20 1519 6 1360 19 1804 7 1959 2 1763 17 1926
1595 0.014094636609515647 0.90203412893078061 5.1386454355591846 123 133 167 0.53262207356051938 16 568 20 749 6 495 4 165 19 1115 7 1469
486 2.0547815721898988 2.5830395409349265 4.5223764900004344 155 155 155 1.3628547028183651 22 1385 3 1627 23 1654 1 1113
1594 0.03803808038888546 0.8239548076972022 5.1872748281919669 249 252 255 0.27272444835763043 16 561 20 747 6 747 2 1172
1593 0.14210719890217127 2.4407218117787108 4.6375072238904966 139 137 142 0.55630903096195361 1 452 8 1345 20 744 13 1315 14 1578
484 1.8566060652880485 4.0590349000320973 3.3496467057369195 180 41 45 1.308089311617171 9 1433 22 1348 4 1808
1591 0.69014948344896043 0.45547661749905699 5.395190846512957 208 255 255 0.38185707996179197 8 824 20 686 6 708 14 1803 2 899
482 0.64064638736568247 4.5914003673099097 3.2213335795877085 175 43 45 0.32189320053959908 9 1193 22 939 23 1491
1590 -1.2688686445208317 3.1930270181394342 4.0275070448282522 224 219 213 0.47143000355324538 5 1004 20 566 6 395 19 399 7 994 13 874 14 1589 2 963 17 254
481 1.5052787538587467 2.3037684632740527 4.6769003433944851 254 255 250 0.40162746905589924 9 688 22 532 23 1043
1589 -0.99254479258985129 3.5361474187346409 3.766979244797021 109 123 86 0.80220452556903565 21 427 20 534 2 489
480 1.5052787538587467 2.3037684632740527 4.6769003433944851 254 255 250 0.40162746905589924 9 687 22 531 23 1042
1587 -0.55330495779754552 3.7619338214279372 3.5736341189766541 247 246 239 1.4724567678832883 3 114 20 454
478 0.011640352308970436 2.0915847918573518 4.8613932322106033 138 134 139 0.90105761054919264 23 1016 22 25 1 777 8 1458
1585 -0.15215057497344636 0.91588874083073468 5.0989921012704977 129 131 140 0.35032009393239005 16 200 20 383 6 155 7 1313 13 1166 14 1831 2 958 18 1258
476 0.10918696375903501 4.4395826855387899 3.2576776617704293 50 56 54 1.8685644729418172 22 1451 23 1718 21 1544
1584 -0.1544892931712416 0.91390859116214518 5.0966996976598233 129 131 140 0.64843837432915363 16 199 20 382 6 154 7 1084 7 1312 13 1165 14 1830 2 957 18 1257 15 1482
1583 -0.084510737348327855 0.87047148248638062 5.1397777055741445 243 247 255 0.26195757136699593 5 162 20 362 6 128
1582 -0.040025539404141101 0.83208657272467024 5.1874711069122714 160 202 225 0.4530615410541049 16 163 20 355 6 112 13 958 14 1396
473 0.62812011018714342 2.9481149225773979 4.4764888201435351 143 146 147 1.5642390539204616 23 1726 22 1446 21 1543 16 1459
1581 0.25380233956143661 0.97928546153644447 5.1158643725435926 223 255 255 0.4639662446626498 1 88 5 1067 20 296
1580 0.23691404720720394 0.67006755807784968 5.1694752390188938 39 108 167 2.2866833744369992 5 733 20 285 2 923
471 1.635468529738948 3.9787732935351849 3.4171662360844746 226 221 221 2.2535528539437828 22 1444 4 1902 16 1458 5 1897 1 1183 20 1511 19 1759
1579 0.5468011407062513 2.2482067897181572 4.7486389996602778 128 125 128 0.66833883483092149 8 281 16 172 20 259 6 169 2 381
1578 0.46615406654135116 4.3798506965254456 3.248493750688525 220 191 186 0.19401519033888134 5 907 20 255 2 284 6 277
469 1.0762729213870781 4.1685999456011515 3.3254243199327043 197 144 93 1.2467164924556502 23 1705 22 1430 3 1657 12 2426 8 1738 5 1885 21 1528 1 1164 20 1503 6 1327 19 1732 7 1905 13 1812 14 2237 2 1693 18 1619
1577 0.62651113320943852 0.42618686398348005 5.4127685902024698 215 255 255 0.066334056783859188 16 26 20 206 6 447
1576 0.75709607881989871 4.1619239388681732 3.5033068119048063 184 166 163 0.53045183620265191 5 400 20 195 6 584 19 220 7 1199 13 745 14 1529 2 815 17 1107 15 1230 18 701
1575 0.70658249862998157 0.76107250071611798 5.2170645156837301 25 130 211 0.54401833713587699 5 711 8 1145 20 189
466 -0.4683334587674115 4.0027825471959604 3.4420227610284204 254 255 247 1.0657799756548032 9 1557 22 1410 3 1617 12 2401 8 1715 21 1505 1 1144 18 1599
1574 0.90063187078917761 4.3932194620164449 3.1941661862503086 80 37 28 0.38814717694824136 1 462 5 1354 20 167
465 1.81821839976597 3.9601144591685546 3.4041722705925666 255 254 245 1.8622494027192182 9 1533 22 1409 3 1628 23 1693 12 2427 8 1703 4 1868 11 2215 16 1385 5 1832 1 1116 20 1440 6 1193 19 1654 17 1736 18 1583
1573 1.2814988749945166 3.9788532128961993 3.6003290456299193 186 164 159 0.2874883559191953 5 317 20 123 7 845 6 540 13 738 14 1519 2 227 17 1118 15 1241
464 0.70786071472860634 2.7638785320050037 4.4716986992053327 147 152 154 1.6561252553168797 9 1531 22 1403 23 1673 20 1485 6 1308 19 1698 7 1909
1572 1.3277841631154308 3.9706035180031223 3.6115510976425833 182 163 162 0.47376981222586889 5 310 20 119 6 538 19 230 13 737 2 221 17 1119 15 1243 18 774
463 0.70786071472860634 2.7638785320050037 4.4716986992053327 147 152 154 1.6561252553168797 9 1530 22 1402 23 1672 20 1486 6 1307 19 1697 7 1908
1571 1.5942447280032424 3.8662149935522598 3.6623565548162791 178 157 155 0.39366638512708862 5 249 20 87 6 148 14 1193 15 977
462 0.047549289219508253 2.3988980258804351 4.6689249419456509 163 164 160 2.0304172542930816 9 1529 22 1401 8 1714 16 1395 21 1501 20 1475 19 1705 7 1914 13 1793 2 1707 15 1864
1570 1.5617886116150652 3.8441995742094548 3.4997040896564311 145 86 110 0.24555083342599765 5 814 20 75 7 208 17 718 18 207
1569 1.6746005075174282 3.8478797768467596 3.6775681081122769 196 182 176 0.39601526865922887 5 225 20 71 6 507 19 732 16 104 7 1169 13 735 14 1190 2 181 17 1129 15 1248 18 1071
460 1.6674129426270328 2.7300763768379901 4.4352319854941848 254 255 249 2.2140375236206942 23 1627 22 1388 3 1625 4 1866 5 1827 20 1441 6 1273 7 1844 14 2206 2 1616
1568 1.873172319094202 3.791980906532364 3.7550668928226294 239 207 208 0.45987773790981712 5 774 20 47 6 89 7 823 13 755 14 1189 17 793 15 645 18 808
1567 1.8582349217407834 3.8001460409818026 3.7030936283807638 210 166 166 0.39946242248919711 5 775 20 44 6 484 19 232 7 816 13 734 14 1185 2 168 17 1138 15 985 18 1080 16 79
458 0.86800613123624637 4.1805395655696644 3.2772610843366885 123 83 68 1.6382076548449969 9 1483 22 1373 4 1847 20 1363 18 1505
1566 1.897015436312669 3.7863087434398639 3.7537120723071808 237 193 200 0.4427223632533609 16 71 20 43 19 247 7 821 13 235 14 775 2 784 17 186 15 641
457 -0.94011388657926753 3.2881896824728196 3.8741193670594214 119 162 142 0.37665634305373091 9 1475 22 1371 16 1349 21 1417 20 1425 6 1257 19 1618 13 1697 7 1815 14 2169 17 1753
1565 1.8934168349474418 3.794787089138361 3.7305412023243965 114 70 74 0.81111882579937 5 172 20 42 19 735 7 1167 13 228 14 1186 17 1145 15 634 18 1084 16 75
1563 -0.60609338863955298 3.6779012192569422 3.6396905089912122 231 236 223 1.1183910645533612 3 1366 12 1992 8 1486 1 933 9 1347 22 1221 21 1297 6 1146 19 1381 7 1657 13 1533 14 2004 17 1477 15 1655 18 1309 10 2007
454 0.71287039480045888 2.7176372386784968 4.5125321986906934 144 146 153 0.72442105326843731 9 1497 22 1365 21 1448
1562 3.2071590395238654 2.8268407199717522 4.3410055560106446 128 127 121 1.2019927258302276 8 1723 5 1822 16 1408 1 1078 22 1390 21 1435 14 2202 2 1612
1561 1.3442444194323149 4.0396510729237569 3.3738704545850831 224 56 55 0.85445310258280383 8 1706 5 1835 1 1118 21 1454
1560 -0.52732411225115694 3.9859668452990538 3.4633788862845769 93 91 79 0.58437012506886465 3 1014 8 1210 4 1052 1 514 9 992 16 903 20 979 6 659 7 926 19 756 13 798
451 -0.70040190521199819 3.8911327102573146 3.530759945522973 66 98 79 1.3913269743866266 9 1361 22 1345 21 1420 1 1015 3 1365
1559 -0.69081433726759989 3.7474659032826008 3.5982252440203362 223 244 243 0.47953804111926945 3 994 12 1125 1 519 9 753 23 756 22 821 11 409 5 1229 21 972 16 905 6 359 7 940 19 301 13 323 14 847 2 870 10 1515
450 -0.6689832998005959 3.706884942146214 3.6196515445822692 97 154 134 0.79427281750048295 9 1421 22 1340 3 1515 16 1312 19 1485 7 1740 17 1581 10 2172
1557 1.7577464147463215 3.8249807229159587 3.4919842660129441 169 99 116 0.8761079102682352 4 1676 5 1098 1 105 9 388 22 231 3 893 4 970 11 1153 16 96 20 45 6 108 7 165 14 27 2 153
448 0.046898083560744659 2.1543137785500015 4.8103653897337768 253 255 250 1.039109258159147 23 1521 11 1891 22 1327 9 1410
1556 1.2138328858524732 4.1219055954182426 3.3245430169639176 241 209 174 0.80918339196476319 3 1270 12 2159 5 1332 4 1574 1 442 9 811 23 1108 22 875 16 826 20 899 6 550 11 1815 19 682 7 820 13 703 14 1177 2 791 17 16 15 545 18 77
447 0.042151256576149196 2.145939036159024 4.8309521255042736 253 255 250 1.1987097210469826 23 1522 11 1892 22 1326 9 1409 5 1751 23 1435 7 1819 18 1565
1555 3.2370602627583245 2.7451598512483257 4.3883093127034041 110 113 107 0.98288652670496235 22 60 5 10 1 24 9 703 8 1273 16 762 21 531
446 0.75845294636642302 4.4061576334281263 3.1733371800137786 182 115 82 0.97264619015115017 9 1375 22 1311 8 1530 19 972 20 184 5 1500 18 628
1554 0.60267909133452646 2.8774900551888165 4.4664450735659278 0 0 0 2.2910299665117959 4 1889 8 1753
445 0.11501252631465049 4.2145493472018147 3.4577731310632127 84 86 96 1.5911256169415384 9 1436 22 1309 8 1641 21 1464
1553 0.60267909133452646 2.8774900551888165 4.4664450735659278 0 0 0 2.2910299665117959 4 1890 8 1752
444 -0.5007443024629944 4.0723411693247158 3.4273432994822199 254 255 231 1.1907942591065961 23 1538 22 1308 3 1462 12 2220 16 1313 5 1705 21 1378 20 1305 6 1073 19 1481 7 1650 13 1405 14 1892 2 1390 17 1572
1552 1.6713003088388951 3.9448800467533496 3.3948795623834473 0 0 0 1.5937608426442464 8 1759 21 1532
443 -0.37937018514276355 3.9189123450922141 3.487908291002618 106 149 131 1.1229928835520298 23 1469 22 1299 3 1465 12 2218 4 1688 11 1920 20 1221 6 1055 7 1531 14 1891 2 1384 17 1320 15 1433
1551 2.060562090196508 3.0744890274746122 4.2852524300616288 137 144 138 2.0432721289684972 5 1892 21 1518 1 1172 18 1655
442 -0.7983696402388053 3.9054835533433798 3.5983123400711987 127 121 106 0.56247093374824053 9 1362 22 1296
1550 0.042538316160847967 4.1367008029936558 3.6330203423949858 0 0 0 1.1621069324039783 4 1873 21 1513 22 1429
441 1.7076521445807866 3.9006860068345932 3.4456571300782692 249 89 102 0.57493833408867967 9 1429 22 1295 3 1567 4 1805 16 1277 5 1742 1 976 20 1273 6 1123 19 1471 7 1637 2 1359 17 1576 15 1547 18 1454
1540 0.086404656572515809 2.151560309235613 4.8081132700018481 250 255 251 1.7574195000615662 16 1368 21 1447 1 1119 20 1449 6 1309 19 1707 7 1916 21 1476 13 1818 2 1676 15 1865
431 0.35885920645053054 2.0133316020765473 4.895203669499554 254 255 249 0.74062368775057119 9 1322 22 1263 16 1285 5 1747
1539 0.73134258442206934 0.85465278644640974 5.2419705027329524 227 240 240 1.1555810787443521 16 1416 1 1114
1537 0.54950167293324692 4.2353396502418432 3.3670821266077979 203 59 55 0.76574165615259548 5 1839 1 1098 20 1445 18 1541 15 1815
1534 0.62817490560518829 0.75980522725955502 5.236155498072641 0 164 250 1.8145949308881046 5 1800 1 1084 20 1401
1532 -0.72353049491212407 3.9964238566447152 3.5340579258559797 191 128 106 0.65598972243026643 5 1783 1 1069 20 1315 2 1500
423 0.6182490922365611 4.2456214564762718 3.2698960841637401 250 157 124 0.27810941625493751 23 1250 22 1176 6 795 13 717 14 1195 2 812
1531 0.3559094366914009 4.3629629710627942 3.3514285710234817 239 33 46 0.41648247240824809 5 1812 1 1063 20 1407
422 0.65679695530681448 4.2347795496124965 3.274228226082319 227 108 87 0.4867231854349357 9 1280 22 1175 8 1443 5 1583 21 1201 1 798 20 1193 6 793 2 1062 18 1172
1530 0.4160700948939608 4.2731256183981996 3.3451415967658353 221 71 72 1.6522719665820429 5 1811 1 1061 20 1406 6 1246 7 1803 19 1606 13 1686 2 1622
421 1.4885818533830002 3.9873404674337469 3.3943651347549824 255 255 235 0.52448501963129679 23 1393 22 1169 8 1425 5 1327 6 530 14 31 18 1184
1529 -0.79039489872649826 1.4713819327322941 4.8155240165565933 0 159 253 1.0806971011009237 5 1754 9 1319 1 1053
420 -0.88430527364091527 3.5062963296916068 3.7474001502255878 136 157 141 0.65091113281240121 9 1144 22 1155 3 1159 8 1398 16 1166 19 1225 13 1088 10 1882
1528 1.007884896693213 4.060739486048492 3.3657801947205135 249 195 149 0.23331059910890364 5 1808 1 1051 20 1398
419 -0.69440659994994391 3.4970768374587382 3.7398622843224949 136 162 141 0.34014708286114381 9 1143 22 1153 21 1105 20 1130 19 1223 7 1431 13 1289 14 1767 17 1347 18 1193 16 1022
1527 1.5636798226228312 4.1374221562693032 3.2982084582748787 94 69 65 0.94517519557785212 5 1750 1 1048 20 1352 6 1129 7 1719 13 1514 2 1475 17 1665 15 1641 18 1507
1523 -1.7615983832917232 29.464243295711984 57.119102425210777 0 0 0 2.012025833359623 3 1498 5 1720
1519 -1.5296694601511005 11.390539309106464 22.601755120129422 0 0 0 0.27560123934446168 5 1617 21 1321
410 0.62518165591919583 4.3005731873218425 3.234648866320684 255 180 161 0.53613167936055639 9 1187 22 1069 12 2016 8 1447 4 1549 21 1096 20 923 19 684 3 1245
1516 1.8528471412255891 3.7778381475795975 3.7466573849851574 238 222 218 0.775571450022008 5 1638 1 972 20 1350 6 1192 7 1793 13 1603 14 2087 17 1749 15 1781 18 1554
407 1.1675192137057513 4.2405974948277612 3.2591754825004733 255 222 174 0.46072088373797665 23 1288 22 1058 3 1272 8 1311 4 1569 21 905
1508 -0.07887637582248512 4.4317923869712317 3.281712678587382 117 139 123 1.1687589798104556 5 1692 1 923 20 1204
399 -0.80657694320232054 3.5600181214600757 3.7091230210184385 132 145 134 0.81696675743713243 9 968 22 1002 16 1039 5 1539 21 1221 20 1000 6 841 19 1042 7 1245 13 830 23 1036 2 891 17 1137 18 1186 10 1719
1507 0.85306811952683115 4.1357315375500301 3.5559676693215456 197 177 172 0.87716753095939382 5 1663 1 908 20 1364 6 1242 7 1801 13 1690 14 2161 2 1549 17 1738 15 1770 18 1510
1506 1.164030123031299 4.0421863033414525 3.6248259001744656 208 180 173 0.43304555710918385 5 1659 16 1105 1 898
397 -0.75339981264899825 3.5300708344489902 3.7224599692426157 131 151 134 0.53547380560634017 9 967 22 999 3 1172 16 1030 21 1112 20 1137 6 666 19 1044 7 1434 14 1559 2 886 17 1143 10 1714
1503 1.6709945496896814 3.8592449598053222 3.7251770712617178 207 194 188 0.70089225038120573 5 1642 16 1085 1 885 20 1353 19 1562 18 1518
394 -0.93226178664040793 2.9101502606734004 4.1558156561435373 112 110 92 0.89261512327150694 9 938 22 978 11 1355
1502 0.06612810501028929 0.89031777091705944 5.147256282149054 249 255 254 0.52371159748295404 16 1204 21 1185 1 880 6 1119 7 1759 14 2188
1500 1.3294575047630584 2.015021020671143 4.8885191583701895 254 255 249 1.5288582962789909 16 1261 1 870 7 1544 20 1063
391 1.2596833594843089 4.2726512780228534 3.2652786977155372 202 38 40 1.3103504099695853 23 1132 22 909 8 1303 3 1406
1490 -0.7990902579085658 1.1066360917340281 5.0217810704441437 80 252 254 0.50607906864008279 16 1119 1 785 19 1430
1489 1.121342419788846 3.2678638064914112 4.1492667157503496 249 255 249 1.1311273397868942 5 1326 16 1206 1 764 20 1187 6 765 7 1646
380 -0.45359550062230297 4.1227901580161532 3.3886964699482403 99 124 97 0.8611733245319676 9 1011 22 881 3 751 12 1172 8 976 4 612 16 727 11 1041 5 980 21 986 1 517 20 788 6 650 7 915 13 786 2 853 18 22
1488 1.1252027265384115 3.2665532854595996 4.1554009141259067 249 255 249 0.68626253444573271 16 1205 1 763 20 1186 7 1645
379 -0.4531453123417265 4.1227718167795757 3.3887170375244038 99 124 97 0.86231125350863269 9 1012 22 880 3 750 12 1171 8 975 4 611 16 728 11 1040 5 981 21 985 1 516 20 789 6 651 13 787 2 854 18 23
1487 -3.1421937455802031 13.47533470882199 27.432803914770975 0 0 0 0.55446118393261212 5 1026 21 1175
378 1.0431497628780433 4.1243913426896288 3.3280735562688912 255 213 159 0.3842280617674862 9 1020 22 877 3 1262 23 1262 11 1645 16 838 20 669 6 224 19 170 7 252 13 173 14 765 2 215 15 31 18 69
1486 -0.73926614647415512 3.3360871875540576 3.8722623319025486 139 142 121 1.1397828674024599 5 1519 21 1101 1 665 20 1134 2 1136
377 0.9630279628774997 4.1129910925910504 3.3383440343155226 255 222 192 0.30883076392955217 9 1018 22 874 8 1127 4 1414 1 458 20 676 6 238 13 183 2 228 14 771 17 18
1485 -0.84361289433552977 1.0817941379887792 5.1421839244795962 89 255 255 0.65145895078655758 9 104 20 1012
376 1.6552883236583664 4.092309920510254 3.3453234565705312 255 254 246 0.63363105359597438 9 1016 22 869 3 1291 23 1304 12 2169 8 1089 4 1599 11 1837 16 805 5 1126 1 133 20 629 7 784 17 675
1484 0.97528899009101155 4.067518426639114 3.3716783489555548 255 229 189 0.30325707289063986 5 1343 1 632 20 907 6 780 13 1034 14 1187 2 798 17 1079 18 1016
375 0.97315556879755638 4.0450171082408639 3.3746544797734264 95 78 73 1.9035170218829827 9 1005 22 858 12 1621
1483 1.0392596663711107 4.040641991245943 3.3872364077196182 255 236 200 0.28604283806585046 5 1338 1 631 20 906 6 777 13 1033 14 1508 2 1058 17 1080
374 1.5405985307817998 4.0375632764654386 3.368544723498653 255 253 252 0.22712438389104891 9 1008 22 856 12 2042 8 1094 16 574 5 1134 1 142
1482 0.7273882962891276 2.6522275220517466 4.5086032508018539 153 151 154 0.61386335806898407 16 969 1 621 6 924 20 925
373 1.1222031662534204 4.029867436741287 3.3841628197110367 170 81 63 0.99404724493672847 9 787 22 855 3 1076 23 833 8 780 5 1335 21 660 20 659 19 193 7 258 18 96 13 190
1481 0.72913494001386436 0.50691080057221216 5.3652535965618622 192 255 255 0.3865344559007059 16 1078 21 813 1 574 20 916
372 1.1425224112857333 4.0092333105154925 3.4289920100980678 241 92 91 1.9827573444680322 23 832 22 846 9 1163 3 1403
1479 -0.72241318814905786 4.0281052335776639 3.4885013090246813 120 61 39 0.44349656782005697 5 653 1 544
370 -0.78154759098152371 3.6441710586035549 3.6633143377014754 116 137 121 0.57035971752163439 9 970 22 815 5 1411 20 998 16 906 6 673 19 771 14 1252 10 1725 18 1031
1478 -0.72386469989235391 3.779783710880082 3.5850515930399056 127 135 118 0.8088028029803338 21 978 1 525 20 815 3 693 2 871 13 816 18 76
369 -0.87486907063570096 3.4005482507435238 3.803167614113645 144 157 136 0.42061171770906564 9 957 22 809 3 962 8 1247 16 1036 21 1109 1 683 20 1141 6 843 23 1028 19 1057 7 1439 14 1563 2 1140 17 1156 10 1696
1477 -0.54593508848720285 4.0137738905973466 3.4502292258472411 114 118 93 0.043322023769475498 4 600 1 520
368 -0.87486907063570096 3.4005482507435238 3.803167614113645 144 157 136 0.42061171770906564 9 956 22 808 3 963 8 1248 16 1037 21 1110 1 684 20 1142 6 842 19 1056 7 1440 14 1564 23 1027 2 1139 17 1157 10 1695
1476 -0.70559440849666122 3.523703441284586 3.7251770934556383 253 255 238 0.82913441527776899 8 1016 21 946 1 510 6 352 12 1113 2 415
367 -0.89063229697558999 3.2911316810409543 3.8668685468901387 255 255 209 0.52698795583284297 9 723 22 801 3 635 23 196 12 1078 8 1041 16 904 5 1402 21 934 1 513 20 1008 6 671 19 791 7 1251 13 853 14 1258 2 908
1475 -0.29826124914337498 4.1962786148219653 3.3331099569096496 117 138 112 0.15288882618492683 5 1404 1 507 20 776 19 254
366 -0.031460897522095729 2.9234384960344042 4.3637273005015027 254 254 253 0.9825689994365403 23 1200 22 784 21 1197 9 1242
1474 0.33960401031725129 4.2909699633459146 3.4035062513538912 166 63 64 0.19182387547638557 5 1367 1 473 20 726 6 805 2 1075
365 0.73744629064525347 2.6527064161679199 4.4952896993366638 176 176 180 0.66289007042402337 23 1041 22 781 11 1014
1472 -0.059871292344326421 0.63190686611640556 5.4185051076363191 69 241 255 1.1215254180829628 5 1074 16 138 1 389
363 -0.15196143582123114 4.188971893263937 3.3858885035082702 166 205 176 0.38082806014266474 9 470 22 689 3 782 23 1060 11 1058 21 411 12 1206
1471 0.10314664027352231 0.86531169044678391 5.1415914299291767 132 149 187 0.51498248224750642 21 563 1 382 20 950 6 744
362 1.5214656939966125 4.1252493455523433 3.3206569912590722 195 98 90 0.15924487172598845 9 814 22 681 4 1452
1470 1.3332549597185381 1.9885460531703254 4.8800776544837046 254 255 251 0.58070808011474107 3 1055 16 504 1 369 19 1080
361 0.93856963062944854 4.1094011120507936 3.3386940691438851 152 94 69 0.36229251210439356 9 804 22 679 8 799 4 1218
1468 2.062584269233656 0.72502267494795891 5.5115114877109272 188 189 183 0.27544963845847242 5 688 1 344
359 1.0806228836075908 4.0902282480863716 3.3488925712185544 255 223 174 0.77486229041448218 23 1084 22 675 8 1124 4 1418 11 1131 5 1160 21 667 1 451 20 666 18 80
1465 -1.254060610717739 3.2052455179455306 3.9909976413768664 254 249 252 0.45569753613418762 5 1005 1 307 20 564 6 394 19 395 7 990 13 870 14 1273 2 953 17 243
356 -0.62668378983932727 3.9477202094731068 3.4866498291466193 106 121 82 0.33396321120784295 23 768 22 649 3 120 11 1028 16 736 5 992 9 407 21 764 1 528 20 802 19 282 2 864 18 37
1464 0.9250351809802182 4.2158102375779452 3.281569124066519 165 91 50 0.3227494233121791 8 237 1 203 6 249 18 654
1463 1.4792581208283742 3.8825522008052 3.4652648321289736 255 242 254 0.37156237595685154 5 828 1 137 19 718 17 709 15 936
354 1.4398293993044893 3.9075186704489715 3.4464893981156295 255 182 171 0.22643416200733416 9 411 22 636 7 215
1462 1.751260902772255 4.0382793930941157 3.3627840618044345 147 115 106 0.13242827699719684 5 803 1 121 20 48
353 1.8115251774105972 3.8967986983322218 3.4489372798670215 164 115 122 0.46356539842227545 23 1124 22 630 3 1121 12 2057 8 1076 4 1473 18 759
1461 0.21460944463012913 0.86520037558195151 5.1197246081196539 62 139 188 0.27440244482853726 8 888 1 85 19 876 18 1267
352 1.7562601625747893 3.859187684682698 3.4715206969307624 172 102 116 0.34165328443688425 23 886 22 626 12 1912 11 1445 7 159 15 67 18 210
1460 0.42885595125029091 0.87642961641085348 5.159113739198105 199 253 255 0.24914014513665106 5 84 1 69 20 260
351 1.7426798048149101 3.8413706175763669 3.4794262166789056 253 252 255 0.29209240697829769 23 877 22 619 3 891 12 1687 8 729 4 1275 11 1439 16 101 5 196 18 215
1459 1.2904464325598215 1.135537163278963 5.2494091272283239 178 177 179 0.32238608084804654 5 20 1 30
350 1.7322034906047943 3.8167599500119151 3.495788310448082 255 254 254 0.43532505696941426 9 762 22 611 8 731 16 100 5 787 18 230
1458 2.6173118292518609 3.1398860486289681 4.1006979253581264 254 253 240 0.41996179471124206 3 1128 1 26
349 -0.63146416542601602 3.4839230028073964 3.7506633764287893 140 138 138 0.2685343054304607 9 740 22 585 21 708 18 746
1456 2.1081232153766347 0.44799304137598933 5.7540009650054316 166 166 162 0.6051589248803767 16 1 1 18 19 892
1455 0.82640863227036676 1.8205979182932728 5.0408897964302053 136 136 136 0.84455325295704053 5 1915 21 1540 1 1193
1454 -2.3921028200018104 12.603775305739763 24.503489504158367 138 16 6 2.0743315978100396 5 1848 21 1473
1453 -0.84547039826415149 20.198838507311752 38.82935666167706 0 0 0 0.75544335188218514 3 1307 5 1550
344 0.46609689700888768 4.3900584426071028 3.2561500724675891 231 210 211 0.32197884996597337 23 405 22 433 21 347
1452 0.11183829014767492 0.84405197790737085 5.1419185532881411 244 253 255 0.2238335442353552 5 739 21 53 20 737
343 0.40783574554791446 4.3907581764272106 3.3095231239031699 254 213 204 0.22200345406296998 23 393 22 430 21 357
1451 -0.81699336184014515 3.244680845277899 3.9006338591989169 247 251 235 0.36959312564146313 9 309 3 37 16 712 21 698 22 569 5 1213 20 826 6 649 19 370 7 964 13 370 14 881 2 471 17 812
1450 -0.80513984685977003 3.5589347413472883 3.7095120449302024 117 127 115 0.79502435137716687 9 969 22 1001 5 1538 21 1220 3 975 8 1389 16 1038 20 999 6 840 19 1041 7 1244 17 1136 18 1185 10 1718
1449 -0.23465974745429999 3.9775818306303812 3.7258086709449421 241 222 191 1.0994805843647333 21 1549 9 1608 22 1455 19 1815
340 0.98819011320285577 4.2425960733291781 3.2590836550844142 249 174 129 0.47806770462702103 23 477 22 371 3 370 12 1281 8 225 4 862 11 1182 16 263
1448 1.5444141813133394 4.1143686019308205 3.3365086547053968 217 81 89 0.7571730791929191 9 1368 23 1553 22 1229 3 1487 8 1521 4 1723 21 1192 9 1369 23 1554 22 1230 3 1486 12 2303 4 1724 11 2108 1 619
339 -0.14641834072451121 4.2309504491154488 3.3779066340608153 77 118 90 0.25326714402907563 9 475 22 362 11 1071
1447 -0.98802114179823897 3.4688969265074383 3.7766873882788232 86 83 52 0.54797335482314224 9 738 8 660 16 744 21 743 22 155 5 993 20 840 2 490 13 354 10 472 14 334
338 1.2077368766784642 4.2057490498319483 3.2889551664101004 158 87 57 0.14303645157583508 23 898 22 349 3 853
1446 0.33461674534881686 1.0107715758932971 5.1875788393872 250 255 254 1.5328949324916512 9 913 8 1453 4 1647 16 953 3 1179 23 988 21 54 21 1035 23 1337 12 2099
337 1.1609184280445031 4.1608598889121007 3.3043910042356512 255 221 177 0.62691067786305177 23 485 22 335 3 401 12 1306 8 192 4 887 11 651 5 344
1444 -0.89194974039689801 3.4607255445257885 3.8392031482096898 125 145 134 1.4344555470145341 5 1909 20 1534 6 1375 19 1798 7 1966 13 1864 14 2304 2 1765
335 1.0402119175497726 4.1493834848304179 3.3150806561216766 183 121 72 0.2923391816695286 23 426 22 331 12 1637 4 867 11 1159 5 864
1442 1.3697257276293253 4.2768148108380126 3.1988538086173848 39 46 48 1.954402769548069 22 1431 19 1758 16 1445 7 1927 18 1636
333 1.1666519422897441 4.1380705163825766 3.318743724401759 255 218 170 0.40862208911710629 23 470 22 325 3 405 12 1651 8 190 4 888 11 631 5 341
1439 1.304633630386816 1.3022505035602558 5.3615254534574408 148 148 144 2.7047762370693538 9 1550 21 1474
330 1.1900054019938686 4.1338111708737468 3.3186785522863129 208 140 91 0.25707666488529018 23 475 22 320 3 412 12 1307 8 185 4 890 11 639 5 338
1437 -1.1530134036728239 3.0387548457124414 4.1068508428853416 96 97 91 1.1593836275166913 9 1473 22 1368 21 1463
328 1.4792264832659934 4.0954142555208675 3.3369967619124661 255 252 236 0.32277421068582174 9 461 23 535 22 304 4 924 11 1206 5 299
1436 -0.93168202252488386 3.0332592209286537 4.0889330139318405 206 193 156 0.32649030007504598 16 1400 21 1460
1435 0.59133163501672414 4.2773753394040384 3.2544993580469455 239 118 101 0.14656314144756558 5 1838 21 1456 1 1096
326 1.4660606452888598 4.0515521591017665 3.3601607001518059 255 251 241 0.43643771982413382 23 891 22 293 3 470 8 139 4 920 11 1457 18 111
1427 -0.67119579213498137 3.6983296787533066 3.6334038768882908 105 150 131 0.40580337821358414 5 1769 21 1365 1 1009
318 1.8610297792838024 3.8840550764582105 3.4491705372591066 174 102 94 0.98864758623304239 9 410 22 252 3 1123 4 1283 12 1705 11 1196 16 532 20 35 19 689 7 780 13 156 15 929 18 206
1425 -0.84973594277044984 3.250083816458857 3.9046570898397466 254 255 242 0.6232260310721458 5 1689 21 1357 1 1001
316 1.4885879656185153 3.8649840452078998 3.4840031262918991 115 95 108 0.33220799622381791 9 765 22 243 5 269 17 90 18 192
1424 1.3101480628374527 2.0410240497468406 4.842606832150671 254 254 254 0.74705781707711783 22 1324 21 1343 18 1592
315 1.6419187550982495 3.8599064148525994 3.4683884756197725 144 149 186 0.20020079763236318 9 397 22 241 3 878 8 746 16 122 5 227
1422 -0.42094463901154383 3.8076167108545098 3.5710726539598614 124 142 122 0.30271405644834021 5 1682 21 1295 1 917
313 1.6225346950200445 3.8492058019840365 3.4769290792468244 244 254 255 0.30437222589734281 9 392 22 237 4 1263 8 100 5 233
1420 0.58664473147040608 2.2363195928861006 4.7625013550939235 152 152 154 1.3162168744479155 22 1329 21 1267 18 1564
311 1.691438023003681 3.8030070593101697 3.5053922489642795 255 251 255 0.095597196499234718 9 382 22 225 3 507
1418 -1.9119014827652436 19.99792888368324 38.571269519123057 143 47 44 1.692907946468817 4 1489 21 1251
309 -0.69280417223557367 3.4661690737165571 3.764181784224629 253 254 238 0.39361170825533698 9 332 22 157 5 946 1 263 20 479
1415 -0.37203057704908965 4.5341156021471098 3.2606545700409786 66 84 72 1.6817707468113894 22 1181 21 1237 13 1525 7 1647 14 1996
1414 -3.9645322661106355 13.912994231547687 29.661270819410817 172 24 18 2.2394759078683553 5 1444 21 1177
1413 -3.0821384179625761 13.629427170166284 27.028198760508985 172 17 7 1.8195159532689806 5 1441 21 1176
304 0.34006087068233232 2.455481971746436 4.6149959954097923 252 255 251 1.5820715404420445 9 1604 23 1724
1412 -2.88848476081241 13.469901075753148 26.693655530504632 213 89 80 2.1426784671786585 5 1556 21 1174
303 0.021498601263819722 4.1040789117818353 3.6179719576945226 250 255 249 1.5681903699546569 9 1587 3 1654 12 2421 8 1742 5 1888 1 1170 20 1508 18 1620
1409 0.011657251889092907 4.2409896791285897 3.5772994475839082 253 255 236 2.1712238597222009 5 923 21 1114 14 1998 17 1580
300 1.6433734627362497 2.884192816556554 4.3640776473611247 252 255 251 1.8882186285138731 9 1584 23 1714 22 1439 8 1744 3 1671 20 1512 19 1781 7 1939 2 1739 6 1356 17 1904
1408 -0.74696384080269762 3.3288046309660424 3.8482009527685066 137 158 134 0.40522382312411792 5 1520 21 1102 1 666
1406 1.6918627244955313 2.6709236269093029 4.4758592998192217 253 255 249 0.703921417064444 23 1369 21 1050 18 1329
1405 1.6918627244955313 2.6709236269093029 4.4758592998192217 253 255 249 0.703921417064444 23 1368 21 1049 18 1330
1403 -3.2942595047735699 13.881302636936784 28.140621187574542 199 50 48 1.5670040575405686 5 1264 21 1013
1402 -0.68486259525021576 3.7762165668893264 3.5870869476457017 106 131 124 0.36407769241915044 16 734 21 975 20 811 19 766 7 395 2 402 17 117 15 173
293 0.47204653794824031 4.3899986546560861 3.2557310221009059 174 68 81 0.69087727261537368 22 1432 21 1529
1401 -0.98850745051022193 3.3755653628258768 3.830128883433281 126 137 123 0.52483383103344339 22 807 21 964 20 842 19 786 2 914 17 208
292 -1.2466941102038041 3.5025860318839053 3.8698530265914965 41 49 50 2.0597769170958324 9 1568 23 1683 22 1428 21 1538 5 1910 20 1526 6 1346
1400 0.47391351402433518 4.4729239321096754 3.231872633369437 239 216 213 0.64139100344068878 5 1192 22 933 21 931 1 472 20 258 6 280 2 283 10 1932
1399 -0.89428520808917422 2.9577331154589661 4.1519646476359622 93 87 70 0.39124551133228264 22 980 21 917 1 487 20 837
1398 0.33691073190964915 1.1783174241177057 5.2812609007976405 79 128 183 0.36110355564045765 5 744 9 1115 21 837
1397 3.159321736744682 2.6013478192659152 4.4692732518267757 192 193 186 1.5463982587642959 9 1125 21 818 16 1071 22 1127 20 875 3 1131 7 1165 19 1045 13 1074 17 1193 15 1044
1396 0.54770870946009187 0.39278142029885649 5.4164234884342166 13 174 243 0.14205947593028073 9 26 21 814
287 2.5127013484179437 3.1062531593228471 4.1384447142177168 252 255 254 1.3016946692674227 22 1405 3 1648 9 1555 8 1725 23 1690 16 1411 5 1852 1 1134 20 1468 21 1498 18 1624
1394 -0.63184083663271096 3.4851813178039466 3.7507251495106941 131 130 131 0.3312331745754688 22 586 21 707 1 252
1393 0.12245781569966421 4.0772233179667623 3.6678421739479137 144 138 143 0.021729008549816728 22 861 21 699
284 1.382015178709179 1.0737055758746141 5.4707662938762276 252 255 254 1.5571175984259991 23 1667 3 1656 9 1547 5 1882 21 1496
1392 0.72462711668521129 4.4338372995197144 3.1633994186273751 181 125 95 0.42324014364968904 3 1254 22 721 21 689
283 0.72146330878586395 0.88980948097850832 5.2842304650086023 122 157 203 0.82220125044748393 9 1544 23 1679 8 1735
1391 0.60834982737391285 4.2397190904311106 3.2731237768961439 255 176 155 0.084337569271683718 8 810 21 686 1 214
1390 -1.1202636131275319 1.9580326060023885 4.9704142491031051 88 81 92 0.13295129384562676 22 520 21 659
281 -0.84286525596540351 2.1634660829539381 4.8583209113346877 132 142 151 1.6577886474868624 9 1527 23 1642 22 1399 5 1875 19 1746
1388 0.059880362388152614 0.80164211567549448 5.1875925877859439 122 129 174 0.25198360701132616 9 68 21 559 17 1406
1387 0.63693095229158736 0.92566477919603829 5.2216250771316375 214 236 255 0.82495905701948413 9 909 11 1340 21 547
1386 0.89766636091006857 0.9336617199416164 5.431856204348759 51 131 193 0.49443204821968179 5 61 9 637 21 541
1385 0.76397458393907747 0.58422433053155254 5.2934598248661162 220 254 255 0.5567481783617706 5 1033 9 612 21 527 1 350 6 709 20 911 19 1323 13 1336 17 1545 7 1457 15 1684
1384 -0.3588933315286566 4.2428760331483533 3.3312535310642781 102 129 110 0.2192670852014974 23 299 21 451
1382 -1.2923911672232951 3.2467214102149842 3.9722125088960629 162 162 158 0.55560973037476769 5 1014 21 421 2 597 13 409
273 -0.59842033676410389 3.5079315361860779 3.7502435731186492 254 255 250 1.2092831711133356 9 1504 22 1337 21 1359 1 1066
1381 -0.42863739442822252 3.9670393724020347 3.5470167891935689 253 253 233 0.97116881658819887 22 281 21 419
272 -1.3369102272935063 3.2435684450848221 4.0710203208544113 226 233 233 1.9189646097377984 23 1623 22 1406 9 1502 21 1484 1 1128 19 1744 18 1602
1380 0.44865539589230885 4.4845924562395112 3.2541414247730582 244 195 196 0.34775080522736723 5 455 22 461 21 371
271 -0.9224655002602572 3.028390279680194 4.1396712340736581 253 255 173 1.4606843661872198 23 1624 22 1393 9 1500 21 1459
1379 0.42921765158039077 4.4332023968238055 3.3017600943463248 240 215 214 0.22402070870799853 22 441 21 364 10 1585
270 -0.58606760730806173 3.7997323407885122 3.5643113447988739 240 255 252 0.29156623555985739 9 1481 23 1586 11 2020 20 1419 6 1219 7 1810 13 1611 14 2103
1378 0.50234351277395894 4.3906158602754743 3.2085489905237052 233 208 204 0.27707785250234235 5 905 21 337 1 221
269 -0.58587005151681681 3.7991795324630999 3.5644810834224518 240 255 252 0.3093391132914709 9 1480 23 1585 11 2019 5 1844 20 1418 6 1218 7 1811 13 1612 14 2102 2 1562
1377 0.47621806915846088 4.3592988297492958 3.2635953833317211 145 108 109 0.42437669125944066 22 421 21 335 10 1564
268 -0.85506488213146681 3.3627591363637648 3.8286713252521873 254 255 247 1.1108951790019481 9 1478 23 1581 12 2208 3 1511 8 1613
1376 0.45583192367180397 4.338071838104586 3.2734615447952526 153 107 112 0.38378572838487046 5 439 22 416 21 334
1375 2.435787330676523 3.1281854712891444 4.1587236452628913 163 162 164 0.40607968162870511 9 296 21 94 17 299
266 -1.0521605922354955 3.3037925662072496 3.8931914555888811 254 255 246 1.0237910376015067 9 1476 23 1577 22 1336 16 1351 5 1845 21 1466 19 1619 7 1854 17 1799
1373 0.013844117836922847 0.89847279481904563 5.1375665722984358 184 188 198 0.60327252792490094 5 1080 21 68 15 1678 18 1342 16 567
264 1.8166655083794212 2.9436825918799849 4.331225239380335 252 255 251 1.0637402947822063 9 1471 23 1590
1370 3.1857575101462143 2.6005095820290305 4.4420148991051391 81 81 83 1.5728806582646755 9 253 21 10 16 479 20 10 14 108 18 415
1367 1.902161861543701 3.8943848810543078 3.400310108127615 221 35 42 0.55614849092452223 22 1344 5 1738
1364 -0.68715027025480724 3.8196682303474812 3.5594651254044676 220 225 211 0.44068208809288256 3 1448 12 2125 8 1569 5 1709 9 1353 23 1459 22 1288 16 1241 1 1013 20 1314 6 1080 2 1403
1363 -0.62390317799437434 3.8983959507218922 3.5147031377030467 224 223 212 0.67432504836417995 3 1454 12 2127 8 1564 5 1706 9 1363 23 1462 22 1297 16 1240 21 1376 1 1012 20 1309 6 1077 19 1375 7 1538 2 1400 17 1468 15 1572 18 1360 10 2106
115 0.4237614844853857 4.3503051094414698 3.2990732624617687 254 213 216 0.37816048035161343 9 831 23 829 22 714 21 701 10 1772
2472 -0.21048727757560787 3.9605087753614443 3.572708407269658 195 193 177 0.52400143761387064 4 1117 15 1002 18 684
1362 -0.54689417692655962 3.659627102021243 3.6417971380347405 122 150 130 1.0625673741460433 23 1456 3 1452 12 2124 8 1561 11 1912 5 1688 9 1418 22 1277 21 1361 20 1308 6 1065 7 1656 13 1532 14 2002 2 1402
1361 1.0243343134000227 4.058111216003824 3.3731738106135061 170 116 78 0.41662864974063735 8 220 4 866 5 357 9 445 22 298
1360 1.0693004615907959 4.0695466802252982 3.3623664267098383 145 95 53 0.33529477489026099 3 374 12 1274 5 345 8 210 4 873
1358 1.1633433908309754 4.2159450338554354 3.2732210477107873 176 122 80 0.43260534723949201 9 823 23 1121 22 693 3 1091 4 1235 11 1467 16 614 5 1162 8 1116 4 1429 21 271 1 181 20 131 19 135 18 49
110 1.1167893427767961 4.2079458546034161 3.28117406328044 167 115 82 0.65222738388293111 9 822 23 1110 22 690 3 1086 12 1873 8 778 4 1423 16 247 16 619 5 861 21 675 20 139 6 223 19 139 2 196 18 48
2467 -0.76046622319112955 3.2426018781524037 4.0724322399167523 99 81 25 0.20223114804170642 4 597 17 271 18 320
1354 -1.0775701085378906 2.1159870546584267 4.8445603878429511 254 255 251 1.3937751068129658 16 1449 5 1904 1 1190 20 1525 6 1366 19 1792 2 1778
1353 -1.0798296108375924 2.1136836535677919 4.8344333149240013 254 255 251 1.4437288055432933 16 1448 5 1903 21 1525 1 1189 20 1524 6 1365 19 1791 7 1962 13 1871 22 1418 14 2306 2 1777 17 1928
1350 -1.0123253690887468 1.8220312872725588 4.9502038474265921 52 59 64 1.2717282591000947 9 1551 5 1874 1 1167
102 1.5272350830665127 4.0877618045388973 3.3400161168644082 115 90 94 0.58551905005034732 9 802 23 914 22 673 8 1095 11 1473 16 579 5 1137 20 79 19 137 6 189 7 161 13 143 14 19 17 26 15 18 18 700
2459 2.104815186189497 0.55965266442552331 5.7676671414261076 96 98 89 1.6527904226719063 13 1799 15 1871
1349 1.3142432403131095 1.2793742376226189 5.3309653156544483 130 130 130 2.3618045890365007 16 1413 5 1853 20 1483 19 1749 8 1708 8 1731 17 1896 7 1911
101 1.1243768974867614 4.0701885465659524 3.3577434372960298 157 104 72 0.51024604566377929 9 800 23 837 22 670 3 838 12 1866 8 779 4 1424 11 1431 16 609 5 855 21 258 4 881 20 137 19 178 7 248 18 84
2458 -0.99779568722485457 10.05801906601749 17.467112250867014 0 0 0 3.5751642122954879 1 1106 23 1558
1345 3.2036342606555546 2.8276854762335479 4.3353030894227871 120 118 113 1.1174179804440671 22 1391 5 1823 1 1079 2 1613 14 2203
1341 0.70114997410446556 2.6879182181701631 4.4635303659952061 126 129 130 1.4344935056446417 16 1365 5 1807 1 1090 20 1404 6 1280 13 1750
1340 1.7240266059389171 4.0808277146308631 3.3211973527063052 80 54 52 1.1157809592700674 16 1361 5 1805 1 1044 20 1397 19 1603 7 1789 13 1596 14 1986 2 1540 17 1729 18 1545
1339 0.21577045056706337 0.62953615500338589 5.2811139127066644 0 206 253 1.0924832755169192 9 1304 5 1801 21 1335
1335 0.045746398298065503 4.2328782384153065 3.5026291421735882 73 73 73 1.2619070017023724 16 1217 5 1756 1 992 20 1413 6 1250 19 1611 7 1846 13 1692 2 1630 17 1792 15 1819 18 1542
1334 1.5514004569688715 3.8676751813107391 3.4659863897505363 180 177 191 0.65094707062869517 16 1282 5 1749 1 978 20 1354 6 1125 2 1362 18 1513
1332 1.3183514850558355 2.0261012246361512 4.8682124949215284 253 255 251 1.4675084085283014 16 1262 5 1735 1 871 20 1360 18 1568 17 1684
1330 -0.62352970412826692 4.0748403629721803 3.4311612453613929 175 130 105 0.42111550057369324 16 1168 5 1715 20 1310 6 1082
1328 0.10744626718820094 2.4378290254257684 4.655348232207853 135 141 140 1.1782951786793017 16 1289 5 1657 1 1049 20 1371 13 1627
1327 0.10744626718820094 2.4378290254257684 4.655348232207853 135 141 140 1.1782951786793017 16 1290 5 1656 1 1050 20 1372 13 1628
1326 -0.86680429820259952 0.96379347759171208 5.1200832199410735 111 227 255 0.11393173017806464 16 1214 5 1655 1 904
1325 1.505383330052031 3.9087048776638227 3.6888225511921684 185 174 170 0.29439138382556368 5 1645 20 1355 19 1480
1324 0.17697114623516508 0.77131899739299503 5.1705006175824515 94 107 156 0.27854377558428489 16 1200 5 1633 1 877 20 1293 6 1187 19 1586 14 2225 2 1582
1322 -0.47066687396310525 3.7572042016105196 3.5815763707298056 91 123 102 0.97916482837125041 22 1284 23 1365 5 1595 21 1293 1 922 20 1224 6 970 19 1216 7 1422 13 1281 14 1760
1321 -0.85593873394814757 1.0393152675857005 5.0476390419169936 110 228 255 0.68096152399843513 9 635 5 1578 1 789
1319 -0.79261567662584753 3.2625768381421776 3.8883586127581928 106 128 110 0.5840426932463072 22 989 5 1517 1 669 18 1209
1318 -0.4355590307270944 3.7068877485264786 3.6188508569526712 102 122 105 1.1013880021539313 8 1204 5 1515 6 814 19 1217 13 1072 7 1423 2 861
1317 0.89378896037013034 4.3602241528795744 3.2059709160511134 195 128 91 0.38393629719145439 16 985 5 1499 19 667 13 136
1316 -0.98387456113761518 0.99545411790106797 5.1313554312613654 4 126 199 0.76485881349599028 16 858 5 1495 1 792
1315 -0.85261483420709594 0.99989305263147132 5.0794894710763812 0 191 249 0.64545279491588325 9 631 16 988 5 1493 20 1246
1313 -0.1590220623347251 1.7879907784873104 5.0346408100913234 126 133 140 0.43160494751723333 8 1177 5 1487 19 1406 7 1677 17 1612
1312 0.35851405034186129 1.9835403672643099 4.8801159127996803 254 255 246 0.91523554326787537 16 1097 5 1482 20 1290 13 1631
1311 1.7655804338465961 3.8078640645865667 3.4920452236730712 226 62 71 0.24994327495830712 22 1162 5 1475 1 752
1310 1.1577278023139408 2.4688668612557834 4.5908587827125311 153 153 154 0.76065988194056311 16 945 5 1470 19 1260
1309 2.1508174705450198 3.9508524566496037 3.4755182377967739 184 11 19 0.5629194968588267 22 1017 5 1465 21 1064 1 598
1308 1.686421126155687 2.6581661648782502 4.4699085689808884 252 255 254 0.89365922369673134 16 1080 5 1458 1 589 19 1243
1302 -0.67325790962315468 3.5550801564581431 3.7046513621462647 221 225 220 0.35097400104906901 8 1225 22 813 5 1397 21 945 1 508 5 1217 19 328 13 825
1301 -0.65318655720813013 0.94995893467002546 5.0957914172975602 95 239 255 0.25194255646561275 16 846 5 1328 2 1310
1299 1.8294145280845067 4.0435119750814117 3.3667436752224802 81 53 64 0.67907743791941233 16 1084 5 1315 1 403 20 615 7 774 6 503 13 690 18 1037
1298 3.1352170894048279 2.8726559114331223 4.296216592457057 121 124 117 1.817383740419773 3 1549 16 1073 5 1270 8 1582 18 1404
1294 -0.63028993733723171 3.4836697889624904 3.7522975552636875 96 95 87 0.17785481351486757 8 1004 16 706 5 1206 20 805 6 332
1293 1.1100208104504503 4.2654663057166795 3.2555404416333071 253 196 161 0.44870610998624322 22 702 5 1171 21 281
1292 0.0025283488144294871 2.1291503774844731 4.8415308814075404 254 254 254 0.34651530284724014 23 694 5 1147 21 620 22 774
1291 0.0037683949090599137 2.1293754643457983 4.8373492678031935 254 254 254 0.49305731370024575 22 775 23 693 5 1146 21 619 9 232 1 179 7 1453
1290 -0.28652238668277047 1.6343750861556292 5.1192686885922516 71 70 81 0.54469664095084036 9 924 16 837 5 1143
1289 1.6018257153606845 4.110833585935679 3.3364392987062201 255 251 242 0.31338198951231322 16 808 5 1132 1 431 20 637
1285 0.2469394156427327 0.56394012160552476 5.3071939388210172 230 255 255 0.64276983619012507 16 786 5 1055 20 945 6 730 17 1548
1284 0.30243290741938228 0.51999205982324059 5.3316849470052921 45 190 224 0.67075366330899866 16 782 5 1050 6 898
1283 -1.2375900375613174 3.2266398689865743 3.9657156701743519 220 211 212 0.59792496670527784 16 462 22 118 5 1002 21 406 1 305 20 561 6 393 19 391 7 492 13 407 14 909 2 580 17 239 18 255
1282 -0.98650783888789495 3.4691435014893903 3.7771718880409342 90 85 50 0.52517464342594988 22 156 5 994 13 355 14 335 10 473
1280 -0.78205081727300207 3.8024523466523998 4.8525372306745336 90 98 91 1.8125554876744867 22 200 5 961
1279 -0.85840086142347438 3.3235807124812955 3.8545774855530084 236 222 203 0.83885395240688554 8 649 5 959 20 505
1278 -0.73758306634958415 3.4104127210323103 3.7933855956237768 165 153 100 0.68653652719318181 22 143 5 951 2 433 18 205 10 1111
1277 0.55862276983925385 4.3127547035832725 3.2354266577781847 255 153 126 0.44765755441766031 3 810 8 289 5 893 21 316
1276 1.0728306171348723 4.2013425135589815 3.2869408947402001 181 125 83 0.18892618630958605 16 251 5 867 21 279
1275 1.5432919391875659 3.9063045440969573 3.443193267741858 249 255 255 0.37259072552937783 8 755 5 819 1 131 20 77 12 1893 6 163 13 181 14 749
1274 1.2976587859417184 2.744849263548284 4.4417670619415937 140 132 135 1.1703904955022291 9 262 5 762 19 381
1273 0.21626642556211356 0.86966615242722156 5.1262038480906007 34 119 167 0.76425403310653384 4 198 5 737 1 84 20 302 19 875 16 542 7 1048 2 507 14 1338 15 1322 17 954
1272 0.11695141587835529 0.67923005534105785 5.2280406958397068 77 119 151 0.35955051822389583 16 544 5 736 19 913
1271 0.75704238749337549 0.76546302795081855 5.227909900446007 239 255 255 0.55464056824870678 4 816 16 506 5 710 20 183 14 1299
1270 0.66325403167820562 0.5942738099055741 5.2641170714489709 255 218 226 0.56232804222992527 16 508 5 705 1 46
1268 2.1055288238623286 0.44324652523075597 5.7465861159623133 154 152 144 0.7928091444660994 16 0 5 685 1 17 19 893
1267 -1.2625025382446429 2.0120062078921275 4.8565711220991927 74 65 65 1.0607703904394583 16 359 5 465 21 669
1265 0.5288979976054875 4.4182467206885301 3.1827673186939784 147 49 50 0.54701145911600424 22 445 5 434
1264 0.54578913262160866 4.3421833794927602 3.2143184527326745 255 158 142 0.43534227989757124 8 295 23 399 5 425
1262 1.4843549827416243 4.1214581994088499 3.3398489028569136 168 146 123 0.080106090951453171 16 186 5 301
1261 -0.021556636557923156 1.1868285675822858 5.0490787953257907 151 170 196 0.58815162540951926 3 648 5 195 21 111 11 912
1258 1.304716669175368 2.981975001981179 4.335816946341569 152 153 150 1.9007571895441404 16 1467 4 1905 8 1761 5 1913 21 1541 1 1194 20 1536 2 1772 22 1448
1257 2.5145059085862282 3.1066532043041644 4.1522442776551181 157 159 158 1.6779052248682254 9 1554 8 1724 4 1883 23 1689 3 1647 22 1404 16 1410 5 1851 1 1133 20 1467 6 1302 21 1497 19 1738 7 1904 13 1783 2 1666 14 2238 17 1887 18 1623
1256 -0.17558840148751825 2.6282455158408857 4.5307137076853108 151 153 150 1.4993459423633519 23 1188 11 1774 16 1121 9 1332 16 1297 1 1056 20 1303 14 2115
1255 -0.71108283526380756 1.674114111311392 4.9946226412134154 22 58 87 2.8442376360688995 9 1560 11 2206 23 1677 8 1736
1254 1.1063295685977856 4.4010120593084778 3.2100198584968509 28 17 13 1.8769259429793341 8 1709 4 1877 9 1570 16 1420
1253 1.3059981060097803 2.9845333495859436 4.3420146665954951 252 255 251 1.7875226579809307 22 1449 16 1466 4 1906 5 1914 21 1542 20 1537 2 1773
1252 -1.0638362988812851 3.2546978178222372 4.0349116501783717 92 107 89 1.0542319594247964 8 1757 16 1465 9 1596
1251 2.0698131344182507 2.9727067233313722 4.2804753265778759 108 111 110 1.7078945396956344 23 1717 6 1354 19 1779 7 1937 13 1851 14 2267
1246 -0.71583854698715443 0.89372087533388478 5.1583504154971616 84 221 255 0.68996618058656778 8 1241 16 1113 9 625 21 850
1244 0.61423837788331759 2.1287082939373589 4.8031903740900503 89 97 102 2.3181913837344648 23 1682 9 1553 3 1639 8 1733 16 1432 1 1177 20 1506 19 1765 13 1838 2 1727
1243 0.027901693833012851 2.138257983881553 4.8294151260486959 251 255 254 1.6555020277766275 23 1434 16 1108 9 929 23 1178 9 1326 22 972 5 1488 5 1752 21 1270 1 984 20 1101 6 1135 19 1270 19 1504 7 1672 7 1820 13 1448 13 1633 18 1566
1242 -0.33011745719120861 1.2720099207711131 4.9442126609655572 159 183 219 0.36788340772183359 8 972 4 1327 16 618 9 151 11 150 5 835
1241 1.5783827772509895 4.0899054425806405 3.3420416998031546 139 87 88 0.54026916733465391 9 803 8 1092 16 572 23 1131 22 672 3 883 5 832 21 638 1 143 20 73 18 107
1240 -0.40630198770997122 4.0055940984795164 3.4449644951686604 118 128 119 0.41353556477494874 9 999 23 1220 22 1031 3 1202 11 1613 16 891 8 1201 4 1325 5 1529 21 1123 1 672 20 975 6 636 19 752 7 918 13 795 14 1238 2 851 17 51 15 120
1237 -0.94263355011960581 3.4415050428985126 3.7877085514752142 109 116 104 0.58839747759867733 3 954 8 1253 16 1045 9 958 23 734 22 993 21 1118 20 1015 19 1055 7 1249 13 1095 14 1568 2 1148 17 1155 18 1197 10 1706
1236 -0.9390213979521741 3.4949123696247022 3.7578285153893005 237 232 209 0.81557925342601612 3 1335 8 1504 16 1248 9 1259 23 1357 22 1218 3 1155 21 1303 20 1329 19 1394 2 1417 6 1084
2484 0.34046379098586316 2.1213158110382375 3.9320853101433575 113 107 114 1.0137406729012268 22 521 18 1226
127 -0.66151563976605032 3.4823343375203395 3.7501432290415484 252 255 246 0.45285306459287289 9 964 23 1037 22 997 3 986 16 889 5 1390 21 933 20 808 6 820 19 1049 7 1242 2 876 17 1149 18 1050
1234 0.14242355714591254 1.0686113968370841 5.0783656212409127 242 255 255 0.38552730030617577 12 941 8 410 4 737 16 145 9 102 11 156 5 137
125 -0.70220688608088266 3.4426754469091372 3.7770829654772151 255 255 226 0.89498432875635248 9 960 23 1032 8 1015 11 1004 5 1391 21 1103 1 671 20 992 8 1227 19 1050 7 1435 13 1087 14 1560 2 884 2 1129 17 1152 18 1198
1233 1.7072782270171176 3.8250399435331 3.4921859950194936 241 245 251 0.44232445616341914 23 864 3 885 16 103 8 87 4 1270 5 200
124 -0.94263355011960581 3.4415050428985126 3.7877085514752142 128 141 132 0.58839747759867744 9 959 23 735 22 992 3 953 8 1254 16 1046 21 1117 20 1014 19 1054 7 1248 13 1094 14 1569 2 1147 17 1154 18 1196 10 1705
1232 0.1376318273381989 0.9544321415633632 5.3031539814964717 54 169 222 2.4362325437789889 8 1768 16 1473 5 1921 1 1199
1231 -0.34365972905752062 2.3217437327655688 4.7766708037558336 112 112 112 2.0816664484282223 8 1760 16 1471 9 1602 5 1918 21 1547 1 1195 20 1541 6 1380 19 1813 22 1453 7 1973 13 1880 2 1785 17 1945
540 1.7229215978018522 3.8355602277595158 3.4872619282676043 147 148 162 0.25985086455199147 23 466 3 519 12 1684 8 79 4 964
539 1.6919348840705373 3.8317135851437523 3.4875864555812819 146 143 166 0.3919889493708405 23 448 3 511 12 1679 11 1139
536 1.5240594707009554 4.1743193826949767 3.3080056366493911 251 204 156 1.1891751497522112 23 571 3 508
531 1.6051162990673806 3.891656533703264 3.4518821362655463 252 249 255 0.26472117606146633 23 459 3 492 12 1669 4 946 11 1147 15 59
530 1.5946810138086454 3.9054827007309374 3.4449425794866628 136 97 123 0.34766759968523681 23 464 3 488 8 105
529 1.4885380991675643 4.1303923246748058 3.3175544236646082 159 140 102 0.36374298984769116 23 551 3 487 12 1689 8 126 4 930 11 1222
528 1.4882945583307921 4.1308361966963183 3.3175443759307828 159 140 102 0.35715303868715009 23 550 3 486 8 127 4 929 11 1223
527 1.5789943408647611 3.9010187154253786 3.4459126221230783 241 243 255 0.21973277047519477 23 454 3 483 12 1338 8 112 4 942 11 1145
525 1.4555209297793412 4.1607262189867953 3.3041262124125947 179 49 42 0.9677470032976051 23 559 3 479 4 916
521 1.2318997741900428 4.1137618176597011 3.326580794582755 231 187 141 0.2884209465815285 23 479 3 420 12 1312 4 417
520 1.2184010198444366 4.1260055167392853 3.3231187876230126 254 222 178 0.16239097148254467 23 484 3 418 12 1311 11 643
516 1.1522181954439903 4.0818166136513154 3.3508427021371725 164 110 61 0.3591401525058634 22 303 3 396 8 196 4 885 5 339
515 1.1348490817592405 4.1077195907127066 3.3363113449203192 253 207 162 0.36341323590298585 23 435 3 393 12 1290 4 395 5 342
512 1.0048940215308004 4.1440730578466525 3.3197748083951932 147 97 43 0.21625530833356849 22 330 3 363 8 224 11 1142
510 0.95172693472447145 4.1883566363796625 3.2926310922255793 236 190 148 0.55500269654641055 22 345 3 352 12 1270 8 232 4 855 11 1158 5 380
509 -0.36672662312295085 4.3550872523922095 3.3175353762855893 141 170 141 0.59431710563662765 9 520 23 318 3 223 12 495
507 -0.35696433887775009 4.1540966851315906 3.3600287191780067 223 235 214 0.24783180257858056 9 462 4 80
505 -0.3077398679971769 3.8878625520358638 3.5141938148705325 222 182 158 0.048064399295116633 23 265 3 193 12 1165
504 0.60480405203046783 1.0921616710362991 5.3958857551517703 182 214 243 0.43231805726539108 23 98 3 183 4 321 12 1074 11 303
503 -0.47255538654960477 4.1547218143664608 3.3649939977787797 90 108 71 0.35452193806522092 23 283 3 180
495 -0.3382664431026724 1.4475540885367373 5.1128066144383242 43 97 145 0.25207924075328814 23 60 3 17 12 987 11 276 10 262
488 0.25558507652848456 2.1713251263129596 4.8092063420786646 254 255 251 1.4736575908758767 3 1652 8 1741 22 1421 4 1888 9 1576 16 1443 5 1898 21 1522 1 1178 20 1518 6 1359 19 1803 7 1958 2 1764 17 1925
487 1.7635378199225531 4.1898297163207605 3.377926322717248 174 40 36 1.5518615647097671 9 1558 3 1658 23 1707 12 2434
483 1.9879286364397508 2.3756594978058696 4.6327592229090362 166 166 168 0.71850344226141061 23 1533 22 1265 6 1177
479 1.1477383560199204 2.4777561807066033 4.6063522248369839 181 178 182 0.40148823832039371 23 225 22 46 21 136
455 0.70916741329983024 2.7136046280295352 4.4886262253306102 144 146 153 0.65302709913394563 9 1496 22 1366 18 1560
440 -0.82702381093159316 3.8224212114395604 3.5774011877065282 171 167 158 0.21379853352982578 9 1352 22 1289
439 -0.75786038025280689 3.7856642416810042 3.5777467681271662 77 130 103 1.2020207527298528 23 1531 22 1285 3 1442 12 2122 21 1377 5 1776 20 1317
438 -0.75238397938991242 3.7189649333074049 3.6201705709639671 254 255 242 0.70462940647861594 9 1350 22 1281 5 1772 21 1370 20 1316 6 1151 19 1487 13 1535 14 2006 2 1506 10 2174
436 -0.92796064337811301 3.5527504714121432 3.7204355307065327 113 144 102 0.82637226062174574 9 1342 22 1274 3 1338 12 1983 8 1503 16 1170 5 1777 21 1306 21 1369 23 1448 19 1387
435 -0.68876657240069616 3.3462001059038746 3.8481709519770368 240 225 182 1.122146388284101 9 1417 22 1272 5 1759 1 996
434 -1.0459491276875938 2.8867093119978557 4.091395333048494 108 121 116 0.88653050629115082 9 1333 23 1518 22 1266
432 0.3598217315473366 2.0098047340567744 4.8912816773823442 254 255 249 1.3218214160822428 9 1321 22 1264 5 1748 16 1286 20 1411 9 926
429 0.50545598116603241 4.3282617985380742 3.2341762418044815 237 70 72 0.43434731258391862 9 1287 22 1243 5 1585 6 945 7 1385 13 1244 14 1731
427 1.4708644824199937 4.0287110405923405 3.364441012062048 248 241 229 0.71733619766704648 23 1548 22 1226 8 1522 5 1484 1 766
426 -0.7604155434939156 3.4795386310662062 3.7525336443708524 254 255 241 0.39553717288418033 9 1258 22 1217 3 1349 8 1493 16 1235 5 1702 21 1291 1 937 20 1236 19 1389
416 -0.91095372034609523 3.2465851197814621 3.8954797434737531 137 167 145 0.72910278965420183 9 1248 22 1142 3 1332 5 1699 20 1327 6 1078 19 1397 7 1563 13 1432 14 1915 23 1190 2 1421
415 -0.18223099491230949 2.6252936596138636 4.531348940262002 254 255 247 1.2979455137314917 23 1187 22 1129 11 1773 16 1122 20 1302 14 2114
412 0.56162264276012985 4.325495310039428 3.2256744582795189 255 165 135 0.68704173987240635 9 1055 22 1073 3 1400 8 1330 5 1503 21 1098 1 644 6 598 11 1643 19 681 7 857 13 169 14 779 15 906
411 0.62385829342658683 4.3011731697487567 3.2363398896300737 255 180 161 0.70456847681679602 9 1186 22 1070 5 1502 1 641 6 594 19 683 7 1185 13 712 14 1191 2 811 18 636 11 1812 10 1907
409 0.564093179384063 4.266015194268534 3.2606343134422877 252 183 154 0.31823660954685357 23 1249 22 1066 1 642 6 597 13 718 2 265 18 997
408 -0.27303159770806135 4.2464951607143444 3.3627454316946346 158 187 162 0.55155728264008996 9 1181 22 1060 3 1221 12 2142 8 1187 4 1516
406 0.67108845182318266 4.1710113204059054 3.3087144385019136 207 90 93 0.78170470560359506 9 1177 22 1048 8 1442
405 1.4424181763719521 4.0889544431389293 3.340064187229467 255 252 220 0.34397316414063001 23 1404 22 1039 3 1279 12 2162 8 1300 11 1829 5 1330 19 677 7 803 6 535 13 146 14 743 2 169 17 670 18 1026
402 1.7862502279530672 3.9571157619193245 3.4119987298940564 202 128 136 0.35868298876395521 23 1407 22 1022 11 1948 20 619 17 1089
396 -0.73246080070882991 3.4438036785247568 3.77451510104166 138 152 124 0.38037461294896574 9 961 22 994 8 1019 16 898 5 1395 1 674 20 995 6 826 19 782 7 1246 13 1292 2 1131 17 1151 18 748 10 1473
395 -0.81537534447376092 3.2117171224066716 3.9342808389151167 144 164 151 1.1977686719716174 9 1132 22 987 20 1244 16 1228 6 980 19 1495 13 1542 2 1276
392 1.0919710206527879 4.3027667704490034 3.2366299909847402 199 123 93 0.60861678991173962 9 1052 22 916 8 1123 5 870
390 -0.15398266419837017 4.2158382156827496 3.3763382977939678 82 124 95 0.393767615395822 9 1032 22 902 3 1048 8 907 4 1121
389 1.0656887755771138 4.2218608095973273 3.2731095357096205 255 217 174 0.49027889940568231 23 1278 22 900 4 1562 19 140 6 231 14 56 15 14 18 42
388 -0.19961895658697171 4.2062653224949171 3.3694787102940094 154 190 165 0.36141215161239065 9 1031 22 899 16 698
387 -0.19844247718233438 4.2071064650395558 3.3729537286341733 154 190 165 0.19450247689780781 9 1030 22 898 3 1044 12 1836
386 1.1320368197434447 4.1873039726950969 3.2902690231212368 255 219 170 0.31617437290709455 9 821 22 891 3 1087 12 2030 8 1120 4 1426 11 1669 16 616 5 1164 21 671 1 182 20 135 19 147 18 54
385 1.1318712375694047 4.1869438693174157 3.2907769149412869 255 219 170 0.31483209846640625 9 820 22 890 3 1088 12 2031 11 1670 16 617 5 1165 1 183 20 136 19 146 18 53
383 -0.45440046490930963 4.1603967769238208 3.3699001411977951 255 255 198 0.43329297078606233 23 1056 22 887 6 653 19 746 2 848 17 21 18 634
371 -0.62834393137028188 3.71561523522732 3.6120302453007382 255 255 213 0.38724734817051565 9 750 22 820 3 707 8 1000 21 967 1 511 20 801 6 353 23 758 19 304 7 936 16 901 13 325 14 844 2 396 15 657 17 135 10 1504
364 1.200469222347597 4.2377019477417557 3.2642837930295756 161 87 53 0.17949960086718839 23 907 22 699 3 854 21 670
357 1.5663882573251966 3.9767889237126521 3.4005101510987448 175 116 120 0.44109278028473803 23 889 22 650 8 750 4 1260 11 1451 18 136
348 -0.7804767977527175 3.43423307418673 3.7812210992696693 143 154 138 0.50399973703327283 9 735 22 582 21 936 6 662 13 840 2 892
336 1.0402119175497726 4.1493834848304179 3.3150806561216766 183 121 72 0.2923391816695286 23 427 22 332 12 1638 4 868 11 1160 5 865
329 1.1981469407182652 4.121329297739484 3.3287290299227119 255 239 194 0.43152607041236163 23 873 22 314 8 184 11 632
325 1.4667950515670938 4.0510278362305598 3.3583280324709421 255 251 241 0.35924910234739216 23 892 22 292 3 469 12 1672 8 138 4 919 11 1458
324 1.0843781372863537 4.039301826096505 3.3835762251056005 253 221 180 0.28865682835700285 23 394 22 291 3 375
323 1.7667201844707083 4.0380919311034891 3.3720652533368152 158 104 107 0.56507947012136395 23 931 22 289 8 73 11 1228 4 973
322 1.028386371686294 4.0280647382468313 3.4036686513671053 100 71 61 0.40615954103153862 9 433 22 288 3 830 12 1262
321 1.4626809936268392 4.0067251989358388 3.3872576669849317 255 246 218 0.62356862700415128 9 431 22 286 8 762 4 1249
320 1.8690943240253308 3.9819050172243218 3.4049868618603343 181 96 102 0.69225859905293907 9 778 23 565 22 280 11 1485 19 145 7 131 17 55 15 39 18 167
319 1.4650817544645214 3.9535139644654738 3.4158609246058131 255 162 149 0.2506555422478618 23 444 22 275 12 1328 4 451
314 1.719825299256468 3.8502135840675353 3.4753286098284306 252 250 255 0.53291967904998516 23 874 22 238 3 888 8 81 4 963 5 201
307 -0.85234289101758243 3.2978339970513315 3.8624305164124251 170 169 146 0.48702753130141613 9 322 22 129 8 648 16 422 21 711 20 832 2 474 12 319 17 216 18 784 10 1102
301 1.6451346920826233 2.8827659408629609 4.3633758770669431 252 255 251 1.9929312975377595 9 1585 23 1715 22 1440 8 1745 3 1672 20 1513 6 1357 19 1782 7 1940 13 1836 2 1740 17 1905
298 0.053212383977721781 2.7220136913678048 4.4971533158006967 252 255 251 1.5187681214536533 9 1581 22 1437 3 1663 8 1754 4 1893 16 1462 5 1907 21 1533 1 1188 20 1531 19 1799 13 1866 2 1761 18 1654
295 1.2556217076815896 2.1998316392156534 4.7688442214487985 252 255 251 1.8068651918550342 9 1578 22 1435 3 1667 8 1750 4 1894 16 1455 21 1517 20 1516 6 1355 19 1801 13 1855 14 2296 7 1954 2 1754 18 1658 1 1182
280 1.5339063846792793 1.6539542126663183 5.0684919984658841 110 122 126 2.0088042031661097 9 1525 3 1622 8 1705 4 1865 23 1649 16 1412 5 1854 20 1469 1 1111 19 1708 7 1910
2620 -0.21561418247779235 11.509724539313931 19.492111509862411 0 0 0 1.718706365264326 1 1022 4 1623
263 0.88189261728547319 0.85948838018049134 5.2800439452881882 16 119 192 1.3008264940208312 9 1455 23 1617 8 1668 11 2134 12 2359
2483 -0.8452571129230767 3.0605361433456353 4.1358334747490595 173 174 150 0.14939637564951616 8 1234 17 1367 18 1224
126 -0.72857007793718698 3.4846081415513277 3.7500536446663584 249 255 249 0.44051559243905875 9 963 23 741 22 811 8 1018 5 1400 21 719 1 509 7 957 19 780 13 833 6 654 2 887
119 0.65448530588864018 0.9755360242761143 5.3232450694640212 190 221 253 0.54187192011249374 9 912 23 997 21 551
2471 0.64031445394724706 4.279087941618541 3.2551451445895374 158 64 52 0.85726967677799515 18 644 10 1546 22 911
114 1.1037258815654085 4.2243957614453764 3.269350940126404 255 235 203 0.39062353531643645 9 827 23 1111 22 695 3 1085 8 782 4 1232 11 1461 16 621 5 1169 21 276 1 186 20 662 14 48
2470 3.1619772961045745 2.5869993448047897 4.4587568067104995 132 133 124 1.0606607696439383 22 53 18 417
113 0.96852158957847989 4.2252243833002314 3.2706119337151738 153 84 56 0.3577034277816733 9 825 23 1101 22 905 3 1072 12 1863 8 1126 4 1415 11 1446 5 1175 1 196 20 155 19 148 18 38
112 1.1635097343976912 4.2153942888732505 3.276039864766064 178 124 82 0.30173416360430977 9 824 23 1122 22 694 3 1090 11 1468 16 615 5 1163 21 270 1 180 20 130 19 136 18 50
109 1.0433633718351287 4.1707340335609748 3.3027498845254004 255 222 185 0.48837665514821244 9 819 23 1098 22 687 3 1073 12 1867 8 1125 4 1417 11 1444 16 622 5 1170 21 676 1 188 14 72 2 213 10 1202
2466 -0.77434303999330534 3.2130891799628065 4.0288780589298785 189 187 166 0.27223923420355683 17 250 18 306
108 1.1902010273629799 4.1611913857928098 3.3046776568177254 255 232 200 0.25205475106523556 9 818 23 884 22 685 3 846 12 1877 8 772 11 1455 16 233 5 853 21 261
2465 -0.7655741046064396 3.2174823574079534 4.0119373195321524 122 115 88 0.048738220039264819 17 246 18 294
2464 2.0698042385224986 3.6422316246858504 3.462066825894365 0 0 0 0.12249907713084252 12 774 15 49
107 1.5668721323783996 4.1459647640973527 3.3256377511008215 149 43 45 0.37331511300269193 9 815 23 1305 22 879 12 2168 4 1261 11 1842 21 642
2463 -0.14305365000789069 3.6427649257081844 3.529803551894084 0 0 0 0.59748748368890015 4 655 17 111
106 1.5206565790243729 4.1265497649793721 3.3209507377319643 169 82 78 0.24466823148222325 9 813 23 554 22 680 8 120 4 1253 4 1451 11 1482 16 179 21 235
104 1.1479930525853614 4.1225672407936846 3.3263524936865543 143 94 64 0.32112069197205451 9 810 23 1100 22 682 3 1084 12 1869 8 777 4 1427 11 1443 16 613 5 1155 21 665 1 174 20 133 19 165 7 231 13 166 14 58 17 17 15 21 18 676
2461 1.1537145977274557 4.0482687973816267 3.60150176950942 72 72 71 0.36530690765643364 6 206 13 242 2 243 17 127 14 790 15 614 18 197
100 1.0983041113381284 4.0730235824285952 3.357793792817322 152 108 73 0.34922513545332223 9 799 23 835 22 671 3 1074 8 783 4 1230 11 1425 5 856 21 260 20 140
2457 -1.8434948856949263 8.1239001640559625 13.618005967753195 0 0 0 2.9965493797819169 5 1439 12 1945
